Area_Name,Year,Group_Name,Sub_Group_Name,Cases_Property_Recovered,Cases_Property_Stolen,Value_of_Property_Recovered,Value_of_Property_Stolen
Andaman & Nicobar Islands,2001,Cattle - Property,2. Cattle,0,1,0,1000
Andhra Pradesh,2001,Cattle - Property,2. Cattle,448,580,6490596,7233876
Arunachal Pradesh,2001,Cattle - Property,2. Cattle,22,34,135500,704500
Assam,2001,Cattle - Property,2. Cattle,149,322,683350,1816386
Bihar,2001,Cattle - Property,2. Cattle,144,334,896019,1911068
Chandigarh,2001,Cattle - Property,2. Cattle,2,2,50000,50000
Chhattisgarh,2001,Cattle - Property,2. Cattle,140,339,703066,1455696
Dadra & Nagar Haveli,2001,Cattle - Property,2. Cattle,0,0,0,0
Daman & Diu,2001,Cattle - Property,2. Cattle,0,0,0,0
Delhi,2001,Cattle - Property,2. Cattle,25,68,159500,1211300
Goa,2001,Cattle - Property,2. Cattle,2,3,23000,24925
Gujarat,2001,Cattle - Property,2. Cattle,134,232,898251,1803401
Haryana,2001,Cattle - Property,2. Cattle,145,202,3096900,4110000
Himachal Pradesh,2001,Cattle - Property,2. Cattle,6,12,47300,100100
Jammu & Kashmir,2001,Cattle - Property,2. Cattle,25,59,432600,927974
Jharkhand,2001,Cattle - Property,2. Cattle,42,64,217850,330651
Karnataka,2001,Cattle - Property,2. Cattle,202,289,1663720,2522080
Kerala,2001,Cattle - Property,2. Cattle,36,55,184150,357950
Lakshadweep,2001,Cattle - Property,2. Cattle,0,0,0,0
Madhya Pradesh,2001,Cattle - Property,2. Cattle,765,1642,6585421,12618836
Maharashtra,2001,Cattle - Property,2. Cattle,479,852,4925556,9173876
Manipur,2001,Cattle - Property,2. Cattle,4,4,43950,43950
Meghalaya,2001,Cattle - Property,2. Cattle,11,20,174625,388625
Mizoram,2001,Cattle - Property,2. Cattle,33,41,111350,139440
Nagaland,2001,Cattle - Property,2. Cattle,2,8,12700,967818
Odisha,2001,Cattle - Property,2. Cattle,151,216,662319,998153
Puducherry,2001,Cattle - Property,2. Cattle,5,5,31785,31785
Punjab,2001,Cattle - Property,2. Cattle,19,32,373000,674000
Rajasthan,2001,Cattle - Property,2. Cattle,378,682,5191636,7635876
Sikkim,2001,Cattle - Property,2. Cattle,0,0,0,0
Tamil Nadu,2001,Cattle - Property,2. Cattle,421,445,2858450,3214400
Tripura,2001,Cattle - Property,2. Cattle,5,16,40000,280500
Uttar Pradesh,2001,Cattle - Property,2. Cattle,571,1083,7229540,13432465
Uttarakhand,2001,Cattle - Property,2. Cattle,19,33,261500,427900
West Bengal,2001,Cattle - Property,2. Cattle,69,217,331165,1315380
Andaman & Nicobar Islands,2002,Cattle - Property,2. Cattle,0,0,0,0
Andhra Pradesh,2002,Cattle - Property,2. Cattle,516,640,6450766,7661100
Arunachal Pradesh,2002,Cattle - Property,2. Cattle,14,24,120000,183900
Assam,2002,Cattle - Property,2. Cattle,290,562,1260985,2875882
Bihar,2002,Cattle - Property,2. Cattle,143,366,847961,1916398
Chandigarh,2002,Cattle - Property,2. Cattle,1,1,25000,25000
Chhattisgarh,2002,Cattle - Property,2. Cattle,150,351,1825102,1995311
Dadra & Nagar Haveli,2002,Cattle - Property,2. Cattle,1,1,2500,2500
Daman & Diu,2002,Cattle - Property,2. Cattle,0,0,0,0
Delhi,2002,Cattle - Property,2. Cattle,3,31,45000,552100
Goa,2002,Cattle - Property,2. Cattle,0,0,0,0
Gujarat,2002,Cattle - Property,2. Cattle,147,274,888300,2761760
Haryana,2002,Cattle - Property,2. Cattle,118,162,2881000,3929300
Himachal Pradesh,2002,Cattle - Property,2. Cattle,10,17,99700,335500
Jammu & Kashmir,2002,Cattle - Property,2. Cattle,29,55,460300,562900
Jharkhand,2002,Cattle - Property,2. Cattle,38,99,146650,363402
Karnataka,2002,Cattle - Property,2. Cattle,228,325,3105356,5143796
Kerala,2002,Cattle - Property,2. Cattle,36,53,136546,173821
Lakshadweep,2002,Cattle - Property,2. Cattle,0,0,0,0
Madhya Pradesh,2002,Cattle - Property,2. Cattle,781,1619,7238663,13137343
Maharashtra,2002,Cattle - Property,2. Cattle,509,858,3511572,8090893
Manipur,2002,Cattle - Property,2. Cattle,0,2,0,14650
Meghalaya,2002,Cattle - Property,2. Cattle,5,16,86500,142000
Mizoram,2002,Cattle - Property,2. Cattle,4,6,17000,40000
Nagaland,2002,Cattle - Property,2. Cattle,1,2,20000,92000
Odisha,2002,Cattle - Property,2. Cattle,111,175,336135,495896
Puducherry,2002,Cattle - Property,2. Cattle,2,2,12600,12600
Punjab,2002,Cattle - Property,2. Cattle,28,51,702600,1329100
Rajasthan,2002,Cattle - Property,2. Cattle,382,650,4504270,6604061
Sikkim,2002,Cattle - Property,2. Cattle,1,1,2000,2000
Tamil Nadu,2002,Cattle - Property,2. Cattle,551,570,3896707,4182707
Tripura,2002,Cattle - Property,2. Cattle,3,5,15000,379000
Uttar Pradesh,2002,Cattle - Property,2. Cattle,475,731,6369736,8686255
Uttarakhand,2002,Cattle - Property,2. Cattle,23,32,304500,418500
West Bengal,2002,Cattle - Property,2. Cattle,54,227,271600,976625
Andaman & Nicobar Islands,2003,Cattle - Property,2. Cattle,1,1,1000,1000
Andhra Pradesh,2003,Cattle - Property,2. Cattle,435,589,5633230,6945494
Arunachal Pradesh,2003,Cattle - Property,2. Cattle,5,8,36000,67800
Assam,2003,Cattle - Property,2. Cattle,197,492,736368,2590673
Bihar,2003,Cattle - Property,2. Cattle,123,362,526508,2409618
Chandigarh,2003,Cattle - Property,2. Cattle,0,0,0,0
Chhattisgarh,2003,Cattle - Property,2. Cattle,129,270,842600,1765851
Dadra & Nagar Haveli,2003,Cattle - Property,2. Cattle,0,0,0,0
Daman & Diu,2003,Cattle - Property,2. Cattle,0,0,0,0
Delhi,2003,Cattle - Property,2. Cattle,5,20,161800,596900
Goa,2003,Cattle - Property,2. Cattle,1,1,6000,6000
Gujarat,2003,Cattle - Property,2. Cattle,132,227,1072250,2872925
Haryana,2003,Cattle - Property,2. Cattle,138,178,3028082,3915282
Himachal Pradesh,2003,Cattle - Property,2. Cattle,16,24,199770,376484
Jammu & Kashmir,2003,Cattle - Property,2. Cattle,31,61,376100,563800
Jharkhand,2003,Cattle - Property,2. Cattle,57,148,225606,585841
Karnataka,2003,Cattle - Property,2. Cattle,165,255,1314715,2631285
Kerala,2003,Cattle - Property,2. Cattle,30,42,96850,386776
Lakshadweep,2003,Cattle - Property,2. Cattle,0,0,0,0
Madhya Pradesh,2003,Cattle - Property,2. Cattle,648,1415,5760664,11331519
Maharashtra,2003,Cattle - Property,2. Cattle,443,753,3435890,7112529
Manipur,2003,Cattle - Property,2. Cattle,1,6,19000,133000
Meghalaya,2003,Cattle - Property,2. Cattle,2,6,12900,37900
Mizoram,2003,Cattle - Property,2. Cattle,19,23,158199,210000
Nagaland,2003,Cattle - Property,2. Cattle,2,2,12400,12400
Odisha,2003,Cattle - Property,2. Cattle,130,196,407959,612469
Puducherry,2003,Cattle - Property,2. Cattle,3,3,3900,12100
Punjab,2003,Cattle - Property,2. Cattle,38,50,1004400,1243250
Rajasthan,2003,Cattle - Property,2. Cattle,297,649,4496450,9220750
Sikkim,2003,Cattle - Property,2. Cattle,1,1,6000,22000
Tamil Nadu,2003,Cattle - Property,2. Cattle,478,492,3669300,3829358
Tripura,2003,Cattle - Property,2. Cattle,8,14,49000,140500
Uttar Pradesh,2003,Cattle - Property,2. Cattle,251,360,3943500,4938600
Uttarakhand,2003,Cattle - Property,2. Cattle,11,23,168000,317400
West Bengal,2003,Cattle - Property,2. Cattle,52,221,327900,923275
Andaman & Nicobar Islands,2004,Cattle - Property,2. Cattle,1,1,1000,1000
Andhra Pradesh,2004,Cattle - Property,2. Cattle,443,559,6382872,8724125
Arunachal Pradesh,2004,Cattle - Property,2. Cattle,17,22,147500,221500
Assam,2004,Cattle - Property,2. Cattle,170,467,627700,1288236
Bihar,2004,Cattle - Property,2. Cattle,82,292,456957,1858425
Chandigarh,2004,Cattle - Property,2. Cattle,0,0,0,0
Chhattisgarh,2004,Cattle - Property,2. Cattle,93,245,579728,1579910
Dadra & Nagar Haveli,2004,Cattle - Property,2. Cattle,0,0,0,0
Daman & Diu,2004,Cattle - Property,2. Cattle,0,0,0,0
Delhi,2004,Cattle - Property,2. Cattle,6,29,47800,813900
Goa,2004,Cattle - Property,2. Cattle,2,2,73500,78000
Gujarat,2004,Cattle - Property,2. Cattle,122,227,905721,2909279
Haryana,2004,Cattle - Property,2. Cattle,124,171,2937700,3594000
Himachal Pradesh,2004,Cattle - Property,2. Cattle,15,20,212650,260200
Jammu & Kashmir,2004,Cattle - Property,2. Cattle,34,60,623800,1342450
Jharkhand,2004,Cattle - Property,2. Cattle,38,99,146650,363402
Karnataka,2004,Cattle - Property,2. Cattle,210,309,1769420,3365612
Kerala,2004,Cattle - Property,2. Cattle,39,66,189800,384850
Lakshadweep,2004,Cattle - Property,2. Cattle,0,0,0,0
Madhya Pradesh,2004,Cattle - Property,2. Cattle,765,1580,8500012,14877123
Maharashtra,2004,Cattle - Property,2. Cattle,477,805,3618730,7443005
Manipur,2004,Cattle - Property,2. Cattle,0,0,0,0
Meghalaya,2004,Cattle - Property,2. Cattle,4,4,57250,57250
Mizoram,2004,Cattle - Property,2. Cattle,0,0,0,0
Nagaland,2004,Cattle - Property,2. Cattle,2,5,13000,18500
Odisha,2004,Cattle - Property,2. Cattle,122,202,502900,1068186
Puducherry,2004,Cattle - Property,2. Cattle,4,4,55000,55000
Punjab,2004,Cattle - Property,2. Cattle,38,43,725200,891300
Rajasthan,2004,Cattle - Property,2. Cattle,348,589,5191432,7459930
Sikkim,2004,Cattle - Property,2. Cattle,1,1,10000,10000
Tamil Nadu,2004,Cattle - Property,2. Cattle,521,531,4540500,4658850
Tripura,2004,Cattle - Property,2. Cattle,3,9,25000,86000
Uttar Pradesh,2004,Cattle - Property,2. Cattle,382,596,6258300,8772900
Uttarakhand,2004,Cattle - Property,2. Cattle,15,28,317500,457200
West Bengal,2004,Cattle - Property,2. Cattle,47,181,220920,787650
Andaman & Nicobar Islands,2005,Cattle - Property,2. Cattle,0,0,0,0
Andhra Pradesh,2005,Cattle - Property,2. Cattle,467,609,6568443,10047783
Arunachal Pradesh,2005,Cattle - Property,2. Cattle,8,16,334000,403500
Assam,2005,Cattle - Property,2. Cattle,132,282,693900,1283000
Bihar,2005,Cattle - Property,2. Cattle,84,351,591480,2277664
Chandigarh,2005,Cattle - Property,2. Cattle,0,0,0,0
Chhattisgarh,2005,Cattle - Property,2. Cattle,101,225,1246220,2595679
Dadra & Nagar Haveli,2005,Cattle - Property,2. Cattle,0,0,0,0
Daman & Diu,2005,Cattle - Property,2. Cattle,0,0,0,0
Delhi,2005,Cattle - Property,2. Cattle,15,44,172950,1096500
Goa,2005,Cattle - Property,2. Cattle,0,0,0,0
Gujarat,2005,Cattle - Property,2. Cattle,102,189,962350,2604630
Haryana,2005,Cattle - Property,2. Cattle,133,207,4228800,5336800
Himachal Pradesh,2005,Cattle - Property,2. Cattle,13,19,359500,499500
Jammu & Kashmir,2005,Cattle - Property,2. Cattle,49,70,691500,1007500
Jharkhand,2005,Cattle - Property,2. Cattle,28,69,555490,563760
Karnataka,2005,Cattle - Property,2. Cattle,173,273,1978300,3158571
Kerala,2005,Cattle - Property,2. Cattle,48,61,223210,307310
Lakshadweep,2005,Cattle - Property,2. Cattle,0,0,0,0
Madhya Pradesh,2005,Cattle - Property,2. Cattle,606,1170,6709241,14159270
Maharashtra,2005,Cattle - Property,2. Cattle,546,874,4190179,8812636
Manipur,2005,Cattle - Property,2. Cattle,1,3,22000,37000
Meghalaya,2005,Cattle - Property,2. Cattle,7,19,75500,117700
Mizoram,2005,Cattle - Property,2. Cattle,0,0,0,0
Nagaland,2005,Cattle - Property,2. Cattle,3,6,9500,13000
Odisha,2005,Cattle - Property,2. Cattle,116,173,583479,1118952
Puducherry,2005,Cattle - Property,2. Cattle,3,3,16600,16600
Punjab,2005,Cattle - Property,2. Cattle,47,61,1063800,1378100
Rajasthan,2005,Cattle - Property,2. Cattle,285,494,5210200,10180200
Sikkim,2005,Cattle - Property,2. Cattle,0,3,0,134000
Tamil Nadu,2005,Cattle - Property,2. Cattle,418,430,3898240,4075120
Tripura,2005,Cattle - Property,2. Cattle,4,6,23000,35000
Uttar Pradesh,2005,Cattle - Property,2. Cattle,330,494,5924200,8160300
Uttarakhand,2005,Cattle - Property,2. Cattle,7,13,248000,471000
West Bengal,2005,Cattle - Property,2. Cattle,59,197,205350,782121
Andaman & Nicobar Islands,2006,Cattle - Property,2. Cattle,0,0,0,0
Andhra Pradesh,2006,Cattle - Property,2. Cattle,449,598,7594405,9928645
Arunachal Pradesh,2006,Cattle - Property,2. Cattle,19,22,155700,187200
Assam,2006,Cattle - Property,2. Cattle,139,333,688000,1401645
Bihar,2006,Cattle - Property,2. Cattle,101,296,825272,2433400
Chandigarh,2006,Cattle - Property,2. Cattle,2,2,35000,35000
Chhattisgarh,2006,Cattle - Property,2. Cattle,108,256,1132160,2092621
Dadra & Nagar Haveli,2006,Cattle - Property,2. Cattle,0,0,0,0
Daman & Diu,2006,Cattle - Property,2. Cattle,1,1,19200,19200
Delhi,2006,Cattle - Property,2. Cattle,8,23,111500,1037500
Goa,2006,Cattle - Property,2. Cattle,0,0,0,0
Gujarat,2006,Cattle - Property,2. Cattle,125,215,1120650,2266890
Haryana,2006,Cattle - Property,2. Cattle,135,195,3549500,4620600
Himachal Pradesh,2006,Cattle - Property,2. Cattle,11,16,79500,165100
Jammu & Kashmir,2006,Cattle - Property,2. Cattle,40,80,954600,1784000
Jharkhand,2006,Cattle - Property,2. Cattle,90,307,837140,2457800
Karnataka,2006,Cattle - Property,2. Cattle,180,252,2264531,3451281
Kerala,2006,Cattle - Property,2. Cattle,40,52,213150,276650
Lakshadweep,2006,Cattle - Property,2. Cattle,0,0,0,0
Madhya Pradesh,2006,Cattle - Property,2. Cattle,637,1281,7837025,14136881
Maharashtra,2006,Cattle - Property,2. Cattle,450,858,4229456,10684988
Manipur,2006,Cattle - Property,2. Cattle,2,10,43000,91600
Meghalaya,2006,Cattle - Property,2. Cattle,5,22,101700,136000
Mizoram,2006,Cattle - Property,2. Cattle,7,7,111774,111776
Nagaland,2006,Cattle - Property,2. Cattle,1,3,3500,6700
Odisha,2006,Cattle - Property,2. Cattle,90,132,331160,436850
Puducherry,2006,Cattle - Property,2. Cattle,2,2,15000,15000
Punjab,2006,Cattle - Property,2. Cattle,40,59,752200,1595000
Rajasthan,2006,Cattle - Property,2. Cattle,298,437,5587850,7182200
Sikkim,2006,Cattle - Property,2. Cattle,2,2,9000,14000
Tamil Nadu,2006,Cattle - Property,2. Cattle,283,289,2678200,2874550
Tripura,2006,Cattle - Property,2. Cattle,5,23,8000,59000
Uttar Pradesh,2006,Cattle - Property,2. Cattle,328,477,5325100,7694900
Uttarakhand,2006,Cattle - Property,2. Cattle,12,16,272000,343000
West Bengal,2006,Cattle - Property,2. Cattle,43,124,153080,1100500
Andaman & Nicobar Islands,2007,Cattle - Property,2. Cattle,0,0,0,0
Andhra Pradesh,2007,Cattle - Property,2. Cattle,483,593,8982110,11289433
Arunachal Pradesh,2007,Cattle - Property,2. Cattle,24,39,571900,1562400
Assam,2007,Cattle - Property,2. Cattle,170,392,554900,1477000
Bihar,2007,Cattle - Property,2. Cattle,67,261,542413,2239425
Chandigarh,2007,Cattle - Property,2. Cattle,1,1,30000,30000
Chhattisgarh,2007,Cattle - Property,2. Cattle,86,197,979069,1776946
Dadra & Nagar Haveli,2007,Cattle - Property,2. Cattle,0,0,0,0
Daman & Diu,2007,Cattle - Property,2. Cattle,0,0,0,0
Delhi,2007,Cattle - Property,2. Cattle,11,28,126900,795200
Goa,2007,Cattle - Property,2. Cattle,1,1,35000,35000
Gujarat,2007,Cattle - Property,2. Cattle,98,195,724200,2055690
Haryana,2007,Cattle - Property,2. Cattle,135,236,3723550,5668320
Himachal Pradesh,2007,Cattle - Property,2. Cattle,3,4,121000,131500
Jammu & Kashmir,2007,Cattle - Property,2. Cattle,40,84,640300,1435175
Jharkhand,2007,Cattle - Property,2. Cattle,66,264,1143085,1744965
Karnataka,2007,Cattle - Property,2. Cattle,181,245,2191260,3643970
Kerala,2007,Cattle - Property,2. Cattle,27,43,149650,335075
Lakshadweep,2007,Cattle - Property,2. Cattle,0,0,0,0
Madhya Pradesh,2007,Cattle - Property,2. Cattle,628,1171,11455773,19793655
Maharashtra,2007,Cattle - Property,2. Cattle,476,817,6210108,16854368
Manipur,2007,Cattle - Property,2. Cattle,2,4,16000,104000
Meghalaya,2007,Cattle - Property,2. Cattle,15,19,141500,169000
Mizoram,2007,Cattle - Property,2. Cattle,8,10,122500,166500
Nagaland,2007,Cattle - Property,2. Cattle,3,3,8000,12000
Odisha,2007,Cattle - Property,2. Cattle,83,137,27861,404310
Puducherry,2007,Cattle - Property,2. Cattle,4,4,28500,28500
Punjab,2007,Cattle - Property,2. Cattle,50,67,3442700,2477800
Rajasthan,2007,Cattle - Property,2. Cattle,261,415,5579160,7647730
Sikkim,2007,Cattle - Property,2. Cattle,1,1,10000,10000
Tamil Nadu,2007,Cattle - Property,2. Cattle,288,297,3219300,3358300
Tripura,2007,Cattle - Property,2. Cattle,14,32,158500,275000
Uttar Pradesh,2007,Cattle - Property,2. Cattle,334,509,6037500,8621500
Uttarakhand,2007,Cattle - Property,2. Cattle,14,21,319000,394000
West Bengal,2007,Cattle - Property,2. Cattle,36,82,313805,844605
Andaman & Nicobar Islands,2008,Cattle - Property,2. Cattle,2,3,28600,50600
Andhra Pradesh,2008,Cattle - Property,2. Cattle,438,511,12589120,15365950
Arunachal Pradesh,2008,Cattle - Property,2. Cattle,11,12,261500,263057
Assam,2008,Cattle - Property,2. Cattle,365,590,918830,1790180
Bihar,2008,Cattle - Property,2. Cattle,68,282,565072,1957632
Chandigarh,2008,Cattle - Property,2. Cattle,1,4,50000,135000
Chhattisgarh,2008,Cattle - Property,2. Cattle,78,182,872382,1844717
Dadra & Nagar Haveli,2008,Cattle - Property,2. Cattle,0,0,0,0
Daman & Diu,2008,Cattle - Property,2. Cattle,0,0,0,0
Delhi,2008,Cattle - Property,2. Cattle,5,22,42000,338000
Goa,2008,Cattle - Property,2. Cattle,2,4,19000,42000
Gujarat,2008,Cattle - Property,2. Cattle,119,231,1101170,3075870
Haryana,2008,Cattle - Property,2. Cattle,128,309,4436500,8906000
Himachal Pradesh,2008,Cattle - Property,2. Cattle,9,17,79200,215200
Jammu & Kashmir,2008,Cattle - Property,2. Cattle,38,67,779200,1469200
Jharkhand,2008,Cattle - Property,2. Cattle,35,88,329290,1009110
Karnataka,2008,Cattle - Property,2. Cattle,164,241,2517965,4877650
Kerala,2008,Cattle - Property,2. Cattle,28,40,135500,249000
Lakshadweep,2008,Cattle - Property,2. Cattle,0,0,0,0
Madhya Pradesh,2008,Cattle - Property,2. Cattle,592,1126,11251448,21146251
Maharashtra,2008,Cattle - Property,2. Cattle,487,896,7524974,19180448
Manipur,2008,Cattle - Property,2. Cattle,0,5,0,51000
Meghalaya,2008,Cattle - Property,2. Cattle,10,13,78500,168100
Mizoram,2008,Cattle - Property,2. Cattle,11,11,148800,148800
Nagaland,2008,Cattle - Property,2. Cattle,1,1,1500,1500
Odisha,2008,Cattle - Property,2. Cattle,79,149,426625,771610
Puducherry,2008,Cattle - Property,2. Cattle,6,7,148000,158000
Punjab,2008,Cattle - Property,2. Cattle,57,100,2456042,4672269
Rajasthan,2008,Cattle - Property,2. Cattle,256,424,8042500,10633600
Sikkim,2008,Cattle - Property,2. Cattle,0,0,0,0
Tamil Nadu,2008,Cattle - Property,2. Cattle,297,317,2968050,3174100
Tripura,2008,Cattle - Property,2. Cattle,14,24,129000,189900
Uttar Pradesh,2008,Cattle - Property,2. Cattle,427,696,10036300,13669900
Uttarakhand,2008,Cattle - Property,2. Cattle,24,44,3209500,6882500
West Bengal,2008,Cattle - Property,2. Cattle,37,106,194578,451264
Andaman & Nicobar Islands,2009,Cattle - Property,2. Cattle,0,0,0,0
Andhra Pradesh,2009,Cattle - Property,2. Cattle,435,556,12262020,17689820
Arunachal Pradesh,2009,Cattle - Property,2. Cattle,16,20,972300,982800
Assam,2009,Cattle - Property,2. Cattle,323,622,2158100,4290476
Bihar,2009,Cattle - Property,2. Cattle,79,257,771390,3170331
Chandigarh,2009,Cattle - Property,2. Cattle,0,1,0,25000
Chhattisgarh,2009,Cattle - Property,2. Cattle,60,163,1455030,3711630
Dadra & Nagar Haveli,2009,Cattle - Property,2. Cattle,0,0,0,0
Daman & Diu,2009,Cattle - Property,2. Cattle,0,0,0,0
Delhi,2009,Cattle - Property,2. Cattle,6,38,320000,1640000
Goa,2009,Cattle - Property,2. Cattle,2,2,40000,40000
Gujarat,2009,Cattle - Property,2. Cattle,99,217,1508600,4401540
Haryana,2009,Cattle - Property,2. Cattle,115,302,4041500,8571500
Himachal Pradesh,2009,Cattle - Property,2. Cattle,4,6,49500,111500
Jammu & Kashmir,2009,Cattle - Property,2. Cattle,42,73,890650,1783050
Jharkhand,2009,Cattle - Property,2. Cattle,25,53,231580,499040
Karnataka,2009,Cattle - Property,2. Cattle,154,244,3071240,4863072
Kerala,2009,Cattle - Property,2. Cattle,19,29,136500,273500
Lakshadweep,2009,Cattle - Property,2. Cattle,0,0,0,0
Madhya Pradesh,2009,Cattle - Property,2. Cattle,583,1033,12559187,21660806
Maharashtra,2009,Cattle - Property,2. Cattle,464,848,11026564,22774016
Manipur,2009,Cattle - Property,2. Cattle,2,14,45000,438500
Meghalaya,2009,Cattle - Property,2. Cattle,9,16,152900,265900
Mizoram,2009,Cattle - Property,2. Cattle,24,32,2909892,5346206
Nagaland,2009,Cattle - Property,2. Cattle,3,6,13600,56600
Odisha,2009,Cattle - Property,2. Cattle,77,112,672878,916658
Puducherry,2009,Cattle - Property,2. Cattle,4,4,23200,23200
Punjab,2009,Cattle - Property,2. Cattle,37,64,1059780,2835279
Rajasthan,2009,Cattle - Property,2. Cattle,238,471,7191700,11567910
Sikkim,2009,Cattle - Property,2. Cattle,0,0,0,0
Tamil Nadu,2009,Cattle - Property,2. Cattle,386,431,4466200,5211300
Tripura,2009,Cattle - Property,2. Cattle,15,27,118000,222000
Uttar Pradesh,2009,Cattle - Property,2. Cattle,473,818,11587600,18467935
Uttarakhand,2009,Cattle - Property,2. Cattle,22,31,376000,499000
West Bengal,2009,Cattle - Property,2. Cattle,17,81,137000,541350
Andaman & Nicobar Islands,2010,Cattle - Property,2. Cattle,2,2,16000,16000
Andhra Pradesh,2010,Cattle - Property,2. Cattle,387,476,10429060,12249530
Arunachal Pradesh,2010,Cattle - Property,2. Cattle,21,34,906370,1748700
Assam,2010,Cattle - Property,2. Cattle,142,346,4955130,6283060
Bihar,2010,Cattle - Property,2. Cattle,73,272,1076460,3895005
Chandigarh,2010,Cattle - Property,2. Cattle,2,5,202000,304000
Chhattisgarh,2010,Cattle - Property,2. Cattle,64,187,1098000,3561800
Dadra & Nagar Haveli,2010,Cattle - Property,2. Cattle,0,0,0,0
Daman & Diu,2010,Cattle - Property,2. Cattle,0,0,0,0
Delhi,2010,Cattle - Property,2. Cattle,1,24,172000,1487000
Goa,2010,Cattle - Property,2. Cattle,4,4,76000,76000
Gujarat,2010,Cattle - Property,2. Cattle,80,197,1209020,4081020
Haryana,2010,Cattle - Property,2. Cattle,107,405,3715000,11383600
Himachal Pradesh,2010,Cattle - Property,2. Cattle,18,20,477000,539500
Jammu & Kashmir,2010,Cattle - Property,2. Cattle,33,67,1033550,1686050
Jharkhand,2010,Cattle - Property,2. Cattle,17,85,284365,2627625
Karnataka,2010,Cattle - Property,2. Cattle,181,246,4361813,6089440
Kerala,2010,Cattle - Property,2. Cattle,26,34,221200,394200
Lakshadweep,2010,Cattle - Property,2. Cattle,0,0,0,0
Madhya Pradesh,2010,Cattle - Property,2. Cattle,520,931,16377598,27403665
Maharashtra,2010,Cattle - Property,2. Cattle,372,747,6452139,25097573
Manipur,2010,Cattle - Property,2. Cattle,2,11,75000,264800
Meghalaya,2010,Cattle - Property,2. Cattle,3,7,61000,130000
Mizoram,2010,Cattle - Property,2. Cattle,12,13,54800,54800
Nagaland,2010,Cattle - Property,2. Cattle,1,5,17000,92000
Odisha,2010,Cattle - Property,2. Cattle,53,81,890585,2835545
Puducherry,2010,Cattle - Property,2. Cattle,3,3,7500,7500
Punjab,2010,Cattle - Property,2. Cattle,49,107,2341700,6045200
Rajasthan,2010,Cattle - Property,2. Cattle,212,416,8199600,12924900
Sikkim,2010,Cattle - Property,2. Cattle,0,1,0,25000
Tamil Nadu,2010,Cattle - Property,2. Cattle,347,387,4526955,5192634
Tripura,2010,Cattle - Property,2. Cattle,13,26,286000,625000
Uttar Pradesh,2010,Cattle - Property,2. Cattle,457,750,14040600,21915300
Uttarakhand,2010,Cattle - Property,2. Cattle,25,31,785000,960000
West Bengal,2010,Cattle - Property,2. Cattle,78,215,307820,1194845
Andaman & Nicobar Islands,2001,Communication and Electricity Wire - Property,1. Communation and Electricity Wire,2,4,3600,18560
Andhra Pradesh,2001,Communication and Electricity Wire - Property,1. Communation and Electricity Wire,543,910,8760016,12225763
Arunachal Pradesh,2001,Communication and Electricity Wire - Property,1. Communation and Electricity Wire,10,46,203800,1544330
Assam,2001,Communication and Electricity Wire - Property,1. Communation and Electricity Wire,45,131,780934,3135245
Bihar,2001,Communication and Electricity Wire - Property,1. Communation and Electricity Wire,70,378,546668,3805708
Chandigarh,2001,Communication and Electricity Wire - Property,1. Communation and Electricity Wire,0,4,0,19400
Chhattisgarh,2001,Communication and Electricity Wire - Property,1. Communation and Electricity Wire,59,294,960450,2679885
Dadra & Nagar Haveli,2001,Communication and Electricity Wire - Property,1. Communation and Electricity Wire,6,7,348792,357392
Daman & Diu,2001,Communication and Electricity Wire - Property,1. Communation and Electricity Wire,2,8,129500,420193
Delhi,2001,Communication and Electricity Wire - Property,1. Communation and Electricity Wire,11,46,10800,1538695
Goa,2001,Communication and Electricity Wire - Property,1. Communation and Electricity Wire,4,29,55000,510218
Gujarat,2001,Communication and Electricity Wire - Property,1. Communation and Electricity Wire,137,530,738140,5101035
Haryana,2001,Communication and Electricity Wire - Property,1. Communation and Electricity Wire,274,819,3401993,15528710
Himachal Pradesh,2001,Communication and Electricity Wire - Property,1. Communation and Electricity Wire,23,95,402062,2087659
Jammu & Kashmir,2001,Communication and Electricity Wire - Property,1. Communation and Electricity Wire,6,28,80000,173150
Jharkhand,2001,Communication and Electricity Wire - Property,1. Communation and Electricity Wire,78,291,1189782,5065919
Karnataka,2001,Communication and Electricity Wire - Property,1. Communation and Electricity Wire,179,701,961899,5345576
Kerala,2001,Communication and Electricity Wire - Property,1. Communation and Electricity Wire,39,139,291650,2199785
Lakshadweep,2001,Communication and Electricity Wire - Property,1. Communation and Electricity Wire,0,0,0,0
Madhya Pradesh,2001,Communication and Electricity Wire - Property,1. Communation and Electricity Wire,244,944,2080893,9066375
Maharashtra,2001,Communication and Electricity Wire - Property,1. Communation and Electricity Wire,301,1862,5770996,36872564
Manipur,2001,Communication and Electricity Wire - Property,1. Communation and Electricity Wire,2,34,61751,974398
Meghalaya,2001,Communication and Electricity Wire - Property,1. Communation and Electricity Wire,7,14,245800,373300
Mizoram,2001,Communication and Electricity Wire - Property,1. Communation and Electricity Wire,14,15,180805,269735
Nagaland,2001,Communication and Electricity Wire - Property,1. Communation and Electricity Wire,2,14,117380,406390
Odisha,2001,Communication and Electricity Wire - Property,1. Communation and Electricity Wire,133,318,1846408,4061295
Puducherry,2001,Communication and Electricity Wire - Property,1. Communation and Electricity Wire,8,29,53670,185271
Punjab,2001,Communication and Electricity Wire - Property,1. Communation and Electricity Wire,20,73,410360,1478225
Rajasthan,2001,Communication and Electricity Wire - Property,1. Communation and Electricity Wire,137,864,3226598,10495555
Sikkim,2001,Communication and Electricity Wire - Property,1. Communation and Electricity Wire,2,4,351900,1200406
Tamil Nadu,2001,Communication and Electricity Wire - Property,1. Communation and Electricity Wire,698,990,4231156,6614058
Tripura,2001,Communication and Electricity Wire - Property,1. Communation and Electricity Wire,2,8,12150,914822
Uttar Pradesh,2001,Communication and Electricity Wire - Property,1. Communation and Electricity Wire,615,2110,15277300,59505399
Uttarakhand,2001,Communication and Electricity Wire - Property,1. Communation and Electricity Wire,10,22,87300,472768
West Bengal,2001,Communication and Electricity Wire - Property,1. Communation and Electricity Wire,114,682,988478,7057102
Andaman & Nicobar Islands,2002,Communication and Electricity Wire - Property,1. Communation and Electricity Wire,0,2,0,42200
Andhra Pradesh,2002,Communication and Electricity Wire - Property,1. Communation and Electricity Wire,459,810,4949288,7767623
Arunachal Pradesh,2002,Communication and Electricity Wire - Property,1. Communation and Electricity Wire,12,32,312252,931084
Assam,2002,Communication and Electricity Wire - Property,1. Communation and Electricity Wire,40,136,326567,1343727
Bihar,2002,Communication and Electricity Wire - Property,1. Communation and Electricity Wire,83,419,585974,4332480
Chandigarh,2002,Communication and Electricity Wire - Property,1. Communation and Electricity Wire,3,12,52000,128500
Chhattisgarh,2002,Communication and Electricity Wire - Property,1. Communation and Electricity Wire,75,235,923879,2302199
Dadra & Nagar Haveli,2002,Communication and Electricity Wire - Property,1. Communation and Electricity Wire,3,10,80000,3549240
Daman & Diu,2002,Communication and Electricity Wire - Property,1. Communation and Electricity Wire,2,5,69000,407437
Delhi,2002,Communication and Electricity Wire - Property,1. Communation and Electricity Wire,16,47,414500,2298036
Goa,2002,Communication and Electricity Wire - Property,1. Communation and Electricity Wire,6,24,120050,476160
Gujarat,2002,Communication and Electricity Wire - Property,1. Communation and Electricity Wire,147,578,1875347,8915036
Haryana,2002,Communication and Electricity Wire - Property,1. Communation and Electricity Wire,215,758,4138159,14310459
Himachal Pradesh,2002,Communication and Electricity Wire - Property,1. Communation and Electricity Wire,13,82,339110,2521348
Jammu & Kashmir,2002,Communication and Electricity Wire - Property,1. Communation and Electricity Wire,6,43,33620,212435
Jharkhand,2002,Communication and Electricity Wire - Property,1. Communation and Electricity Wire,88,390,535252,5182659
Karnataka,2002,Communication and Electricity Wire - Property,1. Communation and Electricity Wire,171,783,2215421,28431932
Kerala,2002,Communication and Electricity Wire - Property,1. Communation and Electricity Wire,33,132,359073,2248006
Lakshadweep,2002,Communication and Electricity Wire - Property,1. Communation and Electricity Wire,1,1,10500,10500
Madhya Pradesh,2002,Communication and Electricity Wire - Property,1. Communation and Electricity Wire,228,917,2070911,8632113
Maharashtra,2002,Communication and Electricity Wire - Property,1. Communation and Electricity Wire,275,1693,4177157,72745643
Manipur,2002,Communication and Electricity Wire - Property,1. Communation and Electricity Wire,0,37,0,858995
Meghalaya,2002,Communication and Electricity Wire - Property,1. Communation and Electricity Wire,6,25,34500,584763
Mizoram,2002,Communication and Electricity Wire - Property,1. Communation and Electricity Wire,8,11,213625,1308425
Nagaland,2002,Communication and Electricity Wire - Property,1. Communation and Electricity Wire,2,13,5250,26650
Odisha,2002,Communication and Electricity Wire - Property,1. Communation and Electricity Wire,140,374,2994940,5386218
Puducherry,2002,Communication and Electricity Wire - Property,1. Communation and Electricity Wire,7,21,36500,80980
Punjab,2002,Communication and Electricity Wire - Property,1. Communation and Electricity Wire,35,72,273800,1296560
Rajasthan,2002,Communication and Electricity Wire - Property,1. Communation and Electricity Wire,146,849,4620093,13245929
Sikkim,2002,Communication and Electricity Wire - Property,1. Communation and Electricity Wire,1,2,2500,32500
Tamil Nadu,2002,Communication and Electricity Wire - Property,1. Communation and Electricity Wire,870,1214,6400928,8989164
Tripura,2002,Communication and Electricity Wire - Property,1. Communation and Electricity Wire,0,4,0,25500
Uttar Pradesh,2002,Communication and Electricity Wire - Property,1. Communation and Electricity Wire,571,1557,13253771,42303950
Uttarakhand,2002,Communication and Electricity Wire - Property,1. Communation and Electricity Wire,11,48,116710,941294
West Bengal,2002,Communication and Electricity Wire - Property,1. Communation and Electricity Wire,117,536,1358380,11440126
Andaman & Nicobar Islands,2003,Communication and Electricity Wire - Property,1. Communation and Electricity Wire,0,1,0,6000
Andhra Pradesh,2003,Communication and Electricity Wire - Property,1. Communation and Electricity Wire,562,1050,5690946,11906345
Arunachal Pradesh,2003,Communication and Electricity Wire - Property,1. Communation and Electricity Wire,33,89,184470,1172900
Assam,2003,Communication and Electricity Wire - Property,1. Communation and Electricity Wire,97,332,236675,1292585
Bihar,2003,Communication and Electricity Wire - Property,1. Communation and Electricity Wire,68,366,607340,4355550
Chandigarh,2003,Communication and Electricity Wire - Property,1. Communation and Electricity Wire,6,15,43500,161386
Chhattisgarh,2003,Communication and Electricity Wire - Property,1. Communation and Electricity Wire,18,133,104156,730228
Dadra & Nagar Haveli,2003,Communication and Electricity Wire - Property,1. Communation and Electricity Wire,6,14,57500,94470
Daman & Diu,2003,Communication and Electricity Wire - Property,1. Communation and Electricity Wire,0,6,0,500710
Delhi,2003,Communication and Electricity Wire - Property,1. Communation and Electricity Wire,45,79,37300,2070800
Goa,2003,Communication and Electricity Wire - Property,1. Communation and Electricity Wire,12,22,304699,548913
Gujarat,2003,Communication and Electricity Wire - Property,1. Communation and Electricity Wire,147,544,1439820,7239461
Haryana,2003,Communication and Electricity Wire - Property,1. Communation and Electricity Wire,318,615,5544299,10240549
Himachal Pradesh,2003,Communication and Electricity Wire - Property,1. Communation and Electricity Wire,15,94,222038,2560464
Jammu & Kashmir,2003,Communication and Electricity Wire - Property,1. Communation and Electricity Wire,6,28,36395,222964
Jharkhand,2003,Communication and Electricity Wire - Property,1. Communation and Electricity Wire,90,387,1039007,5215609
Karnataka,2003,Communication and Electricity Wire - Property,1. Communation and Electricity Wire,218,1147,2152610,11605453
Kerala,2003,Communication and Electricity Wire - Property,1. Communation and Electricity Wire,31,107,838746,7838470
Lakshadweep,2003,Communication and Electricity Wire - Property,1. Communation and Electricity Wire,0,1,0,15000
Madhya Pradesh,2003,Communication and Electricity Wire - Property,1. Communation and Electricity Wire,238,1031,2276250,10557077
Maharashtra,2003,Communication and Electricity Wire - Property,1. Communation and Electricity Wire,227,1242,3878391,25890507
Manipur,2003,Communication and Electricity Wire - Property,1. Communation and Electricity Wire,2,30,466750,601520
Meghalaya,2003,Communication and Electricity Wire - Property,1. Communation and Electricity Wire,5,20,85000,216518
Mizoram,2003,Communication and Electricity Wire - Property,1. Communation and Electricity Wire,5,10,51750,203000
Nagaland,2003,Communication and Electricity Wire - Property,1. Communation and Electricity Wire,1,1,5700,10000
Odisha,2003,Communication and Electricity Wire - Property,1. Communation and Electricity Wire,166,396,2593265,5504400
Puducherry,2003,Communication and Electricity Wire - Property,1. Communation and Electricity Wire,8,23,7060,90685
Punjab,2003,Communication and Electricity Wire - Property,1. Communation and Electricity Wire,22,60,294939,1045631
Rajasthan,2003,Communication and Electricity Wire - Property,1. Communation and Electricity Wire,164,971,3466298,14317336
Sikkim,2003,Communication and Electricity Wire - Property,1. Communation and Electricity Wire,1,3,625,14000
Tamil Nadu,2003,Communication and Electricity Wire - Property,1. Communation and Electricity Wire,987,1253,5857440,7684807
Tripura,2003,Communication and Electricity Wire - Property,1. Communation and Electricity Wire,0,3,0,15500
Uttar Pradesh,2003,Communication and Electricity Wire - Property,1. Communation and Electricity Wire,305,836,8169299,21118369
Uttarakhand,2003,Communication and Electricity Wire - Property,1. Communation and Electricity Wire,19,38,219490,740857
West Bengal,2003,Communication and Electricity Wire - Property,1. Communation and Electricity Wire,112,623,860466,5800738
Andaman & Nicobar Islands,2004,Communication and Electricity Wire - Property,1. Communation and Electricity Wire,6,10,149350,161650
Andhra Pradesh,2004,Communication and Electricity Wire - Property,1. Communation and Electricity Wire,542,1097,5210767,13002743
Arunachal Pradesh,2004,Communication and Electricity Wire - Property,1. Communation and Electricity Wire,4,25,71050,560260
Assam,2004,Communication and Electricity Wire - Property,1. Communation and Electricity Wire,103,235,539149,1460098
Bihar,2004,Communication and Electricity Wire - Property,1. Communation and Electricity Wire,45,272,349989,3656978
Chandigarh,2004,Communication and Electricity Wire - Property,1. Communation and Electricity Wire,0,0,0,0
Chhattisgarh,2004,Communication and Electricity Wire - Property,1. Communation and Electricity Wire,39,203,233340,1280284
Dadra & Nagar Haveli,2004,Communication and Electricity Wire - Property,1. Communation and Electricity Wire,2,4,22700,144700
Daman & Diu,2004,Communication and Electricity Wire - Property,1. Communation and Electricity Wire,3,9,215300,573200
Delhi,2004,Communication and Electricity Wire - Property,1. Communation and Electricity Wire,11,28,63000,3834900
Goa,2004,Communication and Electricity Wire - Property,1. Communation and Electricity Wire,7,9,39500,99596
Gujarat,2004,Communication and Electricity Wire - Property,1. Communation and Electricity Wire,80,289,450683,4922321
Haryana,2004,Communication and Electricity Wire - Property,1. Communation and Electricity Wire,203,524,2905882,11230270
Himachal Pradesh,2004,Communication and Electricity Wire - Property,1. Communation and Electricity Wire,29,92,532684,2463627
Jammu & Kashmir,2004,Communication and Electricity Wire - Property,1. Communation and Electricity Wire,10,31,48760,297960
Jharkhand,2004,Communication and Electricity Wire - Property,1. Communation and Electricity Wire,88,390,535252,5182659
Karnataka,2004,Communication and Electricity Wire - Property,1. Communation and Electricity Wire,272,1109,3502210,18500363
Kerala,2004,Communication and Electricity Wire - Property,1. Communation and Electricity Wire,38,114,557908,803876
Lakshadweep,2004,Communication and Electricity Wire - Property,1. Communation and Electricity Wire,0,0,0,0
Madhya Pradesh,2004,Communication and Electricity Wire - Property,1. Communation and Electricity Wire,229,836,2034774,8033574
Maharashtra,2004,Communication and Electricity Wire - Property,1. Communation and Electricity Wire,190,1320,3431122,24788026
Manipur,2004,Communication and Electricity Wire - Property,1. Communation and Electricity Wire,2,27,2900,1954219
Meghalaya,2004,Communication and Electricity Wire - Property,1. Communation and Electricity Wire,12,51,294520,10953608
Mizoram,2004,Communication and Electricity Wire - Property,1. Communation and Electricity Wire,0,0,0,0
Nagaland,2004,Communication and Electricity Wire - Property,1. Communation and Electricity Wire,0,1,0,5000
Odisha,2004,Communication and Electricity Wire - Property,1. Communation and Electricity Wire,161,379,3153479,6435967
Puducherry,2004,Communication and Electricity Wire - Property,1. Communation and Electricity Wire,19,21,107295,107375
Punjab,2004,Communication and Electricity Wire - Property,1. Communation and Electricity Wire,16,45,366015,1071041
Rajasthan,2004,Communication and Electricity Wire - Property,1. Communation and Electricity Wire,155,980,4681219,20832020
Sikkim,2004,Communication and Electricity Wire - Property,1. Communation and Electricity Wire,3,12,43800,150000
Tamil Nadu,2004,Communication and Electricity Wire - Property,1. Communation and Electricity Wire,833,979,6957028,8308833
Tripura,2004,Communication and Electricity Wire - Property,1. Communation and Electricity Wire,1,6,500,5700
Uttar Pradesh,2004,Communication and Electricity Wire - Property,1. Communation and Electricity Wire,346,1140,6286573,30518128
Uttarakhand,2004,Communication and Electricity Wire - Property,1. Communation and Electricity Wire,21,40,228450,868835
West Bengal,2004,Communication and Electricity Wire - Property,1. Communation and Electricity Wire,226,887,1924125,10010464
Andaman & Nicobar Islands,2005,Communication and Electricity Wire - Property,1. Communation and Electricity Wire,7,10,47500,67500
Andhra Pradesh,2005,Communication and Electricity Wire - Property,1. Communation and Electricity Wire,669,1175,9027223,14243403
Arunachal Pradesh,2005,Communication and Electricity Wire - Property,1. Communation and Electricity Wire,13,49,302169,1432775
Assam,2005,Communication and Electricity Wire - Property,1. Communation and Electricity Wire,56,187,196880,903080
Bihar,2005,Communication and Electricity Wire - Property,1. Communation and Electricity Wire,46,318,625228,5638074
Chandigarh,2005,Communication and Electricity Wire - Property,1. Communation and Electricity Wire,3,7,5000,12000
Chhattisgarh,2005,Communication and Electricity Wire - Property,1. Communation and Electricity Wire,42,142,756766,2255384
Dadra & Nagar Haveli,2005,Communication and Electricity Wire - Property,1. Communation and Electricity Wire,8,11,759485,942885
Daman & Diu,2005,Communication and Electricity Wire - Property,1. Communation and Electricity Wire,1,8,225000,737900
Delhi,2005,Communication and Electricity Wire - Property,1. Communation and Electricity Wire,8,12,1431800,19170478
Goa,2005,Communication and Electricity Wire - Property,1. Communation and Electricity Wire,6,14,124450,760967
Gujarat,2005,Communication and Electricity Wire - Property,1. Communation and Electricity Wire,60,261,379601,2822340
Haryana,2005,Communication and Electricity Wire - Property,1. Communation and Electricity Wire,200,689,3235206,14995525
Himachal Pradesh,2005,Communication and Electricity Wire - Property,1. Communation and Electricity Wire,29,139,855137,3709602
Jammu & Kashmir,2005,Communication and Electricity Wire - Property,1. Communation and Electricity Wire,10,39,235046,517036
Jharkhand,2005,Communication and Electricity Wire - Property,1. Communation and Electricity Wire,83,319,989532,2620142
Karnataka,2005,Communication and Electricity Wire - Property,1. Communation and Electricity Wire,196,1009,6236920,29610338
Kerala,2005,Communication and Electricity Wire - Property,1. Communation and Electricity Wire,19,81,153520,1368819
Lakshadweep,2005,Communication and Electricity Wire - Property,1. Communation and Electricity Wire,0,0,0,0
Madhya Pradesh,2005,Communication and Electricity Wire - Property,1. Communation and Electricity Wire,203,600,8500101,15114346
Maharashtra,2005,Communication and Electricity Wire - Property,1. Communation and Electricity Wire,249,1495,3452346,32705271
Manipur,2005,Communication and Electricity Wire - Property,1. Communation and Electricity Wire,2,34,35000,647814
Meghalaya,2005,Communication and Electricity Wire - Property,1. Communation and Electricity Wire,8,41,70050,398695
Mizoram,2005,Communication and Electricity Wire - Property,1. Communation and Electricity Wire,0,0,0,0
Nagaland,2005,Communication and Electricity Wire - Property,1. Communation and Electricity Wire,1,5,1200,21900
Odisha,2005,Communication and Electricity Wire - Property,1. Communation and Electricity Wire,189,346,18361868,48793595
Puducherry,2005,Communication and Electricity Wire - Property,1. Communation and Electricity Wire,2,2,401000,401000
Punjab,2005,Communication and Electricity Wire - Property,1. Communation and Electricity Wire,57,114,699693,2204107
Rajasthan,2005,Communication and Electricity Wire - Property,1. Communation and Electricity Wire,132,604,4271611,13373841
Sikkim,2005,Communication and Electricity Wire - Property,1. Communation and Electricity Wire,4,17,18700,364900
Tamil Nadu,2005,Communication and Electricity Wire - Property,1. Communation and Electricity Wire,536,695,7518121,8811398
Tripura,2005,Communication and Electricity Wire - Property,1. Communation and Electricity Wire,3,14,10000,108500
Uttar Pradesh,2005,Communication and Electricity Wire - Property,1. Communation and Electricity Wire,328,892,8766857,28666537
Uttarakhand,2005,Communication and Electricity Wire - Property,1. Communation and Electricity Wire,10,25,210212,2733512
West Bengal,2005,Communication and Electricity Wire - Property,1. Communation and Electricity Wire,175,925,1519086,8879015
Andaman & Nicobar Islands,2006,Communication and Electricity Wire - Property,1. Communation and Electricity Wire,3,9,260500,334140
Andhra Pradesh,2006,Communication and Electricity Wire - Property,1. Communation and Electricity Wire,1291,2140,19584766,31694053
Arunachal Pradesh,2006,Communication and Electricity Wire - Property,1. Communation and Electricity Wire,12,42,161743,1550911
Assam,2006,Communication and Electricity Wire - Property,1. Communation and Electricity Wire,62,245,496450,3127168
Bihar,2006,Communication and Electricity Wire - Property,1. Communation and Electricity Wire,65,340,1117679,4737884
Chandigarh,2006,Communication and Electricity Wire - Property,1. Communation and Electricity Wire,0,0,0,0
Chhattisgarh,2006,Communication and Electricity Wire - Property,1. Communation and Electricity Wire,57,192,1116561,3546989
Dadra & Nagar Haveli,2006,Communication and Electricity Wire - Property,1. Communation and Electricity Wire,1,2,80000,104000
Daman & Diu,2006,Communication and Electricity Wire - Property,1. Communation and Electricity Wire,2,13,75500,1041895
Delhi,2006,Communication and Electricity Wire - Property,1. Communation and Electricity Wire,100,196,920600,6246145
Goa,2006,Communication and Electricity Wire - Property,1. Communation and Electricity Wire,3,7,245000,658733
Gujarat,2006,Communication and Electricity Wire - Property,1. Communation and Electricity Wire,160,472,2986869,7882275
Haryana,2006,Communication and Electricity Wire - Property,1. Communation and Electricity Wire,350,793,4572784,13685029
Himachal Pradesh,2006,Communication and Electricity Wire - Property,1. Communation and Electricity Wire,65,241,1084312,5475581
Jammu & Kashmir,2006,Communication and Electricity Wire - Property,1. Communation and Electricity Wire,13,49,560304,1087538
Jharkhand,2006,Communication and Electricity Wire - Property,1. Communation and Electricity Wire,87,336,543760,3917542
Karnataka,2006,Communication and Electricity Wire - Property,1. Communation and Electricity Wire,275,1079,7115373,24328781
Kerala,2006,Communication and Electricity Wire - Property,1. Communation and Electricity Wire,49,167,479499,2563420
Lakshadweep,2006,Communication and Electricity Wire - Property,1. Communation and Electricity Wire,0,0,0,0
Madhya Pradesh,2006,Communication and Electricity Wire - Property,1. Communation and Electricity Wire,254,712,2813110,8828129
Maharashtra,2006,Communication and Electricity Wire - Property,1. Communation and Electricity Wire,312,1585,2653055,29451863
Manipur,2006,Communication and Electricity Wire - Property,1. Communation and Electricity Wire,0,62,0,1518007
Meghalaya,2006,Communication and Electricity Wire - Property,1. Communation and Electricity Wire,9,49,313000,1088643
Mizoram,2006,Communication and Electricity Wire - Property,1. Communation and Electricity Wire,11,18,822842,1187097
Nagaland,2006,Communication and Electricity Wire - Property,1. Communation and Electricity Wire,3,13,78925,679879
Odisha,2006,Communication and Electricity Wire - Property,1. Communation and Electricity Wire,141,302,2322987,5559631
Puducherry,2006,Communication and Electricity Wire - Property,1. Communation and Electricity Wire,4,8,18800,34950
Punjab,2006,Communication and Electricity Wire - Property,1. Communation and Electricity Wire,70,146,1106600,4427562
Rajasthan,2006,Communication and Electricity Wire - Property,1. Communation and Electricity Wire,204,728,6284312,13435201
Sikkim,2006,Communication and Electricity Wire - Property,1. Communation and Electricity Wire,6,22,37600,349110
Tamil Nadu,2006,Communication and Electricity Wire - Property,1. Communation and Electricity Wire,657,714,11158056,12085547
Tripura,2006,Communication and Electricity Wire - Property,1. Communation and Electricity Wire,2,31,77750,466350
Uttar Pradesh,2006,Communication and Electricity Wire - Property,1. Communation and Electricity Wire,347,781,8989300,20702530
Uttarakhand,2006,Communication and Electricity Wire - Property,1. Communation and Electricity Wire,16,29,492250,863184
West Bengal,2006,Communication and Electricity Wire - Property,1. Communation and Electricity Wire,211,1278,2802226,17053126
Andaman & Nicobar Islands,2007,Communication and Electricity Wire - Property,1. Communation and Electricity Wire,3,5,272000,523000
Andhra Pradesh,2007,Communication and Electricity Wire - Property,1. Communation and Electricity Wire,1292,2010,14498464,22785042
Arunachal Pradesh,2007,Communication and Electricity Wire - Property,1. Communation and Electricity Wire,21,65,785565,3548274
Assam,2007,Communication and Electricity Wire - Property,1. Communation and Electricity Wire,86,254,575154,1878890
Bihar,2007,Communication and Electricity Wire - Property,1. Communation and Electricity Wire,59,404,1037921,11023697
Chandigarh,2007,Communication and Electricity Wire - Property,1. Communation and Electricity Wire,0,0,0,0
Chhattisgarh,2007,Communication and Electricity Wire - Property,1. Communation and Electricity Wire,81,220,1621644,3983324
Dadra & Nagar Haveli,2007,Communication and Electricity Wire - Property,1. Communation and Electricity Wire,16,31,17123350,27733320
Daman & Diu,2007,Communication and Electricity Wire - Property,1. Communation and Electricity Wire,3,19,1616900,5182180
Delhi,2007,Communication and Electricity Wire - Property,1. Communation and Electricity Wire,53,97,2891200,7009120
Goa,2007,Communication and Electricity Wire - Property,1. Communation and Electricity Wire,6,25,131300,1581364
Gujarat,2007,Communication and Electricity Wire - Property,1. Communation and Electricity Wire,192,666,1574993,10836053
Haryana,2007,Communication and Electricity Wire - Property,1. Communation and Electricity Wire,317,817,5842522,16794966
Himachal Pradesh,2007,Communication and Electricity Wire - Property,1. Communation and Electricity Wire,95,360,1149241,8093864
Jammu & Kashmir,2007,Communication and Electricity Wire - Property,1. Communation and Electricity Wire,27,80,461584,2433276
Jharkhand,2007,Communication and Electricity Wire - Property,1. Communation and Electricity Wire,87,388,595145,7614077
Karnataka,2007,Communication and Electricity Wire - Property,1. Communation and Electricity Wire,217,790,4723341,17308190
Kerala,2007,Communication and Electricity Wire - Property,1. Communation and Electricity Wire,56,191,1130716,3856132
Lakshadweep,2007,Communication and Electricity Wire - Property,1. Communation and Electricity Wire,0,3,0,576000
Madhya Pradesh,2007,Communication and Electricity Wire - Property,1. Communation and Electricity Wire,266,695,4328562,14271388
Maharashtra,2007,Communication and Electricity Wire - Property,1. Communation and Electricity Wire,368,1504,6961503,38070663
Manipur,2007,Communication and Electricity Wire - Property,1. Communation and Electricity Wire,5,172,11710,2468373
Meghalaya,2007,Communication and Electricity Wire - Property,1. Communation and Electricity Wire,13,49,111900,1395955
Mizoram,2007,Communication and Electricity Wire - Property,1. Communation and Electricity Wire,13,26,846116,1444462
Nagaland,2007,Communication and Electricity Wire - Property,1. Communation and Electricity Wire,1,16,2800,1524010
Odisha,2007,Communication and Electricity Wire - Property,1. Communation and Electricity Wire,106,234,1627861,7392922
Puducherry,2007,Communication and Electricity Wire - Property,1. Communation and Electricity Wire,9,11,31963,44123
Punjab,2007,Communication and Electricity Wire - Property,1. Communation and Electricity Wire,85,162,1939644,6546161
Rajasthan,2007,Communication and Electricity Wire - Property,1. Communation and Electricity Wire,254,791,7903065,19019325
Sikkim,2007,Communication and Electricity Wire - Property,1. Communation and Electricity Wire,16,39,130350,808050
Tamil Nadu,2007,Communication and Electricity Wire - Property,1. Communation and Electricity Wire,873,973,9801808,11192589
Tripura,2007,Communication and Electricity Wire - Property,1. Communation and Electricity Wire,4,25,9015,52982
Uttar Pradesh,2007,Communication and Electricity Wire - Property,1. Communation and Electricity Wire,230,554,5851662,21965211
Uttarakhand,2007,Communication and Electricity Wire - Property,1. Communation and Electricity Wire,19,30,644850,1312850
West Bengal,2007,Communication and Electricity Wire - Property,1. Communation and Electricity Wire,193,930,3034899,16908030
Andaman & Nicobar Islands,2008,Communication and Electricity Wire - Property,1. Communation and Electricity Wire,9,13,82000,335500
Andhra Pradesh,2008,Communication and Electricity Wire - Property,1. Communation and Electricity Wire,1300,1895,11932427,18323515
Arunachal Pradesh,2008,Communication and Electricity Wire - Property,1. Communation and Electricity Wire,22,59,927350,1560387
Assam,2008,Communication and Electricity Wire - Property,1. Communation and Electricity Wire,206,475,911272,3569700
Bihar,2008,Communication and Electricity Wire - Property,1. Communation and Electricity Wire,71,509,998828,11489553
Chandigarh,2008,Communication and Electricity Wire - Property,1. Communation and Electricity Wire,7,15,31500,109000
Chhattisgarh,2008,Communication and Electricity Wire - Property,1. Communation and Electricity Wire,73,227,1769343,4344886
Dadra & Nagar Haveli,2008,Communication and Electricity Wire - Property,1. Communation and Electricity Wire,7,17,2761317,10031017
Daman & Diu,2008,Communication and Electricity Wire - Property,1. Communation and Electricity Wire,2,5,31000,833280
Delhi,2008,Communication and Electricity Wire - Property,1. Communation and Electricity Wire,11,81,166600,3985102
Goa,2008,Communication and Electricity Wire - Property,1. Communation and Electricity Wire,9,35,1351470,5033906
Gujarat,2008,Communication and Electricity Wire - Property,1. Communation and Electricity Wire,170,654,8130558,15838330
Haryana,2008,Communication and Electricity Wire - Property,1. Communation and Electricity Wire,248,820,4395357,17700488
Himachal Pradesh,2008,Communication and Electricity Wire - Property,1. Communation and Electricity Wire,99,234,1832650,6450987
Jammu & Kashmir,2008,Communication and Electricity Wire - Property,1. Communation and Electricity Wire,21,70,530375,773582
Jharkhand,2008,Communication and Electricity Wire - Property,1. Communation and Electricity Wire,60,323,572450,8483174
Karnataka,2008,Communication and Electricity Wire - Property,1. Communation and Electricity Wire,177,636,2678855,14335359
Kerala,2008,Communication and Electricity Wire - Property,1. Communation and Electricity Wire,58,158,1169851,3666296
Lakshadweep,2008,Communication and Electricity Wire - Property,1. Communation and Electricity Wire,0,0,0,0
Madhya Pradesh,2008,Communication and Electricity Wire - Property,1. Communation and Electricity Wire,261,681,3642014,10659770
Maharashtra,2008,Communication and Electricity Wire - Property,1. Communation and Electricity Wire,259,1065,3243539,28040924
Manipur,2008,Communication and Electricity Wire - Property,1. Communation and Electricity Wire,5,96,115000,15660431
Meghalaya,2008,Communication and Electricity Wire - Property,1. Communation and Electricity Wire,12,67,71920,2232479
Mizoram,2008,Communication and Electricity Wire - Property,1. Communation and Electricity Wire,27,49,283216,596010
Nagaland,2008,Communication and Electricity Wire - Property,1. Communation and Electricity Wire,3,8,15800,88200
Odisha,2008,Communication and Electricity Wire - Property,1. Communation and Electricity Wire,89,197,1861483,3836089
Puducherry,2008,Communication and Electricity Wire - Property,1. Communation and Electricity Wire,5,10,33500,120500
Punjab,2008,Communication and Electricity Wire - Property,1. Communation and Electricity Wire,84,170,2155281,5577915
Rajasthan,2008,Communication and Electricity Wire - Property,1. Communation and Electricity Wire,201,543,7352439,12301469
Sikkim,2008,Communication and Electricity Wire - Property,1. Communation and Electricity Wire,10,36,126200,1013350
Tamil Nadu,2008,Communication and Electricity Wire - Property,1. Communation and Electricity Wire,835,965,10495462,12819915
Tripura,2008,Communication and Electricity Wire - Property,1. Communation and Electricity Wire,16,75,134772,384011
Uttar Pradesh,2008,Communication and Electricity Wire - Property,1. Communation and Electricity Wire,143,315,3689334,9937832
Uttarakhand,2008,Communication and Electricity Wire - Property,1. Communation and Electricity Wire,20,21,361919,431419
West Bengal,2008,Communication and Electricity Wire - Property,1. Communation and Electricity Wire,218,1244,2058483,15785811
Andaman & Nicobar Islands,2009,Communication and Electricity Wire - Property,1. Communation and Electricity Wire,3,5,176000,221000
Andhra Pradesh,2009,Communication and Electricity Wire - Property,1. Communation and Electricity Wire,660,1145,10410407,20169553
Arunachal Pradesh,2009,Communication and Electricity Wire - Property,1. Communation and Electricity Wire,11,21,212300,353800
Assam,2009,Communication and Electricity Wire - Property,1. Communation and Electricity Wire,60,234,524370,2430450
Bihar,2009,Communication and Electricity Wire - Property,1. Communation and Electricity Wire,64,506,1185356,10022540
Chandigarh,2009,Communication and Electricity Wire - Property,1. Communation and Electricity Wire,1,7,8000,80500
Chhattisgarh,2009,Communication and Electricity Wire - Property,1. Communation and Electricity Wire,54,192,1164395,4555808
Dadra & Nagar Haveli,2009,Communication and Electricity Wire - Property,1. Communation and Electricity Wire,5,9,3551913,4730545
Daman & Diu,2009,Communication and Electricity Wire - Property,1. Communation and Electricity Wire,5,9,1043295,4048320
Delhi,2009,Communication and Electricity Wire - Property,1. Communation and Electricity Wire,15,92,150000,1915572
Goa,2009,Communication and Electricity Wire - Property,1. Communation and Electricity Wire,4,38,108723,1667420
Gujarat,2009,Communication and Electricity Wire - Property,1. Communation and Electricity Wire,70,309,3290990,18531648
Haryana,2009,Communication and Electricity Wire - Property,1. Communation and Electricity Wire,243,765,3521907,16744552
Himachal Pradesh,2009,Communication and Electricity Wire - Property,1. Communation and Electricity Wire,41,90,1484869,2931772
Jammu & Kashmir,2009,Communication and Electricity Wire - Property,1. Communation and Electricity Wire,15,49,559440,1006775
Jharkhand,2009,Communication and Electricity Wire - Property,1. Communation and Electricity Wire,45,238,556550,5215129
Karnataka,2009,Communication and Electricity Wire - Property,1. Communation and Electricity Wire,123,377,2245609,7883007
Kerala,2009,Communication and Electricity Wire - Property,1. Communation and Electricity Wire,28,75,144950,1276104
Lakshadweep,2009,Communication and Electricity Wire - Property,1. Communation and Electricity Wire,1,3,50000,200000
Madhya Pradesh,2009,Communication and Electricity Wire - Property,1. Communation and Electricity Wire,180,417,2296937,6505681
Maharashtra,2009,Communication and Electricity Wire - Property,1. Communation and Electricity Wire,118,573,5273819,32246346
Manipur,2009,Communication and Electricity Wire - Property,1. Communation and Electricity Wire,4,23,217200,862553
Meghalaya,2009,Communication and Electricity Wire - Property,1. Communation and Electricity Wire,8,31,58100,916446
Mizoram,2009,Communication and Electricity Wire - Property,1. Communation and Electricity Wire,21,33,1009569,1674938
Nagaland,2009,Communication and Electricity Wire - Property,1. Communation and Electricity Wire,3,10,106000,422000
Odisha,2009,Communication and Electricity Wire - Property,1. Communation and Electricity Wire,64,168,4087503,6608097
Puducherry,2009,Communication and Electricity Wire - Property,1. Communation and Electricity Wire,4,5,129500,131500
Punjab,2009,Communication and Electricity Wire - Property,1. Communation and Electricity Wire,80,189,2734572,8450619
Rajasthan,2009,Communication and Electricity Wire - Property,1. Communation and Electricity Wire,93,333,5235576,10038723
Sikkim,2009,Communication and Electricity Wire - Property,1. Communation and Electricity Wire,5,12,26500,132000
Tamil Nadu,2009,Communication and Electricity Wire - Property,1. Communation and Electricity Wire,473,614,6223592,8511437
Tripura,2009,Communication and Electricity Wire - Property,1. Communation and Electricity Wire,12,72,52517,240359
Uttar Pradesh,2009,Communication and Electricity Wire - Property,1. Communation and Electricity Wire,49,134,1444447,12630990
Uttarakhand,2009,Communication and Electricity Wire - Property,1. Communation and Electricity Wire,5,5,108200,110200
West Bengal,2009,Communication and Electricity Wire - Property,1. Communation and Electricity Wire,120,985,3572411,37301644
Andaman & Nicobar Islands,2010,Communication and Electricity Wire - Property,1. Communation and Electricity Wire,8,14,107500,249300
Andhra Pradesh,2010,Communication and Electricity Wire - Property,1. Communation and Electricity Wire,832,1253,10173345,18362443
Arunachal Pradesh,2010,Communication and Electricity Wire - Property,1. Communation and Electricity Wire,3,31,30000,3685753
Assam,2010,Communication and Electricity Wire - Property,1. Communation and Electricity Wire,97,494,915937,3613124
Bihar,2010,Communication and Electricity Wire - Property,1. Communation and Electricity Wire,51,516,1181683,12107435
Chandigarh,2010,Communication and Electricity Wire - Property,1. Communation and Electricity Wire,3,5,58000,58700
Chhattisgarh,2010,Communication and Electricity Wire - Property,1. Communation and Electricity Wire,57,183,754257,3413892
Dadra & Nagar Haveli,2010,Communication and Electricity Wire - Property,1. Communation and Electricity Wire,4,9,222674,1398507
Daman & Diu,2010,Communication and Electricity Wire - Property,1. Communation and Electricity Wire,7,11,1134585,4106750
Delhi,2010,Communication and Electricity Wire - Property,1. Communation and Electricity Wire,21,158,784550,8740403
Goa,2010,Communication and Electricity Wire - Property,1. Communation and Electricity Wire,11,45,218000,1984631
Gujarat,2010,Communication and Electricity Wire - Property,1. Communation and Electricity Wire,105,306,2216882,7446321
Haryana,2010,Communication and Electricity Wire - Property,1. Communation and Electricity Wire,296,925,10504343,23296608
Himachal Pradesh,2010,Communication and Electricity Wire - Property,1. Communation and Electricity Wire,56,118,843400,3237119
Jammu & Kashmir,2010,Communication and Electricity Wire - Property,1. Communation and Electricity Wire,4,24,54858,165176
Jharkhand,2010,Communication and Electricity Wire - Property,1. Communation and Electricity Wire,51,281,694320,4348233
Karnataka,2010,Communication and Electricity Wire - Property,1. Communation and Electricity Wire,71,297,1396635,7452583
Kerala,2010,Communication and Electricity Wire - Property,1. Communation and Electricity Wire,40,84,528515,1436845
Lakshadweep,2010,Communication and Electricity Wire - Property,1. Communation and Electricity Wire,0,0,0,0
Madhya Pradesh,2010,Communication and Electricity Wire - Property,1. Communation and Electricity Wire,98,322,1256216,4636801
Maharashtra,2010,Communication and Electricity Wire - Property,1. Communation and Electricity Wire,142,596,3886038,20380572
Manipur,2010,Communication and Electricity Wire - Property,1. Communation and Electricity Wire,1,31,15000,1768619
Meghalaya,2010,Communication and Electricity Wire - Property,1. Communation and Electricity Wire,12,36,102000,2946591
Mizoram,2010,Communication and Electricity Wire - Property,1. Communation and Electricity Wire,15,29,127790,576667
Nagaland,2010,Communication and Electricity Wire - Property,1. Communation and Electricity Wire,3,12,58000,231500
Odisha,2010,Communication and Electricity Wire - Property,1. Communation and Electricity Wire,89,214,5627766,26569881
Puducherry,2010,Communication and Electricity Wire - Property,1. Communation and Electricity Wire,1,5,35000,200840
Punjab,2010,Communication and Electricity Wire - Property,1. Communation and Electricity Wire,79,166,2623233,5537410
Rajasthan,2010,Communication and Electricity Wire - Property,1. Communation and Electricity Wire,65,199,4106545,7302504
Sikkim,2010,Communication and Electricity Wire - Property,1. Communation and Electricity Wire,2,4,30000,215000
Tamil Nadu,2010,Communication and Electricity Wire - Property,1. Communation and Electricity Wire,351,496,6360331,9146236
Tripura,2010,Communication and Electricity Wire - Property,1. Communation and Electricity Wire,16,66,102600,165225
Uttar Pradesh,2010,Communication and Electricity Wire - Property,1. Communation and Electricity Wire,52,132,2156684,4786304
Uttarakhand,2010,Communication and Electricity Wire - Property,1. Communation and Electricity Wire,10,11,216400,241400
West Bengal,2010,Communication and Electricity Wire - Property,1. Communation and Electricity Wire,183,1162,2496874,32351837
Andaman & Nicobar Islands,2001,Cultural Property including Antiques - Property,8. Cultural Property including Antiques,0,0,0,0
Andhra Pradesh,2001,Cultural Property including Antiques - Property,8. Cultural Property including Antiques,45,81,9109500,10958100
Arunachal Pradesh,2001,Cultural Property including Antiques - Property,8. Cultural Property including Antiques,0,0,0,0
Assam,2001,Cultural Property including Antiques - Property,8. Cultural Property including Antiques,51,218,2953950,10741828
Bihar,2001,Cultural Property including Antiques - Property,8. Cultural Property including Antiques,2,15,857500,4755992
Chandigarh,2001,Cultural Property including Antiques - Property,8. Cultural Property including Antiques,3,7,1290000,2890000
Chhattisgarh,2001,Cultural Property including Antiques - Property,8. Cultural Property including Antiques,30,47,1949941,2563336
Dadra & Nagar Haveli,2001,Cultural Property including Antiques - Property,8. Cultural Property including Antiques,0,1,0,325000
Daman & Diu,2001,Cultural Property including Antiques - Property,8. Cultural Property including Antiques,0,0,0,0
Delhi,2001,Cultural Property including Antiques - Property,8. Cultural Property including Antiques,175,649,10277178,132035322
Goa,2001,Cultural Property including Antiques - Property,8. Cultural Property including Antiques,2,3,380000,566905
Gujarat,2001,Cultural Property including Antiques - Property,8. Cultural Property including Antiques,115,246,13275195,34352771
Haryana,2001,Cultural Property including Antiques - Property,8. Cultural Property including Antiques,171,310,44431326,52419745
Himachal Pradesh,2001,Cultural Property including Antiques - Property,8. Cultural Property including Antiques,6,10,2060000,3510000
Jammu & Kashmir,2001,Cultural Property including Antiques - Property,8. Cultural Property including Antiques,2,7,846550,1821500
Jharkhand,2001,Cultural Property including Antiques - Property,8. Cultural Property including Antiques,3,12,900000,3500000
Karnataka,2001,Cultural Property including Antiques - Property,8. Cultural Property including Antiques,70,161,16251675,20348075
Kerala,2001,Cultural Property including Antiques - Property,8. Cultural Property including Antiques,81,258,3899414,25961283
Lakshadweep,2001,Cultural Property including Antiques - Property,8. Cultural Property including Antiques,0,0,0,0
Madhya Pradesh,2001,Cultural Property including Antiques - Property,8. Cultural Property including Antiques,86,278,22025981,33727922
Maharashtra,2001,Cultural Property including Antiques - Property,8. Cultural Property including Antiques,385,701,71921412,115107561
Manipur,2001,Cultural Property including Antiques - Property,8. Cultural Property including Antiques,1,8,40000,70000
Meghalaya,2001,Cultural Property including Antiques - Property,8. Cultural Property including Antiques,3,3,920000,920000
Mizoram,2001,Cultural Property including Antiques - Property,8. Cultural Property including Antiques,2,2,422000,422000
Nagaland,2001,Cultural Property including Antiques - Property,8. Cultural Property including Antiques,1,2,350000,500000
Odisha,2001,Cultural Property including Antiques - Property,8. Cultural Property including Antiques,115,204,5197194,8674696
Puducherry,2001,Cultural Property including Antiques - Property,8. Cultural Property including Antiques,0,0,0,0
Punjab,2001,Cultural Property including Antiques - Property,8. Cultural Property including Antiques,60,132,17111479,30089574
Rajasthan,2001,Cultural Property including Antiques - Property,8. Cultural Property including Antiques,115,196,50510200,67534060
Sikkim,2001,Cultural Property including Antiques - Property,8. Cultural Property including Antiques,0,0,0,0
Tamil Nadu,2001,Cultural Property including Antiques - Property,8. Cultural Property including Antiques,109,205,23534874,26753374
Tripura,2001,Cultural Property including Antiques - Property,8. Cultural Property including Antiques,0,0,0,0
Uttar Pradesh,2001,Cultural Property including Antiques - Property,8. Cultural Property including Antiques,84,179,22898650,34476550
Uttarakhand,2001,Cultural Property including Antiques - Property,8. Cultural Property including Antiques,4,6,1445000,1644000
West Bengal,2001,Cultural Property including Antiques - Property,8. Cultural Property including Antiques,79,176,6799301,25830177
Andaman & Nicobar Islands,2002,Cultural Property including Antiques - Property,8. Cultural Property including Antiques,0,0,0,0
Andhra Pradesh,2002,Cultural Property including Antiques - Property,8. Cultural Property including Antiques,162,247,15356216,19497097
Arunachal Pradesh,2002,Cultural Property including Antiques - Property,8. Cultural Property including Antiques,0,0,0,0
Assam,2002,Cultural Property including Antiques - Property,8. Cultural Property including Antiques,48,173,7350290,25838650
Bihar,2002,Cultural Property including Antiques - Property,8. Cultural Property including Antiques,14,30,6314360,9134467
Chandigarh,2002,Cultural Property including Antiques - Property,8. Cultural Property including Antiques,3,3,850000,850000
Chhattisgarh,2002,Cultural Property including Antiques - Property,8. Cultural Property including Antiques,40,262,3723984,6031976
Dadra & Nagar Haveli,2002,Cultural Property including Antiques - Property,8. Cultural Property including Antiques,0,0,0,0
Daman & Diu,2002,Cultural Property including Antiques - Property,8. Cultural Property including Antiques,0,0,0,0
Delhi,2002,Cultural Property including Antiques - Property,8. Cultural Property including Antiques,101,511,12777321,207920039
Goa,2002,Cultural Property including Antiques - Property,8. Cultural Property including Antiques,4,5,2400000,3100000
Gujarat,2002,Cultural Property including Antiques - Property,8. Cultural Property including Antiques,128,373,11339190,28038107
Haryana,2002,Cultural Property including Antiques - Property,8. Cultural Property including Antiques,212,354,76317720,87217960
Himachal Pradesh,2002,Cultural Property including Antiques - Property,8. Cultural Property including Antiques,13,21,4174000,7394000
Jammu & Kashmir,2002,Cultural Property including Antiques - Property,8. Cultural Property including Antiques,40,86,9413342,17420131
Jharkhand,2002,Cultural Property including Antiques - Property,8. Cultural Property including Antiques,14,17,1266580,1766580
Karnataka,2002,Cultural Property including Antiques - Property,8. Cultural Property including Antiques,141,396,12438312,38968005
Kerala,2002,Cultural Property including Antiques - Property,8. Cultural Property including Antiques,31,83,4358255,11466479
Lakshadweep,2002,Cultural Property including Antiques - Property,8. Cultural Property including Antiques,0,0,0,0
Madhya Pradesh,2002,Cultural Property including Antiques - Property,8. Cultural Property including Antiques,112,302,28739338,39753217
Maharashtra,2002,Cultural Property including Antiques - Property,8. Cultural Property including Antiques,267,423,54893542,90546103
Manipur,2002,Cultural Property including Antiques - Property,8. Cultural Property including Antiques,2,5,1110000,1361000
Meghalaya,2002,Cultural Property including Antiques - Property,8. Cultural Property including Antiques,2,7,500000,2524360
Mizoram,2002,Cultural Property including Antiques - Property,8. Cultural Property including Antiques,2,2,540000,540000
Nagaland,2002,Cultural Property including Antiques - Property,8. Cultural Property including Antiques,8,19,797630,1185472
Odisha,2002,Cultural Property including Antiques - Property,8. Cultural Property including Antiques,32,200,926507,7041920
Puducherry,2002,Cultural Property including Antiques - Property,8. Cultural Property including Antiques,4,4,199000,199000
Punjab,2002,Cultural Property including Antiques - Property,8. Cultural Property including Antiques,97,137,26486976,34043782
Rajasthan,2002,Cultural Property including Antiques - Property,8. Cultural Property including Antiques,99,143,34446286,40505286
Sikkim,2002,Cultural Property including Antiques - Property,8. Cultural Property including Antiques,0,0,0,0
Tamil Nadu,2002,Cultural Property including Antiques - Property,8. Cultural Property including Antiques,151,200,21465574,28393964
Tripura,2002,Cultural Property including Antiques - Property,8. Cultural Property including Antiques,0,1,0,445000
Uttar Pradesh,2002,Cultural Property including Antiques - Property,8. Cultural Property including Antiques,104,178,28696000,33240200
Uttarakhand,2002,Cultural Property including Antiques - Property,8. Cultural Property including Antiques,1,2,100000,140000
West Bengal,2002,Cultural Property including Antiques - Property,8. Cultural Property including Antiques,46,126,4325218,16097355
Andaman & Nicobar Islands,2003,Cultural Property including Antiques - Property,8. Cultural Property including Antiques,0,1,0,110000
Andhra Pradesh,2003,Cultural Property including Antiques - Property,8. Cultural Property including Antiques,210,502,17296869,29616404
Arunachal Pradesh,2003,Cultural Property including Antiques - Property,8. Cultural Property including Antiques,0,0,0,0
Assam,2003,Cultural Property including Antiques - Property,8. Cultural Property including Antiques,7,49,1132500,5849580
Bihar,2003,Cultural Property including Antiques - Property,8. Cultural Property including Antiques,12,24,2372545,5302660
Chandigarh,2003,Cultural Property including Antiques - Property,8. Cultural Property including Antiques,6,8,1125000,1675000
Chhattisgarh,2003,Cultural Property including Antiques - Property,8. Cultural Property including Antiques,23,283,1793305,4044000
Dadra & Nagar Haveli,2003,Cultural Property including Antiques - Property,8. Cultural Property including Antiques,0,0,0,0
Daman & Diu,2003,Cultural Property including Antiques - Property,8. Cultural Property including Antiques,0,0,0,0
Delhi,2003,Cultural Property including Antiques - Property,8. Cultural Property including Antiques,216,459,23311200,518626869
Goa,2003,Cultural Property including Antiques - Property,8. Cultural Property including Antiques,3,3,320000,320000
Gujarat,2003,Cultural Property including Antiques - Property,8. Cultural Property including Antiques,171,463,13088955,31632173
Haryana,2003,Cultural Property including Antiques - Property,8. Cultural Property including Antiques,254,520,84424606,99747100
Himachal Pradesh,2003,Cultural Property including Antiques - Property,8. Cultural Property including Antiques,29,43,11585878,14419935
Jammu & Kashmir,2003,Cultural Property including Antiques - Property,8. Cultural Property including Antiques,30,69,20754440,29297367
Jharkhand,2003,Cultural Property including Antiques - Property,8. Cultural Property including Antiques,8,19,1354580,3259580
Karnataka,2003,Cultural Property including Antiques - Property,8. Cultural Property including Antiques,172,380,15798938,28179291
Kerala,2003,Cultural Property including Antiques - Property,8. Cultural Property including Antiques,21,86,2266500,19838450
Lakshadweep,2003,Cultural Property including Antiques - Property,8. Cultural Property including Antiques,0,0,0,0
Madhya Pradesh,2003,Cultural Property including Antiques - Property,8. Cultural Property including Antiques,106,203,32156444,46371818
Maharashtra,2003,Cultural Property including Antiques - Property,8. Cultural Property including Antiques,190,338,50702030,84363476
Manipur,2003,Cultural Property including Antiques - Property,8. Cultural Property including Antiques,0,4,0,55000
Meghalaya,2003,Cultural Property including Antiques - Property,8. Cultural Property including Antiques,1,11,19000,4270049
Mizoram,2003,Cultural Property including Antiques - Property,8. Cultural Property including Antiques,6,6,457118,1627118
Nagaland,2003,Cultural Property including Antiques - Property,8. Cultural Property including Antiques,8,13,1276747,1675730
Odisha,2003,Cultural Property including Antiques - Property,8. Cultural Property including Antiques,77,258,4893156,8537524
Puducherry,2003,Cultural Property including Antiques - Property,8. Cultural Property including Antiques,2,4,185000,405000
Punjab,2003,Cultural Property including Antiques - Property,8. Cultural Property including Antiques,88,142,27029132,42449445
Rajasthan,2003,Cultural Property including Antiques - Property,8. Cultural Property including Antiques,55,120,27370000,31637000
Sikkim,2003,Cultural Property including Antiques - Property,8. Cultural Property including Antiques,0,0,0,0
Tamil Nadu,2003,Cultural Property including Antiques - Property,8. Cultural Property including Antiques,90,98,17864120,18493830
Tripura,2003,Cultural Property including Antiques - Property,8. Cultural Property including Antiques,0,0,0,0
Uttar Pradesh,2003,Cultural Property including Antiques - Property,8. Cultural Property including Antiques,100,182,36729500,47768050
Uttarakhand,2003,Cultural Property including Antiques - Property,8. Cultural Property including Antiques,5,20,1100000,1366000
West Bengal,2003,Cultural Property including Antiques - Property,8. Cultural Property including Antiques,85,140,24137596,64624841
Andaman & Nicobar Islands,2004,Cultural Property including Antiques - Property,8. Cultural Property including Antiques,1,1,22000,22000
Andhra Pradesh,2004,Cultural Property including Antiques - Property,8. Cultural Property including Antiques,279,460,20572970,30066288
Arunachal Pradesh,2004,Cultural Property including Antiques - Property,8. Cultural Property including Antiques,0,0,0,0
Assam,2004,Cultural Property including Antiques - Property,8. Cultural Property including Antiques,24,122,1700000,9943100
Bihar,2004,Cultural Property including Antiques - Property,8. Cultural Property including Antiques,23,69,5506436,24106562
Chandigarh,2004,Cultural Property including Antiques - Property,8. Cultural Property including Antiques,8,21,1428500,3285500
Chhattisgarh,2004,Cultural Property including Antiques - Property,8. Cultural Property including Antiques,64,129,5632005,11568313
Dadra & Nagar Haveli,2004,Cultural Property including Antiques - Property,8. Cultural Property including Antiques,4,4,974791,974791
Daman & Diu,2004,Cultural Property including Antiques - Property,8. Cultural Property including Antiques,0,0,0,0
Delhi,2004,Cultural Property including Antiques - Property,8. Cultural Property including Antiques,155,681,30377750,647290186
Goa,2004,Cultural Property including Antiques - Property,8. Cultural Property including Antiques,2,4,1650000,3045000
Gujarat,2004,Cultural Property including Antiques - Property,8. Cultural Property including Antiques,138,271,10468280,28383362
Haryana,2004,Cultural Property including Antiques - Property,8. Cultural Property including Antiques,220,386,61357657,78098032
Himachal Pradesh,2004,Cultural Property including Antiques - Property,8. Cultural Property including Antiques,9,29,2681000,7227487
Jammu & Kashmir,2004,Cultural Property including Antiques - Property,8. Cultural Property including Antiques,29,81,5671274,11470227
Jharkhand,2004,Cultural Property including Antiques - Property,8. Cultural Property including Antiques,14,17,1266580,1766580
Karnataka,2004,Cultural Property including Antiques - Property,8. Cultural Property including Antiques,144,430,8547527,30308458
Kerala,2004,Cultural Property including Antiques - Property,8. Cultural Property including Antiques,20,47,2485372,4639192
Lakshadweep,2004,Cultural Property including Antiques - Property,8. Cultural Property including Antiques,0,0,0,0
Madhya Pradesh,2004,Cultural Property including Antiques - Property,8. Cultural Property including Antiques,108,205,23837988,38642478
Maharashtra,2004,Cultural Property including Antiques - Property,8. Cultural Property including Antiques,226,420,64107343,197559309
Manipur,2004,Cultural Property including Antiques - Property,8. Cultural Property including Antiques,1,1,1000000,1000000
Meghalaya,2004,Cultural Property including Antiques - Property,8. Cultural Property including Antiques,4,11,2702000,7335000
Mizoram,2004,Cultural Property including Antiques - Property,8. Cultural Property including Antiques,0,0,0,0
Nagaland,2004,Cultural Property including Antiques - Property,8. Cultural Property including Antiques,1,1,10000,10000
Odisha,2004,Cultural Property including Antiques - Property,8. Cultural Property including Antiques,14,72,1115791,5099632
Puducherry,2004,Cultural Property including Antiques - Property,8. Cultural Property including Antiques,5,5,1465000,1465000
Punjab,2004,Cultural Property including Antiques - Property,8. Cultural Property including Antiques,72,136,24503140,44240534
Rajasthan,2004,Cultural Property including Antiques - Property,8. Cultural Property including Antiques,54,102,21922040,31503400
Sikkim,2004,Cultural Property including Antiques - Property,8. Cultural Property including Antiques,2,3,576000,1070000
Tamil Nadu,2004,Cultural Property including Antiques - Property,8. Cultural Property including Antiques,211,232,22800715,24994153
Tripura,2004,Cultural Property including Antiques - Property,8. Cultural Property including Antiques,2,4,375000,850000
Uttar Pradesh,2004,Cultural Property including Antiques - Property,8. Cultural Property including Antiques,95,210,24855500,31582000
Uttarakhand,2004,Cultural Property including Antiques - Property,8. Cultural Property including Antiques,3,10,430000,1096001
West Bengal,2004,Cultural Property including Antiques - Property,8. Cultural Property including Antiques,72,325,6421342,25212594
Andaman & Nicobar Islands,2005,Cultural Property including Antiques - Property,8. Cultural Property including Antiques,1,1,90000,90000
Andhra Pradesh,2005,Cultural Property including Antiques - Property,8. Cultural Property including Antiques,184,459,18475256,32364341
Arunachal Pradesh,2005,Cultural Property including Antiques - Property,8. Cultural Property including Antiques,0,0,0,0
Assam,2005,Cultural Property including Antiques - Property,8. Cultural Property including Antiques,14,61,2065500,12981050
Bihar,2005,Cultural Property including Antiques - Property,8. Cultural Property including Antiques,8,68,7087000,17528736
Chandigarh,2005,Cultural Property including Antiques - Property,8. Cultural Property including Antiques,8,10,3348830,7692620
Chhattisgarh,2005,Cultural Property including Antiques - Property,8. Cultural Property including Antiques,73,110,17958403,22649523
Dadra & Nagar Haveli,2005,Cultural Property including Antiques - Property,8. Cultural Property including Antiques,5,5,2095000,2095000
Daman & Diu,2005,Cultural Property including Antiques - Property,8. Cultural Property including Antiques,2,5,76500,154960
Delhi,2005,Cultural Property including Antiques - Property,8. Cultural Property including Antiques,468,773,22986250,547262635
Goa,2005,Cultural Property including Antiques - Property,8. Cultural Property including Antiques,3,6,1728000,4323000
Gujarat,2005,Cultural Property including Antiques - Property,8. Cultural Property including Antiques,101,270,18898700,33908044
Haryana,2005,Cultural Property including Antiques - Property,8. Cultural Property including Antiques,233,444,70528261,102125709
Himachal Pradesh,2005,Cultural Property including Antiques - Property,8. Cultural Property including Antiques,23,33,10093927,14638159
Jammu & Kashmir,2005,Cultural Property including Antiques - Property,8. Cultural Property including Antiques,24,49,13623603,19736561
Jharkhand,2005,Cultural Property including Antiques - Property,8. Cultural Property including Antiques,13,46,809568,2298459
Karnataka,2005,Cultural Property including Antiques - Property,8. Cultural Property including Antiques,138,297,15646025,25123364
Kerala,2005,Cultural Property including Antiques - Property,8. Cultural Property including Antiques,83,261,13781470,41174904
Lakshadweep,2005,Cultural Property including Antiques - Property,8. Cultural Property including Antiques,0,0,0,0
Madhya Pradesh,2005,Cultural Property including Antiques - Property,8. Cultural Property including Antiques,131,256,40089138,69906252
Maharashtra,2005,Cultural Property including Antiques - Property,8. Cultural Property including Antiques,151,536,67167121,168339744
Manipur,2005,Cultural Property including Antiques - Property,8. Cultural Property including Antiques,0,0,0,0
Meghalaya,2005,Cultural Property including Antiques - Property,8. Cultural Property including Antiques,2,6,1300000,2559950
Mizoram,2005,Cultural Property including Antiques - Property,8. Cultural Property including Antiques,0,0,0,0
Nagaland,2005,Cultural Property including Antiques - Property,8. Cultural Property including Antiques,2,7,400000,615300
Odisha,2005,Cultural Property including Antiques - Property,8. Cultural Property including Antiques,12,50,6505326,14376325
Puducherry,2005,Cultural Property including Antiques - Property,8. Cultural Property including Antiques,2,2,85000,85000
Punjab,2005,Cultural Property including Antiques - Property,8. Cultural Property including Antiques,60,133,15832678,32387709
Rajasthan,2005,Cultural Property including Antiques - Property,8. Cultural Property including Antiques,81,195,36400604,71826200
Sikkim,2005,Cultural Property including Antiques - Property,8. Cultural Property including Antiques,0,0,0,0
Tamil Nadu,2005,Cultural Property including Antiques - Property,8. Cultural Property including Antiques,211,382,27461097,29735240
Tripura,2005,Cultural Property including Antiques - Property,8. Cultural Property including Antiques,2,2,1600000,1600000
Uttar Pradesh,2005,Cultural Property including Antiques - Property,8. Cultural Property including Antiques,106,247,28030000,42646008
Uttarakhand,2005,Cultural Property including Antiques - Property,8. Cultural Property including Antiques,10,80,1905000,4717000
West Bengal,2005,Cultural Property including Antiques - Property,8. Cultural Property including Antiques,16,93,4776784,14250581
Andaman & Nicobar Islands,2006,Cultural Property including Antiques - Property,8. Cultural Property including Antiques,1,1,80000,80000
Andhra Pradesh,2006,Cultural Property including Antiques - Property,8. Cultural Property including Antiques,271,479,33466283,51630450
Arunachal Pradesh,2006,Cultural Property including Antiques - Property,8. Cultural Property including Antiques,0,0,0,0
Assam,2006,Cultural Property including Antiques - Property,8. Cultural Property including Antiques,88,322,25506475,37169585
Bihar,2006,Cultural Property including Antiques - Property,8. Cultural Property including Antiques,16,274,3326859,12979635
Chandigarh,2006,Cultural Property including Antiques - Property,8. Cultural Property including Antiques,8,10,1295000,1645000
Chhattisgarh,2006,Cultural Property including Antiques - Property,8. Cultural Property including Antiques,52,138,9016736,13743436
Dadra & Nagar Haveli,2006,Cultural Property including Antiques - Property,8. Cultural Property including Antiques,0,0,0,0
Daman & Diu,2006,Cultural Property including Antiques - Property,8. Cultural Property including Antiques,0,0,0,0
Delhi,2006,Cultural Property including Antiques - Property,8. Cultural Property including Antiques,487,673,27349020,623972848
Goa,2006,Cultural Property including Antiques - Property,8. Cultural Property including Antiques,7,15,4184760,9251760
Gujarat,2006,Cultural Property including Antiques - Property,8. Cultural Property including Antiques,89,307,13838951,37372524
Haryana,2006,Cultural Property including Antiques - Property,8. Cultural Property including Antiques,259,509,81497070,115179472
Himachal Pradesh,2006,Cultural Property including Antiques - Property,8. Cultural Property including Antiques,22,43,9363995,15504795
Jammu & Kashmir,2006,Cultural Property including Antiques - Property,8. Cultural Property including Antiques,87,205,19858511,32605896
Jharkhand,2006,Cultural Property including Antiques - Property,8. Cultural Property including Antiques,17,41,2653200,6815000
Karnataka,2006,Cultural Property including Antiques - Property,8. Cultural Property including Antiques,123,296,19336212,32168882
Kerala,2006,Cultural Property including Antiques - Property,8. Cultural Property including Antiques,110,300,9099520,37823900
Lakshadweep,2006,Cultural Property including Antiques - Property,8. Cultural Property including Antiques,0,0,0,0
Madhya Pradesh,2006,Cultural Property including Antiques - Property,8. Cultural Property including Antiques,189,496,41096432,80348118
Maharashtra,2006,Cultural Property including Antiques - Property,8. Cultural Property including Antiques,195,438,78063350,179415539
Manipur,2006,Cultural Property including Antiques - Property,8. Cultural Property including Antiques,2,7,90800,705000
Meghalaya,2006,Cultural Property including Antiques - Property,8. Cultural Property including Antiques,5,13,400000,3100000
Mizoram,2006,Cultural Property including Antiques - Property,8. Cultural Property including Antiques,4,6,530456,1134976
Nagaland,2006,Cultural Property including Antiques - Property,8. Cultural Property including Antiques,25,62,3322400,15513400
Odisha,2006,Cultural Property including Antiques - Property,8. Cultural Property including Antiques,13,65,2238300,15405064
Puducherry,2006,Cultural Property including Antiques - Property,8. Cultural Property including Antiques,10,11,3860000,3890000
Punjab,2006,Cultural Property including Antiques - Property,8. Cultural Property including Antiques,96,185,22372461,40256645
Rajasthan,2006,Cultural Property including Antiques - Property,8. Cultural Property including Antiques,80,226,40191320,134905202
Sikkim,2006,Cultural Property including Antiques - Property,8. Cultural Property including Antiques,2,2,900000,900000
Tamil Nadu,2006,Cultural Property including Antiques - Property,8. Cultural Property including Antiques,88,93,31265983,32155983
Tripura,2006,Cultural Property including Antiques - Property,8. Cultural Property including Antiques,1,1,100000,100000
Uttar Pradesh,2006,Cultural Property including Antiques - Property,8. Cultural Property including Antiques,134,320,44886500,57481100
Uttarakhand,2006,Cultural Property including Antiques - Property,8. Cultural Property including Antiques,10,24,2102000,4952000
West Bengal,2006,Cultural Property including Antiques - Property,8. Cultural Property including Antiques,32,113,13965237,57908232
Andaman & Nicobar Islands,2007,Cultural Property including Antiques - Property,8. Cultural Property including Antiques,0,0,0,0
Andhra Pradesh,2007,Cultural Property including Antiques - Property,8. Cultural Property including Antiques,196,390,35054775,45061420
Arunachal Pradesh,2007,Cultural Property including Antiques - Property,8. Cultural Property including Antiques,0,0,0,0
Assam,2007,Cultural Property including Antiques - Property,8. Cultural Property including Antiques,350,992,7256460,20343050
Bihar,2007,Cultural Property including Antiques - Property,8. Cultural Property including Antiques,41,461,3601954,14497885
Chandigarh,2007,Cultural Property including Antiques - Property,8. Cultural Property including Antiques,7,22,600000,2225000
Chhattisgarh,2007,Cultural Property including Antiques - Property,8. Cultural Property including Antiques,58,150,14260215,18776601
Dadra & Nagar Haveli,2007,Cultural Property including Antiques - Property,8. Cultural Property including Antiques,1,2,130000,1150000
Daman & Diu,2007,Cultural Property including Antiques - Property,8. Cultural Property including Antiques,0,1,0,800000
Delhi,2007,Cultural Property including Antiques - Property,8. Cultural Property including Antiques,472,620,21667761,147095637
Goa,2007,Cultural Property including Antiques - Property,8. Cultural Property including Antiques,3,8,1750000,5565000
Gujarat,2007,Cultural Property including Antiques - Property,8. Cultural Property including Antiques,79,269,29715863,56936164
Haryana,2007,Cultural Property including Antiques - Property,8. Cultural Property including Antiques,315,753,102046830,172435419
Himachal Pradesh,2007,Cultural Property including Antiques - Property,8. Cultural Property including Antiques,34,92,14966800,33161270
Jammu & Kashmir,2007,Cultural Property including Antiques - Property,8. Cultural Property including Antiques,68,204,19318250,31787956
Jharkhand,2007,Cultural Property including Antiques - Property,8. Cultural Property including Antiques,20,123,806354,2772888
Karnataka,2007,Cultural Property including Antiques - Property,8. Cultural Property including Antiques,130,351,24368125,46370739
Kerala,2007,Cultural Property including Antiques - Property,8. Cultural Property including Antiques,82,206,19322350,46015225
Lakshadweep,2007,Cultural Property including Antiques - Property,8. Cultural Property including Antiques,0,0,0,0
Madhya Pradesh,2007,Cultural Property including Antiques - Property,8. Cultural Property including Antiques,194,479,55256174,109531453
Maharashtra,2007,Cultural Property including Antiques - Property,8. Cultural Property including Antiques,167,496,100051868,253968417
Manipur,2007,Cultural Property including Antiques - Property,8. Cultural Property including Antiques,2,30,490000,3187000
Meghalaya,2007,Cultural Property including Antiques - Property,8. Cultural Property including Antiques,4,33,1074000,7318939
Mizoram,2007,Cultural Property including Antiques - Property,8. Cultural Property including Antiques,2,4,1000000,2000000
Nagaland,2007,Cultural Property including Antiques - Property,8. Cultural Property including Antiques,6,61,2170000,8055000
Odisha,2007,Cultural Property including Antiques - Property,8. Cultural Property including Antiques,27,109,252483,766000
Puducherry,2007,Cultural Property including Antiques - Property,8. Cultural Property including Antiques,7,9,1645000,1843000
Punjab,2007,Cultural Property including Antiques - Property,8. Cultural Property including Antiques,161,369,39961724,79600198
Rajasthan,2007,Cultural Property including Antiques - Property,8. Cultural Property including Antiques,108,229,74528500,185635000
Sikkim,2007,Cultural Property including Antiques - Property,8. Cultural Property including Antiques,2,2,25000,25000
Tamil Nadu,2007,Cultural Property including Antiques - Property,8. Cultural Property including Antiques,208,243,59493470,61504500
Tripura,2007,Cultural Property including Antiques - Property,8. Cultural Property including Antiques,2,2,1700000,1700000
Uttar Pradesh,2007,Cultural Property including Antiques - Property,8. Cultural Property including Antiques,170,448,60113900,89787000
Uttarakhand,2007,Cultural Property including Antiques - Property,8. Cultural Property including Antiques,4,8,1765000,3265000
West Bengal,2007,Cultural Property including Antiques - Property,8. Cultural Property including Antiques,27,63,2468726,15330634
Andaman & Nicobar Islands,2008,Cultural Property including Antiques - Property,8. Cultural Property including Antiques,1,1,700000,700000
Andhra Pradesh,2008,Cultural Property including Antiques - Property,8. Cultural Property including Antiques,330,555,58350069,90014691
Arunachal Pradesh,2008,Cultural Property including Antiques - Property,8. Cultural Property including Antiques,0,0,0,0
Assam,2008,Cultural Property including Antiques - Property,8. Cultural Property including Antiques,26,115,6278673,17780464
Bihar,2008,Cultural Property including Antiques - Property,8. Cultural Property including Antiques,20,96,2953777,12837789
Chandigarh,2008,Cultural Property including Antiques - Property,8. Cultural Property including Antiques,1,6,275000,925000
Chhattisgarh,2008,Cultural Property including Antiques - Property,8. Cultural Property including Antiques,32,68,14425966,22716221
Dadra & Nagar Haveli,2008,Cultural Property including Antiques - Property,8. Cultural Property including Antiques,1,10,60000,5435437
Daman & Diu,2008,Cultural Property including Antiques - Property,8. Cultural Property including Antiques,0,0,0,0
Delhi,2008,Cultural Property including Antiques - Property,8. Cultural Property including Antiques,100,696,17603154,29460670
Goa,2008,Cultural Property including Antiques - Property,8. Cultural Property including Antiques,4,18,2452290,13253290
Gujarat,2008,Cultural Property including Antiques - Property,8. Cultural Property including Antiques,150,376,24141861,72119614
Haryana,2008,Cultural Property including Antiques - Property,8. Cultural Property including Antiques,249,580,113856025,171044010
Himachal Pradesh,2008,Cultural Property including Antiques - Property,8. Cultural Property including Antiques,17,58,6534525,32915242
Jammu & Kashmir,2008,Cultural Property including Antiques - Property,8. Cultural Property including Antiques,39,86,10061492,23869543
Jharkhand,2008,Cultural Property including Antiques - Property,8. Cultural Property including Antiques,24,102,1749285,7792633
Karnataka,2008,Cultural Property including Antiques - Property,8. Cultural Property including Antiques,143,519,25575025,66989149
Kerala,2008,Cultural Property including Antiques - Property,8. Cultural Property including Antiques,94,220,22859302,52190052
Lakshadweep,2008,Cultural Property including Antiques - Property,8. Cultural Property including Antiques,0,0,0,0
Madhya Pradesh,2008,Cultural Property including Antiques - Property,8. Cultural Property including Antiques,173,487,40523176,89746652
Maharashtra,2008,Cultural Property including Antiques - Property,8. Cultural Property including Antiques,274,861,85341497,271068036
Manipur,2008,Cultural Property including Antiques - Property,8. Cultural Property including Antiques,0,6,0,970700
Meghalaya,2008,Cultural Property including Antiques - Property,8. Cultural Property including Antiques,7,32,2620000,22998900
Mizoram,2008,Cultural Property including Antiques - Property,8. Cultural Property including Antiques,11,12,1955749,2075749
Nagaland,2008,Cultural Property including Antiques - Property,8. Cultural Property including Antiques,3,42,930777,274628035
Odisha,2008,Cultural Property including Antiques - Property,8. Cultural Property including Antiques,37,79,6567439,19948284
Puducherry,2008,Cultural Property including Antiques - Property,8. Cultural Property including Antiques,7,12,1823000,2458000
Punjab,2008,Cultural Property including Antiques - Property,8. Cultural Property including Antiques,81,208,46648854,91111310
Rajasthan,2008,Cultural Property including Antiques - Property,8. Cultural Property including Antiques,170,436,90482845,122942050
Sikkim,2008,Cultural Property including Antiques - Property,8. Cultural Property including Antiques,2,2,800000,800000
Tamil Nadu,2008,Cultural Property including Antiques - Property,8. Cultural Property including Antiques,198,225,48705709,54564939
Tripura,2008,Cultural Property including Antiques - Property,8. Cultural Property including Antiques,8,8,1280000,1280000
Uttar Pradesh,2008,Cultural Property including Antiques - Property,8. Cultural Property including Antiques,156,407,51673000,84878210
Uttarakhand,2008,Cultural Property including Antiques - Property,8. Cultural Property including Antiques,3,15,2900000,6540000
West Bengal,2008,Cultural Property including Antiques - Property,8. Cultural Property including Antiques,32,137,18579725,52663594
Andaman & Nicobar Islands,2009,Cultural Property including Antiques - Property,8. Cultural Property including Antiques,0,0,0,0
Andhra Pradesh,2009,Cultural Property including Antiques - Property,8. Cultural Property including Antiques,396,576,51800088,65889450
Arunachal Pradesh,2009,Cultural Property including Antiques - Property,8. Cultural Property including Antiques,0,0,0,0
Assam,2009,Cultural Property including Antiques - Property,8. Cultural Property including Antiques,31,143,9070050,31046431
Bihar,2009,Cultural Property including Antiques - Property,8. Cultural Property including Antiques,35,212,6626471,31621160
Chandigarh,2009,Cultural Property including Antiques - Property,8. Cultural Property including Antiques,1,3,275000,675000
Chhattisgarh,2009,Cultural Property including Antiques - Property,8. Cultural Property including Antiques,31,70,21523127,29764683
Dadra & Nagar Haveli,2009,Cultural Property including Antiques - Property,8. Cultural Property including Antiques,0,3,0,981000
Daman & Diu,2009,Cultural Property including Antiques - Property,8. Cultural Property including Antiques,0,0,0,0
Delhi,2009,Cultural Property including Antiques - Property,8. Cultural Property including Antiques,142,691,26528190,237717250
Goa,2009,Cultural Property including Antiques - Property,8. Cultural Property including Antiques,10,17,8450150,16019000
Gujarat,2009,Cultural Property including Antiques - Property,8. Cultural Property including Antiques,153,566,46431414,130514628
Haryana,2009,Cultural Property including Antiques - Property,8. Cultural Property including Antiques,265,713,94379129,155942093
Himachal Pradesh,2009,Cultural Property including Antiques - Property,8. Cultural Property including Antiques,17,40,7450000,15071000
Jammu & Kashmir,2009,Cultural Property including Antiques - Property,8. Cultural Property including Antiques,72,217,23092936,41412991
Jharkhand,2009,Cultural Property including Antiques - Property,8. Cultural Property including Antiques,6,33,1380000,8904000
Karnataka,2009,Cultural Property including Antiques - Property,8. Cultural Property including Antiques,124,315,30147900,75174081
Kerala,2009,Cultural Property including Antiques - Property,8. Cultural Property including Antiques,83,223,15094990,42473529
Lakshadweep,2009,Cultural Property including Antiques - Property,8. Cultural Property including Antiques,0,0,0,0
Madhya Pradesh,2009,Cultural Property including Antiques - Property,8. Cultural Property including Antiques,192,454,72175020,127146749
Maharashtra,2009,Cultural Property including Antiques - Property,8. Cultural Property including Antiques,371,896,115836645,486316611
Manipur,2009,Cultural Property including Antiques - Property,8. Cultural Property including Antiques,1,16,135000,2180000
Meghalaya,2009,Cultural Property including Antiques - Property,8. Cultural Property including Antiques,8,22,2977700,8462000
Mizoram,2009,Cultural Property including Antiques - Property,8. Cultural Property including Antiques,27,36,10534561,13123270
Nagaland,2009,Cultural Property including Antiques - Property,8. Cultural Property including Antiques,6,30,2500000,5850000
Odisha,2009,Cultural Property including Antiques - Property,8. Cultural Property including Antiques,34,114,18147268,45682191
Puducherry,2009,Cultural Property including Antiques - Property,8. Cultural Property including Antiques,4,6,1510000,1755000
Punjab,2009,Cultural Property including Antiques - Property,8. Cultural Property including Antiques,96,234,32877323,60550955
Rajasthan,2009,Cultural Property including Antiques - Property,8. Cultural Property including Antiques,114,342,75825211,100480911
Sikkim,2009,Cultural Property including Antiques - Property,8. Cultural Property including Antiques,1,2,300000,680000
Tamil Nadu,2009,Cultural Property including Antiques - Property,8. Cultural Property including Antiques,115,139,48072936,51616270
Tripura,2009,Cultural Property including Antiques - Property,8. Cultural Property including Antiques,4,4,930000,930000
Uttar Pradesh,2009,Cultural Property including Antiques - Property,8. Cultural Property including Antiques,151,479,56649534,92721534
Uttarakhand,2009,Cultural Property including Antiques - Property,8. Cultural Property including Antiques,10,40,7610000,17757000
West Bengal,2009,Cultural Property including Antiques - Property,8. Cultural Property including Antiques,38,183,10829630,63535874
Andaman & Nicobar Islands,2010,Cultural Property including Antiques - Property,8. Cultural Property including Antiques,0,1,0,120000
Andhra Pradesh,2010,Cultural Property including Antiques - Property,8. Cultural Property including Antiques,625,704,49668566,67374677
Arunachal Pradesh,2010,Cultural Property including Antiques - Property,8. Cultural Property including Antiques,0,1,0,551000
Assam,2010,Cultural Property including Antiques - Property,8. Cultural Property including Antiques,12,45,4294950,13152706
Bihar,2010,Cultural Property including Antiques - Property,8. Cultural Property including Antiques,31,336,7766127,39490056
Chandigarh,2010,Cultural Property including Antiques - Property,8. Cultural Property including Antiques,3,7,800000,1600000
Chhattisgarh,2010,Cultural Property including Antiques - Property,8. Cultural Property including Antiques,43,139,20576554,41764474
Dadra & Nagar Haveli,2010,Cultural Property including Antiques - Property,8. Cultural Property including Antiques,1,5,460000,2441000
Daman & Diu,2010,Cultural Property including Antiques - Property,8. Cultural Property including Antiques,1,1,1400000,1400000
Delhi,2010,Cultural Property including Antiques - Property,8. Cultural Property including Antiques,105,600,11601809,190923260
Goa,2010,Cultural Property including Antiques - Property,8. Cultural Property including Antiques,8,15,5844240,11582767
Gujarat,2010,Cultural Property including Antiques - Property,8. Cultural Property including Antiques,153,592,35317313,84197782
Haryana,2010,Cultural Property including Antiques - Property,8. Cultural Property including Antiques,309,793,82206947,158432574
Himachal Pradesh,2010,Cultural Property including Antiques - Property,8. Cultural Property including Antiques,17,36,10433000,22698300
Jammu & Kashmir,2010,Cultural Property including Antiques - Property,8. Cultural Property including Antiques,53,127,30151637,48984896
Jharkhand,2010,Cultural Property including Antiques - Property,8. Cultural Property including Antiques,13,48,3217745,16159852
Karnataka,2010,Cultural Property including Antiques - Property,8. Cultural Property including Antiques,97,214,29132950,53038885
Kerala,2010,Cultural Property including Antiques - Property,8. Cultural Property including Antiques,75,156,18274547,44652445
Lakshadweep,2010,Cultural Property including Antiques - Property,8. Cultural Property including Antiques,0,0,0,0
Madhya Pradesh,2010,Cultural Property including Antiques - Property,8. Cultural Property including Antiques,139,410,55028156,103946982
Maharashtra,2010,Cultural Property including Antiques - Property,8. Cultural Property including Antiques,279,868,126028228,489509816
Manipur,2010,Cultural Property including Antiques - Property,8. Cultural Property including Antiques,2,5,91900,1894000
Meghalaya,2010,Cultural Property including Antiques - Property,8. Cultural Property including Antiques,2,10,675000,3525000
Mizoram,2010,Cultural Property including Antiques - Property,8. Cultural Property including Antiques,9,13,765000,2465000
Nagaland,2010,Cultural Property including Antiques - Property,8. Cultural Property including Antiques,10,56,5090000,5970000
Odisha,2010,Cultural Property including Antiques - Property,8. Cultural Property including Antiques,49,185,19779857,57402663
Puducherry,2010,Cultural Property including Antiques - Property,8. Cultural Property including Antiques,1,1,40000,40000
Punjab,2010,Cultural Property including Antiques - Property,8. Cultural Property including Antiques,122,194,47332783,86025722
Rajasthan,2010,Cultural Property including Antiques - Property,8. Cultural Property including Antiques,208,419,104130394,133813270
Sikkim,2010,Cultural Property including Antiques - Property,8. Cultural Property including Antiques,0,0,0,0
Tamil Nadu,2010,Cultural Property including Antiques - Property,8. Cultural Property including Antiques,122,149,42118931,45263294
Tripura,2010,Cultural Property including Antiques - Property,8. Cultural Property including Antiques,2,3,335000,1085000
Uttar Pradesh,2010,Cultural Property including Antiques - Property,8. Cultural Property including Antiques,140,491,57892632,96893309
Uttarakhand,2010,Cultural Property including Antiques - Property,8. Cultural Property including Antiques,15,30,9601500,23219850
West Bengal,2010,Cultural Property including Antiques - Property,8. Cultural Property including Antiques,47,305,14557942,78256326
Andaman & Nicobar Islands,2001,Cycle - Property,3. Cycle,0,1,0,2000
Andhra Pradesh,2001,Cycle - Property,3. Cycle,2972,3757,5242771,6030012
Arunachal Pradesh,2001,Cycle - Property,3. Cycle,8,10,11200,14300
Assam,2001,Cycle - Property,3. Cycle,222,643,246117,581110
Bihar,2001,Cycle - Property,3. Cycle,175,525,213476,610820
Chandigarh,2001,Cycle - Property,3. Cycle,93,235,100470,247640
Chhattisgarh,2001,Cycle - Property,3. Cycle,147,294,230579,444226
Dadra & Nagar Haveli,2001,Cycle - Property,3. Cycle,0,0,0,0
Daman & Diu,2001,Cycle - Property,3. Cycle,0,0,0,0
Delhi,2001,Cycle - Property,3. Cycle,126,377,95570,321770
Goa,2001,Cycle - Property,3. Cycle,4,7,7800,12825
Gujarat,2001,Cycle - Property,3. Cycle,367,1282,393466,1611369
Haryana,2001,Cycle - Property,3. Cycle,192,275,310396,399129
Himachal Pradesh,2001,Cycle - Property,3. Cycle,1,1,1200,1200
Jammu & Kashmir,2001,Cycle - Property,3. Cycle,4,12,8000,16670
Jharkhand,2001,Cycle - Property,3. Cycle,18,123,38175,256915
Karnataka,2001,Cycle - Property,3. Cycle,398,717,532207,1214735
Kerala,2001,Cycle - Property,3. Cycle,67,78,76809,96609
Lakshadweep,2001,Cycle - Property,3. Cycle,1,1,2300,2300
Madhya Pradesh,2001,Cycle - Property,3. Cycle,426,853,521009,1101528
Maharashtra,2001,Cycle - Property,3. Cycle,786,1505,1682783,4208716
Manipur,2001,Cycle - Property,3. Cycle,3,6,10000,15205
Meghalaya,2001,Cycle - Property,3. Cycle,0,2,0,3000
Mizoram,2001,Cycle - Property,3. Cycle,0,1,0,3700
Nagaland,2001,Cycle - Property,3. Cycle,1,1,1500,1500
Odisha,2001,Cycle - Property,3. Cycle,216,516,205341,439054
Puducherry,2001,Cycle - Property,3. Cycle,37,66,40910,76349
Punjab,2001,Cycle - Property,3. Cycle,18,36,34150,246550
Rajasthan,2001,Cycle - Property,3. Cycle,104,320,159988,340063
Sikkim,2001,Cycle - Property,3. Cycle,0,0,0,0
Tamil Nadu,2001,Cycle - Property,3. Cycle,2362,2387,3155220,3219613
Tripura,2001,Cycle - Property,3. Cycle,1,2,1600,2600
Uttar Pradesh,2001,Cycle - Property,3. Cycle,485,1454,577550,1299863
Uttarakhand,2001,Cycle - Property,3. Cycle,12,34,12100,28300
West Bengal,2001,Cycle - Property,3. Cycle,84,347,103739,415870
Andaman & Nicobar Islands,2002,Cycle - Property,3. Cycle,0,0,0,0
Andhra Pradesh,2002,Cycle - Property,3. Cycle,2491,3552,5318053,6101863
Arunachal Pradesh,2002,Cycle - Property,3. Cycle,11,11,19730,19730
Assam,2002,Cycle - Property,3. Cycle,353,832,454269,877702
Bihar,2002,Cycle - Property,3. Cycle,170,568,212177,685882
Chandigarh,2002,Cycle - Property,3. Cycle,49,204,68990,359380
Chhattisgarh,2002,Cycle - Property,3. Cycle,130,207,173043,376307
Dadra & Nagar Haveli,2002,Cycle - Property,3. Cycle,3,14,7160,7660
Daman & Diu,2002,Cycle - Property,3. Cycle,0,0,0,0
Delhi,2002,Cycle - Property,3. Cycle,123,250,74850,237951
Goa,2002,Cycle - Property,3. Cycle,1,2,3400,4859
Gujarat,2002,Cycle - Property,3. Cycle,368,1319,442201,1809178
Haryana,2002,Cycle - Property,3. Cycle,214,258,337628,383658
Himachal Pradesh,2002,Cycle - Property,3. Cycle,1,2,900,1300
Jammu & Kashmir,2002,Cycle - Property,3. Cycle,19,26,34740,42690
Jharkhand,2002,Cycle - Property,3. Cycle,64,363,84900,211183
Karnataka,2002,Cycle - Property,3. Cycle,552,863,818431,1424671
Kerala,2002,Cycle - Property,3. Cycle,49,57,59412,69390
Lakshadweep,2002,Cycle - Property,3. Cycle,1,1,8000,8000
Madhya Pradesh,2002,Cycle - Property,3. Cycle,402,958,506432,1136364
Maharashtra,2002,Cycle - Property,3. Cycle,655,1244,1061478,2120897
Manipur,2002,Cycle - Property,3. Cycle,3,14,6550,27950
Meghalaya,2002,Cycle - Property,3. Cycle,0,3,0,3200
Mizoram,2002,Cycle - Property,3. Cycle,1,1,3000,3000
Nagaland,2002,Cycle - Property,3. Cycle,4,5,6000,7500
Odisha,2002,Cycle - Property,3. Cycle,143,339,145874,364221
Puducherry,2002,Cycle - Property,3. Cycle,51,61,66020,72970
Punjab,2002,Cycle - Property,3. Cycle,47,52,83180,91380
Rajasthan,2002,Cycle - Property,3. Cycle,88,279,146052,273879
Sikkim,2002,Cycle - Property,3. Cycle,0,0,0,0
Tamil Nadu,2002,Cycle - Property,3. Cycle,2405,2433,4034150,4063630
Tripura,2002,Cycle - Property,3. Cycle,3,7,3200,9900
Uttar Pradesh,2002,Cycle - Property,3. Cycle,431,936,467405,766854
Uttarakhand,2002,Cycle - Property,3. Cycle,22,36,36650,47950
West Bengal,2002,Cycle - Property,3. Cycle,97,313,137929,796576
Andaman & Nicobar Islands,2003,Cycle - Property,3. Cycle,0,2,0,4000
Andhra Pradesh,2003,Cycle - Property,3. Cycle,2340,3264,3766220,4795503
Arunachal Pradesh,2003,Cycle - Property,3. Cycle,9,10,14300,15800
Assam,2003,Cycle - Property,3. Cycle,341,1038,307364,2201225
Bihar,2003,Cycle - Property,3. Cycle,140,541,270100,1392668
Chandigarh,2003,Cycle - Property,3. Cycle,75,113,118750,155910
Chhattisgarh,2003,Cycle - Property,3. Cycle,90,162,108288,178518
Dadra & Nagar Haveli,2003,Cycle - Property,3. Cycle,1,1,1750,1750
Daman & Diu,2003,Cycle - Property,3. Cycle,0,0,0,0
Delhi,2003,Cycle - Property,3. Cycle,115,176,41208,150300
Goa,2003,Cycle - Property,3. Cycle,6,6,14100,14100
Gujarat,2003,Cycle - Property,3. Cycle,328,1595,370229,1998942
Haryana,2003,Cycle - Property,3. Cycle,175,204,490730,564605
Himachal Pradesh,2003,Cycle - Property,3. Cycle,2,2,3500,3500
Jammu & Kashmir,2003,Cycle - Property,3. Cycle,2,3,3500,5500
Jharkhand,2003,Cycle - Property,3. Cycle,93,265,69657,198683
Karnataka,2003,Cycle - Property,3. Cycle,396,622,619915,1039289
Kerala,2003,Cycle - Property,3. Cycle,43,54,79620,96120
Lakshadweep,2003,Cycle - Property,3. Cycle,0,2,0,6000
Madhya Pradesh,2003,Cycle - Property,3. Cycle,375,803,515107,917068
Maharashtra,2003,Cycle - Property,3. Cycle,516,952,788197,1427156
Manipur,2003,Cycle - Property,3. Cycle,1,8,2000,10400
Meghalaya,2003,Cycle - Property,3. Cycle,0,0,0,0
Mizoram,2003,Cycle - Property,3. Cycle,6,6,64250,64250
Nagaland,2003,Cycle - Property,3. Cycle,0,0,0,0
Odisha,2003,Cycle - Property,3. Cycle,196,397,175402,301232
Puducherry,2003,Cycle - Property,3. Cycle,34,43,45200,51140
Punjab,2003,Cycle - Property,3. Cycle,57,62,101300,104400
Rajasthan,2003,Cycle - Property,3. Cycle,111,234,139600,268000
Sikkim,2003,Cycle - Property,3. Cycle,0,0,0,0
Tamil Nadu,2003,Cycle - Property,3. Cycle,2154,2190,3067760,3105470
Tripura,2003,Cycle - Property,3. Cycle,10,23,20000,46000
Uttar Pradesh,2003,Cycle - Property,3. Cycle,216,397,490765,706570
Uttarakhand,2003,Cycle - Property,3. Cycle,17,31,15950,26650
West Bengal,2003,Cycle - Property,3. Cycle,90,337,105055,401170
Andaman & Nicobar Islands,2004,Cycle - Property,3. Cycle,1,1,2140,2140
Andhra Pradesh,2004,Cycle - Property,3. Cycle,2369,2920,4371905,5278420
Arunachal Pradesh,2004,Cycle - Property,3. Cycle,3,3,6400,6400
Assam,2004,Cycle - Property,3. Cycle,236,677,472290,1572535
Bihar,2004,Cycle - Property,3. Cycle,163,612,186337,657288
Chandigarh,2004,Cycle - Property,3. Cycle,96,144,149500,189000
Chhattisgarh,2004,Cycle - Property,3. Cycle,166,262,212025,318625
Dadra & Nagar Haveli,2004,Cycle - Property,3. Cycle,1,1,2000,2000
Daman & Diu,2004,Cycle - Property,3. Cycle,0,0,0,0
Delhi,2004,Cycle - Property,3. Cycle,90,153,48350,140500
Goa,2004,Cycle - Property,3. Cycle,5,5,10550,10550
Gujarat,2004,Cycle - Property,3. Cycle,288,1346,345357,2301462
Haryana,2004,Cycle - Property,3. Cycle,146,178,280625,308570
Himachal Pradesh,2004,Cycle - Property,3. Cycle,1,2,1500,3100
Jammu & Kashmir,2004,Cycle - Property,3. Cycle,3,4,3700,3700
Jharkhand,2004,Cycle - Property,3. Cycle,64,363,84900,211183
Karnataka,2004,Cycle - Property,3. Cycle,429,594,3561752,3843141
Kerala,2004,Cycle - Property,3. Cycle,37,49,40130,47155
Lakshadweep,2004,Cycle - Property,3. Cycle,0,0,0,0
Madhya Pradesh,2004,Cycle - Property,3. Cycle,378,794,482020,968537
Maharashtra,2004,Cycle - Property,3. Cycle,553,952,846998,1474800
Manipur,2004,Cycle - Property,3. Cycle,0,2,0,6200
Meghalaya,2004,Cycle - Property,3. Cycle,2,3,3600,3600
Mizoram,2004,Cycle - Property,3. Cycle,3,3,6750,6750
Nagaland,2004,Cycle - Property,3. Cycle,0,1,0,2000
Odisha,2004,Cycle - Property,3. Cycle,165,357,562882,1782957
Puducherry,2004,Cycle - Property,3. Cycle,71,79,107900,113450
Punjab,2004,Cycle - Property,3. Cycle,39,40,57225,57225
Rajasthan,2004,Cycle - Property,3. Cycle,98,204,205998,274648
Sikkim,2004,Cycle - Property,3. Cycle,0,0,0,0
Tamil Nadu,2004,Cycle - Property,3. Cycle,2289,2310,3101100,3151030
Tripura,2004,Cycle - Property,3. Cycle,2,6,1200,11000
Uttar Pradesh,2004,Cycle - Property,3. Cycle,351,575,438575,551575
Uttarakhand,2004,Cycle - Property,3. Cycle,23,32,24050,29550
West Bengal,2004,Cycle - Property,3. Cycle,76,239,114900,332980
Andaman & Nicobar Islands,2005,Cycle - Property,3. Cycle,2,2,6000,6000
Andhra Pradesh,2005,Cycle - Property,3. Cycle,2452,2695,4040994,4502425
Arunachal Pradesh,2005,Cycle - Property,3. Cycle,1,1,1500,1500
Assam,2005,Cycle - Property,3. Cycle,230,451,283240,620555
Bihar,2005,Cycle - Property,3. Cycle,108,544,146171,718241
Chandigarh,2005,Cycle - Property,3. Cycle,79,140,101050,171500
Chhattisgarh,2005,Cycle - Property,3. Cycle,97,173,137397,239122
Dadra & Nagar Haveli,2005,Cycle - Property,3. Cycle,2,3,3000,4000
Daman & Diu,2005,Cycle - Property,3. Cycle,0,0,0,0
Delhi,2005,Cycle - Property,3. Cycle,141,190,128310,172900
Goa,2005,Cycle - Property,3. Cycle,1,1,500,500
Gujarat,2005,Cycle - Property,3. Cycle,288,1193,317924,1700148
Haryana,2005,Cycle - Property,3. Cycle,226,270,460170,507230
Himachal Pradesh,2005,Cycle - Property,3. Cycle,1,1,2400,2400
Jammu & Kashmir,2005,Cycle - Property,3. Cycle,5,6,7840,9340
Jharkhand,2005,Cycle - Property,3. Cycle,36,204,48840,172200
Karnataka,2005,Cycle - Property,3. Cycle,413,569,698651,988003
Kerala,2005,Cycle - Property,3. Cycle,57,64,93393,102493
Lakshadweep,2005,Cycle - Property,3. Cycle,0,1,0,2318
Madhya Pradesh,2005,Cycle - Property,3. Cycle,405,792,981615,1382767
Maharashtra,2005,Cycle - Property,3. Cycle,569,1046,929482,1901897
Manipur,2005,Cycle - Property,3. Cycle,1,4,1500,7000
Meghalaya,2005,Cycle - Property,3. Cycle,2,3,4000,5200
Mizoram,2005,Cycle - Property,3. Cycle,0,0,0,0
Nagaland,2005,Cycle - Property,3. Cycle,0,0,0,0
Odisha,2005,Cycle - Property,3. Cycle,188,340,183119,293605
Puducherry,2005,Cycle - Property,3. Cycle,44,46,57950,59450
Punjab,2005,Cycle - Property,3. Cycle,42,49,82100,89350
Rajasthan,2005,Cycle - Property,3. Cycle,119,270,210125,333315
Sikkim,2005,Cycle - Property,3. Cycle,0,1,0,5000
Tamil Nadu,2005,Cycle - Property,3. Cycle,2023,2029,2761000,2792050
Tripura,2005,Cycle - Property,3. Cycle,3,6,6150,11150
Uttar Pradesh,2005,Cycle - Property,3. Cycle,308,493,398670,499020
Uttarakhand,2005,Cycle - Property,3. Cycle,19,31,17500,25550
West Bengal,2005,Cycle - Property,3. Cycle,88,200,141671,348465
Andaman & Nicobar Islands,2006,Cycle - Property,3. Cycle,0,0,0,0
Andhra Pradesh,2006,Cycle - Property,3. Cycle,2056,2506,3543297,4288815
Arunachal Pradesh,2006,Cycle - Property,3. Cycle,3,4,4500,6000
Assam,2006,Cycle - Property,3. Cycle,231,518,444955,1926260
Bihar,2006,Cycle - Property,3. Cycle,119,586,164543,764890
Chandigarh,2006,Cycle - Property,3. Cycle,66,98,120600,146500
Chhattisgarh,2006,Cycle - Property,3. Cycle,118,204,184677,347122
Dadra & Nagar Haveli,2006,Cycle - Property,3. Cycle,0,0,0,0
Daman & Diu,2006,Cycle - Property,3. Cycle,0,0,0,0
Delhi,2006,Cycle - Property,3. Cycle,104,142,70900,188600
Goa,2006,Cycle - Property,3. Cycle,2,2,4750,4750
Gujarat,2006,Cycle - Property,3. Cycle,327,1151,456781,1789998
Haryana,2006,Cycle - Property,3. Cycle,171,202,395785,420935
Himachal Pradesh,2006,Cycle - Property,3. Cycle,0,0,0,0
Jammu & Kashmir,2006,Cycle - Property,3. Cycle,2,2,3400,3400
Jharkhand,2006,Cycle - Property,3. Cycle,57,195,154540,240525
Karnataka,2006,Cycle - Property,3. Cycle,267,346,591811,725273
Kerala,2006,Cycle - Property,3. Cycle,40,51,55780,77880
Lakshadweep,2006,Cycle - Property,3. Cycle,4,4,10400,10400
Madhya Pradesh,2006,Cycle - Property,3. Cycle,348,643,508758,1031746
Maharashtra,2006,Cycle - Property,3. Cycle,442,828,659027,1423754
Manipur,2006,Cycle - Property,3. Cycle,1,4,1000,7000
Meghalaya,2006,Cycle - Property,3. Cycle,3,3,6950,6950
Mizoram,2006,Cycle - Property,3. Cycle,2,2,3400,3400
Nagaland,2006,Cycle - Property,3. Cycle,0,0,0,0
Odisha,2006,Cycle - Property,3. Cycle,164,289,425425,805737
Puducherry,2006,Cycle - Property,3. Cycle,40,45,56150,64050
Punjab,2006,Cycle - Property,3. Cycle,36,41,92300,98900
Rajasthan,2006,Cycle - Property,3. Cycle,86,149,211730,266070
Sikkim,2006,Cycle - Property,3. Cycle,0,0,0,0
Tamil Nadu,2006,Cycle - Property,3. Cycle,1294,1296,2100780,2107780
Tripura,2006,Cycle - Property,3. Cycle,2,9,3900,12400
Uttar Pradesh,2006,Cycle - Property,3. Cycle,247,427,420100,510800
Uttarakhand,2006,Cycle - Property,3. Cycle,10,24,11850,22700
West Bengal,2006,Cycle - Property,3. Cycle,75,201,100465,291491
Andaman & Nicobar Islands,2007,Cycle - Property,3. Cycle,1,1,3000,3000
Andhra Pradesh,2007,Cycle - Property,3. Cycle,1552,1766,4392000,5073200
Arunachal Pradesh,2007,Cycle - Property,3. Cycle,1,4,1500,7500
Assam,2007,Cycle - Property,3. Cycle,230,529,267140,615250
Bihar,2007,Cycle - Property,3. Cycle,110,482,196288,734307
Chandigarh,2007,Cycle - Property,3. Cycle,46,96,77800,110100
Chhattisgarh,2007,Cycle - Property,3. Cycle,133,193,248760,394630
Dadra & Nagar Haveli,2007,Cycle - Property,3. Cycle,0,0,0,0
Daman & Diu,2007,Cycle - Property,3. Cycle,0,0,0,0
Delhi,2007,Cycle - Property,3. Cycle,94,144,66950,142600
Goa,2007,Cycle - Property,3. Cycle,0,1,0,3835
Gujarat,2007,Cycle - Property,3. Cycle,212,691,239959,1000417
Haryana,2007,Cycle - Property,3. Cycle,133,172,457648,628490
Himachal Pradesh,2007,Cycle - Property,3. Cycle,2,3,13200,28200
Jammu & Kashmir,2007,Cycle - Property,3. Cycle,0,0,0,0
Jharkhand,2007,Cycle - Property,3. Cycle,66,208,76223,633475
Karnataka,2007,Cycle - Property,3. Cycle,170,241,379778,616480
Kerala,2007,Cycle - Property,3. Cycle,30,35,39791,47791
Lakshadweep,2007,Cycle - Property,3. Cycle,1,2,2000,4900
Madhya Pradesh,2007,Cycle - Property,3. Cycle,252,458,379208,640655
Maharashtra,2007,Cycle - Property,3. Cycle,379,710,597714,1373586
Manipur,2007,Cycle - Property,3. Cycle,0,4,0,12500
Meghalaya,2007,Cycle - Property,3. Cycle,2,3,3700,7700
Mizoram,2007,Cycle - Property,3. Cycle,3,4,128811,129511
Nagaland,2007,Cycle - Property,3. Cycle,0,0,0,0
Odisha,2007,Cycle - Property,3. Cycle,123,274,186562,298510
Puducherry,2007,Cycle - Property,3. Cycle,27,27,28900,28900
Punjab,2007,Cycle - Property,3. Cycle,48,60,87200,189700
Rajasthan,2007,Cycle - Property,3. Cycle,69,125,180000,337000
Sikkim,2007,Cycle - Property,3. Cycle,1,1,5000,5000
Tamil Nadu,2007,Cycle - Property,3. Cycle,897,904,1453400,1461400
Tripura,2007,Cycle - Property,3. Cycle,5,8,8300,63500
Uttar Pradesh,2007,Cycle - Property,3. Cycle,184,381,262100,402346
Uttarakhand,2007,Cycle - Property,3. Cycle,11,20,14000,21000
West Bengal,2007,Cycle - Property,3. Cycle,47,188,59458,224675
Andaman & Nicobar Islands,2008,Cycle - Property,3. Cycle,0,1,0,5000
Andhra Pradesh,2008,Cycle - Property,3. Cycle,1178,1284,2405400,2639550
Arunachal Pradesh,2008,Cycle - Property,3. Cycle,0,1,0,1500
Assam,2008,Cycle - Property,3. Cycle,496,886,470144,1001511
Bihar,2008,Cycle - Property,3. Cycle,244,722,356765,1020062
Chandigarh,2008,Cycle - Property,3. Cycle,42,105,83000,156900
Chhattisgarh,2008,Cycle - Property,3. Cycle,108,184,246174,405198
Dadra & Nagar Haveli,2008,Cycle - Property,3. Cycle,0,0,0,0
Daman & Diu,2008,Cycle - Property,3. Cycle,0,1,0,2500
Delhi,2008,Cycle - Property,3. Cycle,41,103,72150,139650
Goa,2008,Cycle - Property,3. Cycle,0,3,0,8750
Gujarat,2008,Cycle - Property,3. Cycle,222,662,248200,935265
Haryana,2008,Cycle - Property,3. Cycle,130,168,395900,436250
Himachal Pradesh,2008,Cycle - Property,3. Cycle,1,1,1200,1200
Jammu & Kashmir,2008,Cycle - Property,3. Cycle,4,4,9600,9600
Jharkhand,2008,Cycle - Property,3. Cycle,65,160,96885,333550
Karnataka,2008,Cycle - Property,3. Cycle,81,141,194711,323009
Kerala,2008,Cycle - Property,3. Cycle,32,34,34075,38725
Lakshadweep,2008,Cycle - Property,3. Cycle,0,0,0,0
Madhya Pradesh,2008,Cycle - Property,3. Cycle,227,405,411911,629010
Maharashtra,2008,Cycle - Property,3. Cycle,340,706,579884,1238557
Manipur,2008,Cycle - Property,3. Cycle,2,4,8750,14750
Meghalaya,2008,Cycle - Property,3. Cycle,0,4,0,10000
Mizoram,2008,Cycle - Property,3. Cycle,1,1,2000,2000
Nagaland,2008,Cycle - Property,3. Cycle,0,0,0,0
Odisha,2008,Cycle - Property,3. Cycle,186,369,286414,577806
Puducherry,2008,Cycle - Property,3. Cycle,12,15,23500,30000
Punjab,2008,Cycle - Property,3. Cycle,50,60,102592,125820
Rajasthan,2008,Cycle - Property,3. Cycle,52,84,116700,209000
Sikkim,2008,Cycle - Property,3. Cycle,0,0,0,0
Tamil Nadu,2008,Cycle - Property,3. Cycle,844,847,1661533,1686933
Tripura,2008,Cycle - Property,3. Cycle,8,18,28800,49700
Uttar Pradesh,2008,Cycle - Property,3. Cycle,236,577,361565,544714
Uttarakhand,2008,Cycle - Property,3. Cycle,17,28,22800,34000
West Bengal,2008,Cycle - Property,3. Cycle,70,263,109618,443832
Andaman & Nicobar Islands,2009,Cycle - Property,3. Cycle,0,1,0,2000
Andhra Pradesh,2009,Cycle - Property,3. Cycle,1049,1168,3427440,4630940
Arunachal Pradesh,2009,Cycle - Property,3. Cycle,7,7,21500,21500
Assam,2009,Cycle - Property,3. Cycle,418,932,923480,1958250
Bihar,2009,Cycle - Property,3. Cycle,138,512,242395,875125
Chandigarh,2009,Cycle - Property,3. Cycle,25,67,40000,92800
Chhattisgarh,2009,Cycle - Property,3. Cycle,75,125,131235,189435
Dadra & Nagar Haveli,2009,Cycle - Property,3. Cycle,0,0,0,0
Daman & Diu,2009,Cycle - Property,3. Cycle,0,0,0,0
Delhi,2009,Cycle - Property,3. Cycle,38,65,33200,63400
Goa,2009,Cycle - Property,3. Cycle,0,1,0,2300
Gujarat,2009,Cycle - Property,3. Cycle,118,318,180190,613221
Haryana,2009,Cycle - Property,3. Cycle,59,100,150650,284000
Himachal Pradesh,2009,Cycle - Property,3. Cycle,1,1,2500,2500
Jammu & Kashmir,2009,Cycle - Property,3. Cycle,0,0,0,0
Jharkhand,2009,Cycle - Property,3. Cycle,79,414,112790,466360
Karnataka,2009,Cycle - Property,3. Cycle,48,99,182100,341921
Kerala,2009,Cycle - Property,3. Cycle,32,37,53300,132500
Lakshadweep,2009,Cycle - Property,3. Cycle,1,2,2000,6000
Madhya Pradesh,2009,Cycle - Property,3. Cycle,184,347,381812,592237
Maharashtra,2009,Cycle - Property,3. Cycle,302,598,610288,1866491
Manipur,2009,Cycle - Property,3. Cycle,1,5,2500,12500
Meghalaya,2009,Cycle - Property,3. Cycle,1,1,5600,5600
Mizoram,2009,Cycle - Property,3. Cycle,0,0,0,0
Nagaland,2009,Cycle - Property,3. Cycle,0,1,0,1500
Odisha,2009,Cycle - Property,3. Cycle,194,409,243141,669027
Puducherry,2009,Cycle - Property,3. Cycle,12,13,17800,24300
Punjab,2009,Cycle - Property,3. Cycle,33,37,49202,58126
Rajasthan,2009,Cycle - Property,3. Cycle,34,83,134500,185000
Sikkim,2009,Cycle - Property,3. Cycle,0,0,0,0
Tamil Nadu,2009,Cycle - Property,3. Cycle,645,666,1128250,1159998
Tripura,2009,Cycle - Property,3. Cycle,8,13,15600,24500
Uttar Pradesh,2009,Cycle - Property,3. Cycle,168,409,448600,772950
Uttarakhand,2009,Cycle - Property,3. Cycle,15,18,34800,38300
West Bengal,2009,Cycle - Property,3. Cycle,66,246,99671,395350
Andaman & Nicobar Islands,2010,Cycle - Property,3. Cycle,0,0,0,0
Andhra Pradesh,2010,Cycle - Property,3. Cycle,909,1009,2739925,2945575
Arunachal Pradesh,2010,Cycle - Property,3. Cycle,0,0,0,0
Assam,2010,Cycle - Property,3. Cycle,177,513,388854,1241100
Bihar,2010,Cycle - Property,3. Cycle,167,649,285863,1153587
Chandigarh,2010,Cycle - Property,3. Cycle,34,63,81200,123300
Chhattisgarh,2010,Cycle - Property,3. Cycle,59,138,174131,256397
Dadra & Nagar Haveli,2010,Cycle - Property,3. Cycle,0,0,0,0
Daman & Diu,2010,Cycle - Property,3. Cycle,0,0,0,0
Delhi,2010,Cycle - Property,3. Cycle,30,79,33000,142800
Goa,2010,Cycle - Property,3. Cycle,1,7,6900,39870
Gujarat,2010,Cycle - Property,3. Cycle,67,199,105550,367475
Haryana,2010,Cycle - Property,3. Cycle,30,69,78650,131250
Himachal Pradesh,2010,Cycle - Property,3. Cycle,0,0,0,0
Jammu & Kashmir,2010,Cycle - Property,3. Cycle,1,2,3500,6500
Jharkhand,2010,Cycle - Property,3. Cycle,62,278,101975,232425
Karnataka,2010,Cycle - Property,3. Cycle,42,80,162830,368764
Kerala,2010,Cycle - Property,3. Cycle,36,37,71770,72970
Lakshadweep,2010,Cycle - Property,3. Cycle,1,1,2500,2500
Madhya Pradesh,2010,Cycle - Property,3. Cycle,123,222,243085,411885
Maharashtra,2010,Cycle - Property,3. Cycle,193,468,391958,1122989
Manipur,2010,Cycle - Property,3. Cycle,1,1,1000,1000
Meghalaya,2010,Cycle - Property,3. Cycle,2,2,8000,8000
Mizoram,2010,Cycle - Property,3. Cycle,0,0,0,0
Nagaland,2010,Cycle - Property,3. Cycle,0,0,0,0
Odisha,2010,Cycle - Property,3. Cycle,137,237,789007,1185000
Puducherry,2010,Cycle - Property,3. Cycle,3,3,7000,7000
Punjab,2010,Cycle - Property,3. Cycle,27,33,53661,68150
Rajasthan,2010,Cycle - Property,3. Cycle,23,57,69800,101200
Sikkim,2010,Cycle - Property,3. Cycle,0,0,0,0
Tamil Nadu,2010,Cycle - Property,3. Cycle,327,338,604150,620650
Tripura,2010,Cycle - Property,3. Cycle,12,21,38600,50800
Uttar Pradesh,2010,Cycle - Property,3. Cycle,161,347,298000,442450
Uttarakhand,2010,Cycle - Property,3. Cycle,16,19,34500,39500
West Bengal,2010,Cycle - Property,3. Cycle,86,325,155386,580419
Andaman & Nicobar Islands,2001,Electronic Components - Property,7. Electronic Components,0,0,0,0
Andhra Pradesh,2001,Electronic Components - Property,7. Electronic Components,124,309,18061441,41458623
Arunachal Pradesh,2001,Electronic Components - Property,7. Electronic Components,6,9,1191000,1721000
Assam,2001,Electronic Components - Property,7. Electronic Components,4,15,194000,4585800
Bihar,2001,Electronic Components - Property,7. Electronic Components,43,175,11014594,41807786
Chandigarh,2001,Electronic Components - Property,7. Electronic Components,90,206,9320000,23735000
Chhattisgarh,2001,Electronic Components - Property,7. Electronic Components,47,105,5079102,8966234
Dadra & Nagar Haveli,2001,Electronic Components - Property,7. Electronic Components,1,2,125000,205000
Daman & Diu,2001,Electronic Components - Property,7. Electronic Components,3,3,675694,675694
Delhi,2001,Electronic Components - Property,7. Electronic Components,1151,4066,73856721,400000685
Goa,2001,Electronic Components - Property,7. Electronic Components,16,23,3455580,4980763
Gujarat,2001,Electronic Components - Property,7. Electronic Components,130,459,24544176,82452147
Haryana,2001,Electronic Components - Property,7. Electronic Components,457,843,58912222,91936526
Himachal Pradesh,2001,Electronic Components - Property,7. Electronic Components,60,87,7177737,10344137
Jammu & Kashmir,2001,Electronic Components - Property,7. Electronic Components,54,166,6584139,19089251
Jharkhand,2001,Electronic Components - Property,7. Electronic Components,7,16,801430,1880000
Karnataka,2001,Electronic Components - Property,7. Electronic Components,180,585,38014794,89878033
Kerala,2001,Electronic Components - Property,7. Electronic Components,132,499,31258889,111958486
Lakshadweep,2001,Electronic Components - Property,7. Electronic Components,0,0,0,0
Madhya Pradesh,2001,Electronic Components - Property,7. Electronic Components,118,289,30660373,56179049
Maharashtra,2001,Electronic Components - Property,7. Electronic Components,588,1940,104355395,387741144
Manipur,2001,Electronic Components - Property,7. Electronic Components,1,6,313600,1462302
Meghalaya,2001,Electronic Components - Property,7. Electronic Components,2,18,431200,1034530
Mizoram,2001,Electronic Components - Property,7. Electronic Components,5,5,1035420,1035420
Nagaland,2001,Electronic Components - Property,7. Electronic Components,14,64,2680000,10525000
Odisha,2001,Electronic Components - Property,7. Electronic Components,8,32,1472218,6052250
Puducherry,2001,Electronic Components - Property,7. Electronic Components,1,3,128000,168000
Punjab,2001,Electronic Components - Property,7. Electronic Components,159,484,22515925,58611965
Rajasthan,2001,Electronic Components - Property,7. Electronic Components,160,570,88443637,123309737
Sikkim,2001,Electronic Components - Property,7. Electronic Components,2,4,525000,1225000
Tamil Nadu,2001,Electronic Components - Property,7. Electronic Components,126,197,23004567,28925736
Tripura,2001,Electronic Components - Property,7. Electronic Components,0,0,0,0
Uttar Pradesh,2001,Electronic Components - Property,7. Electronic Components,366,1565,37948002,105609680
Uttarakhand,2001,Electronic Components - Property,7. Electronic Components,31,132,4528000,8977700
West Bengal,2001,Electronic Components - Property,7. Electronic Components,251,499,35934021,74291420
Andaman & Nicobar Islands,2002,Electronic Components - Property,7. Electronic Components,0,0,0,0
Andhra Pradesh,2002,Electronic Components - Property,7. Electronic Components,117,190,12957700,20948100
Arunachal Pradesh,2002,Electronic Components - Property,7. Electronic Components,2,2,600000,600000
Assam,2002,Electronic Components - Property,7. Electronic Components,7,22,745000,2012000
Bihar,2002,Electronic Components - Property,7. Electronic Components,57,122,10408884,31186520
Chandigarh,2002,Electronic Components - Property,7. Electronic Components,101,286,16270000,36936000
Chhattisgarh,2002,Electronic Components - Property,7. Electronic Components,45,128,4776530,9343430
Dadra & Nagar Haveli,2002,Electronic Components - Property,7. Electronic Components,1,6,150000,1827080
Daman & Diu,2002,Electronic Components - Property,7. Electronic Components,3,4,1113000,1524547
Delhi,2002,Electronic Components - Property,7. Electronic Components,880,3632,38715370,319721079
Goa,2002,Electronic Components - Property,7. Electronic Components,5,8,1358700,2032282
Gujarat,2002,Electronic Components - Property,7. Electronic Components,163,565,29119174,95852243
Haryana,2002,Electronic Components - Property,7. Electronic Components,410,780,62114870,80759570
Himachal Pradesh,2002,Electronic Components - Property,7. Electronic Components,39,65,9372499,13185784
Jammu & Kashmir,2002,Electronic Components - Property,7. Electronic Components,95,308,8959500,18559672
Jharkhand,2002,Electronic Components - Property,7. Electronic Components,43,104,1565680,9768735
Karnataka,2002,Electronic Components - Property,7. Electronic Components,147,512,26219667,66762994
Kerala,2002,Electronic Components - Property,7. Electronic Components,207,623,40108230,116364744
Lakshadweep,2002,Electronic Components - Property,7. Electronic Components,0,0,0,0
Madhya Pradesh,2002,Electronic Components - Property,7. Electronic Components,126,318,24711309,49580465
Maharashtra,2002,Electronic Components - Property,7. Electronic Components,496,1931,96472121,463573713
Manipur,2002,Electronic Components - Property,7. Electronic Components,4,16,320000,1921000
Meghalaya,2002,Electronic Components - Property,7. Electronic Components,4,20,350455,1643230
Mizoram,2002,Electronic Components - Property,7. Electronic Components,11,11,2543500,2543500
Nagaland,2002,Electronic Components - Property,7. Electronic Components,6,50,1925000,15275000
Odisha,2002,Electronic Components - Property,7. Electronic Components,19,44,4342763,7303965
Puducherry,2002,Electronic Components - Property,7. Electronic Components,4,5,1193000,1843000
Punjab,2002,Electronic Components - Property,7. Electronic Components,228,335,37360216,54421817
Rajasthan,2002,Electronic Components - Property,7. Electronic Components,178,594,103795744,153366959
Sikkim,2002,Electronic Components - Property,7. Electronic Components,3,5,260000,590000
Tamil Nadu,2002,Electronic Components - Property,7. Electronic Components,120,158,24345813,29713723
Tripura,2002,Electronic Components - Property,7. Electronic Components,1,1,40000,40000
Uttar Pradesh,2002,Electronic Components - Property,7. Electronic Components,440,1385,50025395,103874497
Uttarakhand,2002,Electronic Components - Property,7. Electronic Components,33,97,3201900,10010000
West Bengal,2002,Electronic Components - Property,7. Electronic Components,142,332,47185088,130642614
Andaman & Nicobar Islands,2003,Electronic Components - Property,7. Electronic Components,0,1,0,100000
Andhra Pradesh,2003,Electronic Components - Property,7. Electronic Components,126,365,11750600,35061000
Arunachal Pradesh,2003,Electronic Components - Property,7. Electronic Components,1,1,200000,200000
Assam,2003,Electronic Components - Property,7. Electronic Components,67,210,8111401,28009299
Bihar,2003,Electronic Components - Property,7. Electronic Components,32,118,7825870,35632415
Chandigarh,2003,Electronic Components - Property,7. Electronic Components,149,284,19394000,36989000
Chhattisgarh,2003,Electronic Components - Property,7. Electronic Components,45,101,6127892,9699292
Dadra & Nagar Haveli,2003,Electronic Components - Property,7. Electronic Components,4,4,344000,344000
Daman & Diu,2003,Electronic Components - Property,7. Electronic Components,1,1,150000,150000
Delhi,2003,Electronic Components - Property,7. Electronic Components,625,3626,12500000,72520000
Goa,2003,Electronic Components - Property,7. Electronic Components,3,9,755000,2175000
Gujarat,2003,Electronic Components - Property,7. Electronic Components,171,649,46089668,122455507
Haryana,2003,Electronic Components - Property,7. Electronic Components,363,784,43251514,67225707
Himachal Pradesh,2003,Electronic Components - Property,7. Electronic Components,48,92,6863176,15282964
Jammu & Kashmir,2003,Electronic Components - Property,7. Electronic Components,53,206,7602411,16384000
Jharkhand,2003,Electronic Components - Property,7. Electronic Components,66,191,5325672,11709578
Karnataka,2003,Electronic Components - Property,7. Electronic Components,115,351,19467194,54173981
Kerala,2003,Electronic Components - Property,7. Electronic Components,170,512,40416618,120278454
Lakshadweep,2003,Electronic Components - Property,7. Electronic Components,0,0,0,0
Madhya Pradesh,2003,Electronic Components - Property,7. Electronic Components,379,714,27538726,53440966
Maharashtra,2003,Electronic Components - Property,7. Electronic Components,446,1855,108627698,429262456
Manipur,2003,Electronic Components - Property,7. Electronic Components,7,13,1290000,1920000
Meghalaya,2003,Electronic Components - Property,7. Electronic Components,8,56,953300,4010000
Mizoram,2003,Electronic Components - Property,7. Electronic Components,20,20,4700000,4700000
Nagaland,2003,Electronic Components - Property,7. Electronic Components,4,15,227167,1092360
Odisha,2003,Electronic Components - Property,7. Electronic Components,22,66,4283165,7526919
Puducherry,2003,Electronic Components - Property,7. Electronic Components,0,7,0,1805000
Punjab,2003,Electronic Components - Property,7. Electronic Components,169,457,26600894,67043434
Rajasthan,2003,Electronic Components - Property,7. Electronic Components,186,665,11248000,150130300
Sikkim,2003,Electronic Components - Property,7. Electronic Components,3,3,490000,490000
Tamil Nadu,2003,Electronic Components - Property,7. Electronic Components,109,166,31740666,37006301
Tripura,2003,Electronic Components - Property,7. Electronic Components,1,1,3700,57000
Uttar Pradesh,2003,Electronic Components - Property,7. Electronic Components,386,1162,54970459,104517142
Uttarakhand,2003,Electronic Components - Property,7. Electronic Components,34,80,3882000,7527800
West Bengal,2003,Electronic Components - Property,7. Electronic Components,168,392,49414333,117536631
Andaman & Nicobar Islands,2004,Electronic Components - Property,7. Electronic Components,0,0,0,0
Andhra Pradesh,2004,Electronic Components - Property,7. Electronic Components,180,410,15361811,39321529
Arunachal Pradesh,2004,Electronic Components - Property,7. Electronic Components,0,0,0,0
Assam,2004,Electronic Components - Property,7. Electronic Components,41,228,5339082,27973945
Bihar,2004,Electronic Components - Property,7. Electronic Components,32,185,9100000,36592209
Chandigarh,2004,Electronic Components - Property,7. Electronic Components,98,289,7784800,22338100
Chhattisgarh,2004,Electronic Components - Property,7. Electronic Components,22,56,1861377,2344555
Dadra & Nagar Haveli,2004,Electronic Components - Property,7. Electronic Components,2,5,335968,1382384
Daman & Diu,2004,Electronic Components - Property,7. Electronic Components,1,2,80000,275000
Delhi,2004,Electronic Components - Property,7. Electronic Components,647,3850,9705000,77000000
Goa,2004,Electronic Components - Property,7. Electronic Components,4,9,408500,1388500
Gujarat,2004,Electronic Components - Property,7. Electronic Components,209,590,26712155,92394704
Haryana,2004,Electronic Components - Property,7. Electronic Components,379,929,46560513,72434574
Himachal Pradesh,2004,Electronic Components - Property,7. Electronic Components,44,107,6775800,20653156
Jammu & Kashmir,2004,Electronic Components - Property,7. Electronic Components,46,179,10060000,16652000
Jharkhand,2004,Electronic Components - Property,7. Electronic Components,43,104,1565680,9768735
Karnataka,2004,Electronic Components - Property,7. Electronic Components,186,829,29633583,71150215
Kerala,2004,Electronic Components - Property,7. Electronic Components,208,437,39439584,80470183
Lakshadweep,2004,Electronic Components - Property,7. Electronic Components,0,0,0,0
Madhya Pradesh,2004,Electronic Components - Property,7. Electronic Components,160,484,28395544,67248787
Maharashtra,2004,Electronic Components - Property,7. Electronic Components,559,2136,120615011,516418970
Manipur,2004,Electronic Components - Property,7. Electronic Components,0,2,0,500000
Meghalaya,2004,Electronic Components - Property,7. Electronic Components,23,91,3233820,33138861
Mizoram,2004,Electronic Components - Property,7. Electronic Components,0,0,0,0
Nagaland,2004,Electronic Components - Property,7. Electronic Components,9,30,1341300,4345850
Odisha,2004,Electronic Components - Property,7. Electronic Components,13,21,2214117,4121876
Puducherry,2004,Electronic Components - Property,7. Electronic Components,2,4,165000,665000
Punjab,2004,Electronic Components - Property,7. Electronic Components,135,404,23122286,57464786
Rajasthan,2004,Electronic Components - Property,7. Electronic Components,266,859,87361573,162995740
Sikkim,2004,Electronic Components - Property,7. Electronic Components,3,3,600000,600000
Tamil Nadu,2004,Electronic Components - Property,7. Electronic Components,95,128,20202145,22522645
Tripura,2004,Electronic Components - Property,7. Electronic Components,4,4,900000,900000
Uttar Pradesh,2004,Electronic Components - Property,7. Electronic Components,343,1793,50737900,123171000
Uttarakhand,2004,Electronic Components - Property,7. Electronic Components,18,74,3276000,9124000
West Bengal,2004,Electronic Components - Property,7. Electronic Components,104,250,37118382,100119910
Andaman & Nicobar Islands,2005,Electronic Components - Property,7. Electronic Components,0,0,0,0
Andhra Pradesh,2005,Electronic Components - Property,7. Electronic Components,126,347,11871865,27525101
Arunachal Pradesh,2005,Electronic Components - Property,7. Electronic Components,1,2,500000,4500000
Assam,2005,Electronic Components - Property,7. Electronic Components,38,120,8103500,26716820
Bihar,2005,Electronic Components - Property,7. Electronic Components,21,83,7476096,24833165
Chandigarh,2005,Electronic Components - Property,7. Electronic Components,64,201,10392545,33022545
Chhattisgarh,2005,Electronic Components - Property,7. Electronic Components,47,83,4720240,12094086
Dadra & Nagar Haveli,2005,Electronic Components - Property,7. Electronic Components,0,3,0,1547500
Daman & Diu,2005,Electronic Components - Property,7. Electronic Components,0,4,0,1328645
Delhi,2005,Electronic Components - Property,7. Electronic Components,784,3515,11760000,70300000
Goa,2005,Electronic Components - Property,7. Electronic Components,8,30,1823000,9175750
Gujarat,2005,Electronic Components - Property,7. Electronic Components,158,629,23763114,92176517
Haryana,2005,Electronic Components - Property,7. Electronic Components,391,1142,53288370,89940000
Himachal Pradesh,2005,Electronic Components - Property,7. Electronic Components,40,67,6130706,12467352
Jammu & Kashmir,2005,Electronic Components - Property,7. Electronic Components,33,164,4744970,11255763
Jharkhand,2005,Electronic Components - Property,7. Electronic Components,26,251,2977899,4983309
Karnataka,2005,Electronic Components - Property,7. Electronic Components,211,606,31519528,93458094
Kerala,2005,Electronic Components - Property,7. Electronic Components,112,482,26611863,112514767
Lakshadweep,2005,Electronic Components - Property,7. Electronic Components,0,0,0,0
Madhya Pradesh,2005,Electronic Components - Property,7. Electronic Components,225,554,34797648,77579639
Maharashtra,2005,Electronic Components - Property,7. Electronic Components,374,2128,121439091,603547180
Manipur,2005,Electronic Components - Property,7. Electronic Components,0,2,0,350000
Meghalaya,2005,Electronic Components - Property,7. Electronic Components,14,90,1090400,8606400
Mizoram,2005,Electronic Components - Property,7. Electronic Components,0,0,0,0
Nagaland,2005,Electronic Components - Property,7. Electronic Components,15,71,8102000,13405937
Odisha,2005,Electronic Components - Property,7. Electronic Components,19,51,3830385,7132119
Puducherry,2005,Electronic Components - Property,7. Electronic Components,3,9,190000,1465000
Punjab,2005,Electronic Components - Property,7. Electronic Components,145,356,18756045,59436584
Rajasthan,2005,Electronic Components - Property,7. Electronic Components,247,809,126034000,179843371
Sikkim,2005,Electronic Components - Property,7. Electronic Components,3,4,950000,1190000
Tamil Nadu,2005,Electronic Components - Property,7. Electronic Components,60,93,18437011,21801699
Tripura,2005,Electronic Components - Property,7. Electronic Components,0,1,0,500000
Uttar Pradesh,2005,Electronic Components - Property,7. Electronic Components,306,1477,53054000,122947661
Uttarakhand,2005,Electronic Components - Property,7. Electronic Components,20,102,3546300,15728300
West Bengal,2005,Electronic Components - Property,7. Electronic Components,56,176,23608478,82242698
Andaman & Nicobar Islands,2006,Electronic Components - Property,7. Electronic Components,0,0,0,0
Andhra Pradesh,2006,Electronic Components - Property,7. Electronic Components,161,407,20936557,34197050
Arunachal Pradesh,2006,Electronic Components - Property,7. Electronic Components,0,0,0,0
Assam,2006,Electronic Components - Property,7. Electronic Components,117,409,52972630,150226986
Bihar,2006,Electronic Components - Property,7. Electronic Components,21,49,7523815,14561011
Chandigarh,2006,Electronic Components - Property,7. Electronic Components,50,158,4730000,17899000
Chhattisgarh,2006,Electronic Components - Property,7. Electronic Components,32,57,6483987,15270998
Dadra & Nagar Haveli,2006,Electronic Components - Property,7. Electronic Components,1,3,400000,775000
Daman & Diu,2006,Electronic Components - Property,7. Electronic Components,4,14,495000,3462900
Delhi,2006,Electronic Components - Property,7. Electronic Components,620,4066,12400000,81320000
Goa,2006,Electronic Components - Property,7. Electronic Components,11,43,2900000,15405769
Gujarat,2006,Electronic Components - Property,7. Electronic Components,118,467,25223502,99916029
Haryana,2006,Electronic Components - Property,7. Electronic Components,443,1438,48604815,82094215
Himachal Pradesh,2006,Electronic Components - Property,7. Electronic Components,48,99,9992515,24650310
Jammu & Kashmir,2006,Electronic Components - Property,7. Electronic Components,17,64,4380000,9359000
Jharkhand,2006,Electronic Components - Property,7. Electronic Components,10,56,1319000,6555500
Karnataka,2006,Electronic Components - Property,7. Electronic Components,126,503,34003304,110211806
Kerala,2006,Electronic Components - Property,7. Electronic Components,107,519,29381500,158645575
Lakshadweep,2006,Electronic Components - Property,7. Electronic Components,0,0,0,0
Madhya Pradesh,2006,Electronic Components - Property,7. Electronic Components,145,384,38485067,74627023
Maharashtra,2006,Electronic Components - Property,7. Electronic Components,538,2232,181298186,681493671
Manipur,2006,Electronic Components - Property,7. Electronic Components,0,6,0,595000
Meghalaya,2006,Electronic Components - Property,7. Electronic Components,6,66,1190000,14213000
Mizoram,2006,Electronic Components - Property,7. Electronic Components,14,24,2292145,3960245
Nagaland,2006,Electronic Components - Property,7. Electronic Components,16,43,3340000,9870800
Odisha,2006,Electronic Components - Property,7. Electronic Components,35,96,11004227,24154812
Puducherry,2006,Electronic Components - Property,7. Electronic Components,1,5,650000,1045000
Punjab,2006,Electronic Components - Property,7. Electronic Components,137,511,25333694,72915254
Rajasthan,2006,Electronic Components - Property,7. Electronic Components,225,1035,160444351,289609249
Sikkim,2006,Electronic Components - Property,7. Electronic Components,5,5,1000000,1000000
Tamil Nadu,2006,Electronic Components - Property,7. Electronic Components,92,130,24671856,27924356
Tripura,2006,Electronic Components - Property,7. Electronic Components,3,12,1100000,7100000
Uttar Pradesh,2006,Electronic Components - Property,7. Electronic Components,390,1458,49202000,145657375
Uttarakhand,2006,Electronic Components - Property,7. Electronic Components,29,101,5470000,17141000
West Bengal,2006,Electronic Components - Property,7. Electronic Components,92,298,24695351,104041024
Andaman & Nicobar Islands,2007,Electronic Components - Property,7. Electronic Components,0,0,0,0
Andhra Pradesh,2007,Electronic Components - Property,7. Electronic Components,146,298,25689380,37280395
Arunachal Pradesh,2007,Electronic Components - Property,7. Electronic Components,4,12,1786615,5626615
Assam,2007,Electronic Components - Property,7. Electronic Components,67,264,14246050,38243950
Bihar,2007,Electronic Components - Property,7. Electronic Components,22,61,3776498,13662338
Chandigarh,2007,Electronic Components - Property,7. Electronic Components,96,357,14831000,60154000
Chhattisgarh,2007,Electronic Components - Property,7. Electronic Components,40,99,9381427,28218372
Dadra & Nagar Haveli,2007,Electronic Components - Property,7. Electronic Components,0,1,0,250000
Daman & Diu,2007,Electronic Components - Property,7. Electronic Components,2,5,386000,2341000
Delhi,2007,Electronic Components - Property,7. Electronic Components,536,3613,24971853,404936756
Goa,2007,Electronic Components - Property,7. Electronic Components,9,32,1732000,7611872
Gujarat,2007,Electronic Components - Property,7. Electronic Components,134,498,30834643,108292971
Haryana,2007,Electronic Components - Property,7. Electronic Components,411,1237,67039200,118009250
Himachal Pradesh,2007,Electronic Components - Property,7. Electronic Components,33,79,9158576,22557692
Jammu & Kashmir,2007,Electronic Components - Property,7. Electronic Components,33,98,7208801,11582144
Jharkhand,2007,Electronic Components - Property,7. Electronic Components,77,365,2948958,21085315
Karnataka,2007,Electronic Components - Property,7. Electronic Components,131,544,45302077,132811483
Kerala,2007,Electronic Components - Property,7. Electronic Components,148,606,37322323,164281356
Lakshadweep,2007,Electronic Components - Property,7. Electronic Components,0,0,0,0
Madhya Pradesh,2007,Electronic Components - Property,7. Electronic Components,177,469,46097203,93004171
Maharashtra,2007,Electronic Components - Property,7. Electronic Components,456,2217,134306405,680523634
Manipur,2007,Electronic Components - Property,7. Electronic Components,1,12,120000,1170000
Meghalaya,2007,Electronic Components - Property,7. Electronic Components,3,15,448500,2815000
Mizoram,2007,Electronic Components - Property,7. Electronic Components,10,15,880000,1360000
Nagaland,2007,Electronic Components - Property,7. Electronic Components,9,56,3352000,19703000
Odisha,2007,Electronic Components - Property,7. Electronic Components,50,99,5583340,25230530
Puducherry,2007,Electronic Components - Property,7. Electronic Components,7,11,2150000,3520000
Punjab,2007,Electronic Components - Property,7. Electronic Components,166,570,26604006,81435956
Rajasthan,2007,Electronic Components - Property,7. Electronic Components,315,1130,142018500,223831600
Sikkim,2007,Electronic Components - Property,7. Electronic Components,5,6,2090000,2290000
Tamil Nadu,2007,Electronic Components - Property,7. Electronic Components,74,100,32149500,36565043
Tripura,2007,Electronic Components - Property,7. Electronic Components,0,2,0,655000
Uttar Pradesh,2007,Electronic Components - Property,7. Electronic Components,348,1458,52164000,150424500
Uttarakhand,2007,Electronic Components - Property,7. Electronic Components,28,119,7565000,23450000
West Bengal,2007,Electronic Components - Property,7. Electronic Components,66,328,11789095,49052269
Andaman & Nicobar Islands,2008,Electronic Components - Property,7. Electronic Components,0,0,0,0
Andhra Pradesh,2008,Electronic Components - Property,7. Electronic Components,165,300,22153500,35230020
Arunachal Pradesh,2008,Electronic Components - Property,7. Electronic Components,10,17,1070000,3020000
Assam,2008,Electronic Components - Property,7. Electronic Components,75,508,14869094,75405751
Bihar,2008,Electronic Components - Property,7. Electronic Components,31,134,5007078,21804430
Chandigarh,2008,Electronic Components - Property,7. Electronic Components,108,426,16005000,54290500
Chhattisgarh,2008,Electronic Components - Property,7. Electronic Components,145,405,9091217,29213217
Dadra & Nagar Haveli,2008,Electronic Components - Property,7. Electronic Components,0,1,0,750499
Daman & Diu,2008,Electronic Components - Property,7. Electronic Components,3,8,2040000,4925400
Delhi,2008,Electronic Components - Property,7. Electronic Components,486,4388,11252250,495819146
Goa,2008,Electronic Components - Property,7. Electronic Components,3,17,4700000,7350723
Gujarat,2008,Electronic Components - Property,7. Electronic Components,83,591,28312022,111835018
Haryana,2008,Electronic Components - Property,7. Electronic Components,434,1534,61693402,142965160
Himachal Pradesh,2008,Electronic Components - Property,7. Electronic Components,39,114,8346624,21861354
Jammu & Kashmir,2008,Electronic Components - Property,7. Electronic Components,30,161,6026140,23924225
Jharkhand,2008,Electronic Components - Property,7. Electronic Components,37,247,6048577,18786610
Karnataka,2008,Electronic Components - Property,7. Electronic Components,215,776,81450627,177373940
Kerala,2008,Electronic Components - Property,7. Electronic Components,92,452,22956843,112950380
Lakshadweep,2008,Electronic Components - Property,7. Electronic Components,0,0,0,0
Madhya Pradesh,2008,Electronic Components - Property,7. Electronic Components,157,454,43429768,113066622
Maharashtra,2008,Electronic Components - Property,7. Electronic Components,254,2459,83966451,425878075
Manipur,2008,Electronic Components - Property,7. Electronic Components,4,59,1000000,10723000
Meghalaya,2008,Electronic Components - Property,7. Electronic Components,13,53,2760000,11360000
Mizoram,2008,Electronic Components - Property,7. Electronic Components,7,7,352155,352155
Nagaland,2008,Electronic Components - Property,7. Electronic Components,7,87,725888,27373600
Odisha,2008,Electronic Components - Property,7. Electronic Components,30,125,4234732,23847424
Puducherry,2008,Electronic Components - Property,7. Electronic Components,2,13,1250000,2170000
Punjab,2008,Electronic Components - Property,7. Electronic Components,204,637,31104088,90321094
Rajasthan,2008,Electronic Components - Property,7. Electronic Components,232,1223,173365945,298064400
Sikkim,2008,Electronic Components - Property,7. Electronic Components,6,6,1300000,1300000
Tamil Nadu,2008,Electronic Components - Property,7. Electronic Components,134,200,38709000,47289880
Tripura,2008,Electronic Components - Property,7. Electronic Components,2,3,600000,800000
Uttar Pradesh,2008,Electronic Components - Property,7. Electronic Components,333,1545,43820000,124962461
Uttarakhand,2008,Electronic Components - Property,7. Electronic Components,26,124,4748000,20852000
West Bengal,2008,Electronic Components - Property,7. Electronic Components,76,272,23061549,71710922
Andaman & Nicobar Islands,2009,Electronic Components - Property,7. Electronic Components,1,1,250000,250000
Andhra Pradesh,2009,Electronic Components - Property,7. Electronic Components,253,436,37649436,50872736
Arunachal Pradesh,2009,Electronic Components - Property,7. Electronic Components,4,26,12000,680000
Assam,2009,Electronic Components - Property,7. Electronic Components,82,443,59721649,138693800
Bihar,2009,Electronic Components - Property,7. Electronic Components,41,262,9523755,73514685
Chandigarh,2009,Electronic Components - Property,7. Electronic Components,75,466,11440000,56445000
Chhattisgarh,2009,Electronic Components - Property,7. Electronic Components,76,236,13987500,44752861
Dadra & Nagar Haveli,2009,Electronic Components - Property,7. Electronic Components,3,10,1300000,2821800
Daman & Diu,2009,Electronic Components - Property,7. Electronic Components,0,4,0,574000
Delhi,2009,Electronic Components - Property,7. Electronic Components,580,4757,25949520,516623410
Goa,2009,Electronic Components - Property,7. Electronic Components,4,19,1082000,4362718
Gujarat,2009,Electronic Components - Property,7. Electronic Components,152,760,24335662,141113137
Haryana,2009,Electronic Components - Property,7. Electronic Components,433,1587,48170981,113142746
Himachal Pradesh,2009,Electronic Components - Property,7. Electronic Components,57,158,10197608,32147953
Jammu & Kashmir,2009,Electronic Components - Property,7. Electronic Components,94,311,14986396,34732089
Jharkhand,2009,Electronic Components - Property,7. Electronic Components,74,295,7259549,50460581
Karnataka,2009,Electronic Components - Property,7. Electronic Components,252,959,72300050,262384320
Kerala,2009,Electronic Components - Property,7. Electronic Components,109,307,25352058,70354132
Lakshadweep,2009,Electronic Components - Property,7. Electronic Components,3,4,50000,400000
Madhya Pradesh,2009,Electronic Components - Property,7. Electronic Components,234,675,40005229,93367237
Maharashtra,2009,Electronic Components - Property,7. Electronic Components,508,2523,180856452,807875012
Manipur,2009,Electronic Components - Property,7. Electronic Components,1,51,410000,10071000
Meghalaya,2009,Electronic Components - Property,7. Electronic Components,12,59,1593400,3873000
Mizoram,2009,Electronic Components - Property,7. Electronic Components,6,8,13815071,59359377
Nagaland,2009,Electronic Components - Property,7. Electronic Components,21,103,6212015,27062000
Odisha,2009,Electronic Components - Property,7. Electronic Components,71,326,12288561,40467571
Puducherry,2009,Electronic Components - Property,7. Electronic Components,3,9,1700000,2290000
Punjab,2009,Electronic Components - Property,7. Electronic Components,218,805,46099565,111908946
Rajasthan,2009,Electronic Components - Property,7. Electronic Components,321,1654,279955247,459261341
Sikkim,2009,Electronic Components - Property,7. Electronic Components,4,7,940000,2047000
Tamil Nadu,2009,Electronic Components - Property,7. Electronic Components,140,194,46041600,52790200
Tripura,2009,Electronic Components - Property,7. Electronic Components,1,4,565000,970000
Uttar Pradesh,2009,Electronic Components - Property,7. Electronic Components,320,2718,62225200,238783260
Uttarakhand,2009,Electronic Components - Property,7. Electronic Components,26,106,6367000,18699000
West Bengal,2009,Electronic Components - Property,7. Electronic Components,86,401,23597717,114053061
Andaman & Nicobar Islands,2010,Electronic Components - Property,7. Electronic Components,0,0,0,0
Andhra Pradesh,2010,Electronic Components - Property,7. Electronic Components,530,602,26350000,39369870
Arunachal Pradesh,2010,Electronic Components - Property,7. Electronic Components,2,5,650000,3120000
Assam,2010,Electronic Components - Property,7. Electronic Components,31,103,4532200,16272500
Bihar,2010,Electronic Components - Property,7. Electronic Components,45,360,9122476,95480707
Chandigarh,2010,Electronic Components - Property,7. Electronic Components,75,355,13650000,46065500
Chhattisgarh,2010,Electronic Components - Property,7. Electronic Components,52,152,18459229,42952319
Dadra & Nagar Haveli,2010,Electronic Components - Property,7. Electronic Components,1,6,400000,1550000
Daman & Diu,2010,Electronic Components - Property,7. Electronic Components,1,2,400000,485000
Delhi,2010,Electronic Components - Property,7. Electronic Components,594,5281,34474023,525730310
Goa,2010,Electronic Components - Property,7. Electronic Components,9,20,2301350,6516659
Gujarat,2010,Electronic Components - Property,7. Electronic Components,168,838,45555150,167055762
Haryana,2010,Electronic Components - Property,7. Electronic Components,499,1918,40252410,133680051
Himachal Pradesh,2010,Electronic Components - Property,7. Electronic Components,61,161,12606935,34028838
Jammu & Kashmir,2010,Electronic Components - Property,7. Electronic Components,93,331,14534700,38589500
Jharkhand,2010,Electronic Components - Property,7. Electronic Components,54,368,8726173,54434785
Karnataka,2010,Electronic Components - Property,7. Electronic Components,442,1087,138781147,199607269
Kerala,2010,Electronic Components - Property,7. Electronic Components,56,180,15071500,49558300
Lakshadweep,2010,Electronic Components - Property,7. Electronic Components,0,0,0,0
Madhya Pradesh,2010,Electronic Components - Property,7. Electronic Components,299,780,50773727,126799761
Maharashtra,2010,Electronic Components - Property,7. Electronic Components,567,2612,208837297,880334657
Manipur,2010,Electronic Components - Property,7. Electronic Components,4,47,469000,8425000
Meghalaya,2010,Electronic Components - Property,7. Electronic Components,19,43,2105000,8312000
Mizoram,2010,Electronic Components - Property,7. Electronic Components,13,18,1550000,3300000
Nagaland,2010,Electronic Components - Property,7. Electronic Components,12,81,3840000,11210000
Odisha,2010,Electronic Components - Property,7. Electronic Components,64,152,16893024,33708425
Puducherry,2010,Electronic Components - Property,7. Electronic Components,4,12,1750000,2750000
Punjab,2010,Electronic Components - Property,7. Electronic Components,231,879,55455141,146849181
Rajasthan,2010,Electronic Components - Property,7. Electronic Components,256,1491,261809960,394319504
Sikkim,2010,Electronic Components - Property,7. Electronic Components,2,2,800000,800000
Tamil Nadu,2010,Electronic Components - Property,7. Electronic Components,182,265,48854244,63350814
Tripura,2010,Electronic Components - Property,7. Electronic Components,1,1,300000,300000
Uttar Pradesh,2010,Electronic Components - Property,7. Electronic Components,374,3046,62098800,235953665
Uttarakhand,2010,Electronic Components - Property,7. Electronic Components,26,96,6690000,18381750
West Bengal,2010,Electronic Components - Property,7. Electronic Components,89,311,28512799,103231094
Andaman & Nicobar Islands,2001,Fire arms - Property,5. Fire Arms,4,4,92000,92000
Andaman & Nicobar Islands,2001,Fire arms - Property,6. Explosives/Explosive Substances,4,4,92000,92000
Andhra Pradesh,2001,Fire arms - Property,5. Fire Arms,1480,3115,50311688,99449152
Andhra Pradesh,2001,Fire arms - Property,6. Explosives/Explosive Substances,1480,3115,50311688,99449152
Arunachal Pradesh,2001,Fire arms - Property,5. Fire Arms,27,36,2335600,3567000
Arunachal Pradesh,2001,Fire arms - Property,6. Explosives/Explosive Substances,27,36,2335600,3567000
Assam,2001,Fire arms - Property,5. Fire Arms,149,438,4573122,21546820
Assam,2001,Fire arms - Property,6. Explosives/Explosive Substances,149,438,4573122,21546820
Bihar,2001,Fire arms - Property,5. Fire Arms,250,1136,18915422,82318567
Bihar,2001,Fire arms - Property,6. Explosives/Explosive Substances,250,1136,18915422,82318567
Chandigarh,2001,Fire arms - Property,5. Fire Arms,200,494,12288200,30906200
Chandigarh,2001,Fire arms - Property,6. Explosives/Explosive Substances,200,494,12288200,30906200
Chhattisgarh,2001,Fire arms - Property,5. Fire Arms,415,942,14146666,25524974
Chhattisgarh,2001,Fire arms - Property,6. Explosives/Explosive Substances,415,942,14146666,25524974
Dadra & Nagar Haveli,2001,Fire arms - Property,5. Fire Arms,5,15,259150,859540
Dadra & Nagar Haveli,2001,Fire arms - Property,6. Explosives/Explosive Substances,5,15,259150,859540
Daman & Diu,2001,Fire arms - Property,5. Fire Arms,8,24,860694,1226260
Daman & Diu,2001,Fire arms - Property,6. Explosives/Explosive Substances,8,24,860694,1226260
Delhi,2001,Fire arms - Property,5. Fire Arms,2014,7890,97056828,633604394
Delhi,2001,Fire arms - Property,6. Explosives/Explosive Substances,2014,7890,97056828,633604394
Goa,2001,Fire arms - Property,5. Fire Arms,85,177,5818322,10460050
Goa,2001,Fire arms - Property,6. Explosives/Explosive Substances,85,177,5818322,10460050
Gujarat,2001,Fire arms - Property,5. Fire Arms,1587,5534,77159387,228508603
Gujarat,2001,Fire arms - Property,6. Explosives/Explosive Substances,1587,5534,77159387,228508603
Haryana,2001,Fire arms - Property,5. Fire Arms,1510,3120,144320673,194984609
Haryana,2001,Fire arms - Property,6. Explosives/Explosive Substances,1510,3120,144320673,194984609
Himachal Pradesh,2001,Fire arms - Property,5. Fire Arms,97,144,11553262,16646162
Himachal Pradesh,2001,Fire arms - Property,6. Explosives/Explosive Substances,97,144,11553262,16646162
Jammu & Kashmir,2001,Fire arms - Property,5. Fire Arms,137,633,18540189,46294147
Jammu & Kashmir,2001,Fire arms - Property,6. Explosives/Explosive Substances,137,633,18540189,46294147
Jharkhand,2001,Fire arms - Property,5. Fire Arms,48,239,3035930,10407656
Jharkhand,2001,Fire arms - Property,6. Explosives/Explosive Substances,48,239,3035930,10407656
Karnataka,2001,Fire arms - Property,5. Fire Arms,1243,3831,90002943,186490525
Karnataka,2001,Fire arms - Property,6. Explosives/Explosive Substances,1243,3831,90002943,186490525
Kerala,2001,Fire arms - Property,5. Fire Arms,513,1795,45372070,179803173
Kerala,2001,Fire arms - Property,6. Explosives/Explosive Substances,513,1795,45372070,179803173
Lakshadweep,2001,Fire arms - Property,5. Fire Arms,0,0,0,0
Lakshadweep,2001,Fire arms - Property,6. Explosives/Explosive Substances,0,0,0,0
Madhya Pradesh,2001,Fire arms - Property,5. Fire Arms,1267,4323,80469671,164793056
Madhya Pradesh,2001,Fire arms - Property,6. Explosives/Explosive Substances,1267,4323,80469671,164793056
Maharashtra,2001,Fire arms - Property,5. Fire Arms,2920,8872,242863675,732502861
Maharashtra,2001,Fire arms - Property,6. Explosives/Explosive Substances,2920,8872,242863675,732502861
Manipur,2001,Fire arms - Property,5. Fire Arms,7,71,403600,4095852
Manipur,2001,Fire arms - Property,6. Explosives/Explosive Substances,7,71,403600,4095852
Meghalaya,2001,Fire arms - Property,5. Fire Arms,10,43,1505900,2720640
Meghalaya,2001,Fire arms - Property,6. Explosives/Explosive Substances,10,43,1505900,2720640
Mizoram,2001,Fire arms - Property,5. Fire Arms,18,18,1824820,1824820
Mizoram,2001,Fire arms - Property,6. Explosives/Explosive Substances,18,18,1824820,1824820
Nagaland,2001,Fire arms - Property,5. Fire Arms,30,119,3440000,12495000
Nagaland,2001,Fire arms - Property,6. Explosives/Explosive Substances,30,119,3440000,12495000
Odisha,2001,Fire arms - Property,5. Fire Arms,344,1011,10176843,23753158
Odisha,2001,Fire arms - Property,6. Explosives/Explosive Substances,344,1011,10176843,23753158
Puducherry,2001,Fire arms - Property,5. Fire Arms,137,284,2686500,5401550
Puducherry,2001,Fire arms - Property,6. Explosives/Explosive Substances,137,284,2686500,5401550
Punjab,2001,Fire arms - Property,5. Fire Arms,413,1163,44968328,98600700
Punjab,2001,Fire arms - Property,6. Explosives/Explosive Substances,413,1163,44968328,98600700
Rajasthan,2001,Fire arms - Property,5. Fire Arms,903,4039,171741011,260584364
Rajasthan,2001,Fire arms - Property,6. Explosives/Explosive Substances,903,4039,171741011,260584364
Sikkim,2001,Fire arms - Property,5. Fire Arms,4,6,725000,1425000
Sikkim,2001,Fire arms - Property,6. Explosives/Explosive Substances,4,6,725000,1425000
Tamil Nadu,2001,Fire arms - Property,5. Fire Arms,2758,4260,92953961,118987031
Tamil Nadu,2001,Fire arms - Property,6. Explosives/Explosive Substances,2758,4260,92953961,118987031
Tripura,2001,Fire arms - Property,5. Fire Arms,3,10,105000,520000
Tripura,2001,Fire arms - Property,6. Explosives/Explosive Substances,3,10,105000,520000
Uttar Pradesh,2001,Fire arms - Property,5. Fire Arms,1177,5790,81103951,212991236
Uttar Pradesh,2001,Fire arms - Property,6. Explosives/Explosive Substances,1177,5790,81103951,212991236
Uttarakhand,2001,Fire arms - Property,5. Fire Arms,95,374,7080800,14478700
Uttarakhand,2001,Fire arms - Property,6. Explosives/Explosive Substances,95,374,7080800,14478700
West Bengal,2001,Fire arms - Property,5. Fire Arms,791,2579,51966955,146849595
West Bengal,2001,Fire arms - Property,6. Explosives/Explosive Substances,791,2579,51966955,146849595
Andaman & Nicobar Islands,2002,Fire arms - Property,5. Fire Arms,1,2,45000,90000
Andaman & Nicobar Islands,2002,Fire arms - Property,6. Explosives/Explosive Substances,1,2,45000,90000
Andhra Pradesh,2002,Fire arms - Property,5. Fire Arms,1697,3449,54261477,92822779
Andhra Pradesh,2002,Fire arms - Property,6. Explosives/Explosive Substances,1697,3449,54261477,92822779
Arunachal Pradesh,2002,Fire arms - Property,5. Fire Arms,21,51,3835000,4847000
Arunachal Pradesh,2002,Fire arms - Property,6. Explosives/Explosive Substances,21,51,3835000,4847000
Assam,2002,Fire arms - Property,5. Fire Arms,170,600,11735199,38189750
Assam,2002,Fire arms - Property,6. Explosives/Explosive Substances,170,600,11735199,38189750
Bihar,2002,Fire arms - Property,5. Fire Arms,264,1148,23297800,74700685
Bihar,2002,Fire arms - Property,6. Explosives/Explosive Substances,264,1148,23297800,74700685
Chandigarh,2002,Fire arms - Property,5. Fire Arms,230,617,19252350,43562690
Chandigarh,2002,Fire arms - Property,6. Explosives/Explosive Substances,230,617,19252350,43562690
Chhattisgarh,2002,Fire arms - Property,5. Fire Arms,321,1126,14797919,29136739
Chhattisgarh,2002,Fire arms - Property,6. Explosives/Explosive Substances,321,1126,14797919,29136739
Dadra & Nagar Haveli,2002,Fire arms - Property,5. Fire Arms,20,37,752600,2829830
Dadra & Nagar Haveli,2002,Fire arms - Property,6. Explosives/Explosive Substances,20,37,752600,2829830
Daman & Diu,2002,Fire arms - Property,5. Fire Arms,19,36,1650250,2247447
Daman & Diu,2002,Fire arms - Property,6. Explosives/Explosive Substances,19,36,1650250,2247447
Delhi,2002,Fire arms - Property,5. Fire Arms,1646,7434,59950200,630072110
Delhi,2002,Fire arms - Property,6. Explosives/Explosive Substances,1646,7434,59950200,630072110
Goa,2002,Fire arms - Property,5. Fire Arms,41,149,4780009,9492065
Goa,2002,Fire arms - Property,6. Explosives/Explosive Substances,41,149,4780009,9492065
Gujarat,2002,Fire arms - Property,5. Fire Arms,1605,6256,76389290,244891754
Gujarat,2002,Fire arms - Property,6. Explosives/Explosive Substances,1605,6256,76389290,244891754
Haryana,2002,Fire arms - Property,5. Fire Arms,1503,3054,162305835,208809985
Haryana,2002,Fire arms - Property,6. Explosives/Explosive Substances,1503,3054,162305835,208809985
Himachal Pradesh,2002,Fire arms - Property,5. Fire Arms,90,148,15829058,23442843
Himachal Pradesh,2002,Fire arms - Property,6. Explosives/Explosive Substances,90,148,15829058,23442843
Jammu & Kashmir,2002,Fire arms - Property,5. Fire Arms,229,664,20991967,42491694
Jammu & Kashmir,2002,Fire arms - Property,6. Explosives/Explosive Substances,229,664,20991967,42491694
Jharkhand,2002,Fire arms - Property,5. Fire Arms,114,718,5542752,31228516
Jharkhand,2002,Fire arms - Property,6. Explosives/Explosive Substances,114,718,5542752,31228516
Karnataka,2002,Fire arms - Property,5. Fire Arms,1260,4220,68654716,195846475
Karnataka,2002,Fire arms - Property,6. Explosives/Explosive Substances,1260,4220,68654716,195846475
Kerala,2002,Fire arms - Property,5. Fire Arms,611,1978,57274893,165983002
Kerala,2002,Fire arms - Property,6. Explosives/Explosive Substances,611,1978,57274893,165983002
Lakshadweep,2002,Fire arms - Property,5. Fire Arms,0,0,0,0
Lakshadweep,2002,Fire arms - Property,6. Explosives/Explosive Substances,0,0,0,0
Madhya Pradesh,2002,Fire arms - Property,5. Fire Arms,1523,4845,89078117,168780848
Madhya Pradesh,2002,Fire arms - Property,6. Explosives/Explosive Substances,1523,4845,89078117,168780848
Maharashtra,2002,Fire arms - Property,5. Fire Arms,2822,9064,232480990,738584351
Maharashtra,2002,Fire arms - Property,6. Explosives/Explosive Substances,2822,9064,232480990,738584351
Manipur,2002,Fire arms - Property,5. Fire Arms,15,119,1603000,6603077
Manipur,2002,Fire arms - Property,6. Explosives/Explosive Substances,15,119,1603000,6603077
Meghalaya,2002,Fire arms - Property,5. Fire Arms,12,58,949055,4478950
Meghalaya,2002,Fire arms - Property,6. Explosives/Explosive Substances,12,58,949055,4478950
Mizoram,2002,Fire arms - Property,5. Fire Arms,30,30,3824000,3824000
Mizoram,2002,Fire arms - Property,6. Explosives/Explosive Substances,30,30,3824000,3824000
Nagaland,2002,Fire arms - Property,5. Fire Arms,26,155,3417630,20935472
Nagaland,2002,Fire arms - Property,6. Explosives/Explosive Substances,26,155,3417630,20935472
Odisha,2002,Fire arms - Property,5. Fire Arms,358,1028,11914793,30860429
Odisha,2002,Fire arms - Property,6. Explosives/Explosive Substances,358,1028,11914793,30860429
Puducherry,2002,Fire arms - Property,5. Fire Arms,52,258,2119500,5356000
Puducherry,2002,Fire arms - Property,6. Explosives/Explosive Substances,52,258,2119500,5356000
Punjab,2002,Fire arms - Property,5. Fire Arms,625,1058,72343360,104340171
Punjab,2002,Fire arms - Property,6. Explosives/Explosive Substances,625,1058,72343360,104340171
Rajasthan,2002,Fire arms - Property,5. Fire Arms,991,4433,192432011,274107466
Rajasthan,2002,Fire arms - Property,6. Explosives/Explosive Substances,991,4433,192432011,274107466
Sikkim,2002,Fire arms - Property,5. Fire Arms,3,5,260000,590000
Sikkim,2002,Fire arms - Property,6. Explosives/Explosive Substances,3,5,260000,590000
Tamil Nadu,2002,Fire arms - Property,5. Fire Arms,3205,4677,106350159,137621016
Tamil Nadu,2002,Fire arms - Property,6. Explosives/Explosive Substances,3205,4677,106350159,137621016
Tripura,2002,Fire arms - Property,5. Fire Arms,64,73,588800,2425000
Tripura,2002,Fire arms - Property,6. Explosives/Explosive Substances,64,73,588800,2425000
Uttar Pradesh,2002,Fire arms - Property,5. Fire Arms,1478,5689,110076831,207053183
Uttar Pradesh,2002,Fire arms - Property,6. Explosives/Explosive Substances,1478,5689,110076831,207053183
Uttarakhand,2002,Fire arms - Property,5. Fire Arms,98,352,5075427,14714027
Uttarakhand,2002,Fire arms - Property,6. Explosives/Explosive Substances,98,352,5075427,14714027
West Bengal,2002,Fire arms - Property,5. Fire Arms,590,2455,71350475,224386933
West Bengal,2002,Fire arms - Property,6. Explosives/Explosive Substances,590,2455,71350475,224386933
Andaman & Nicobar Islands,2003,Fire arms - Property,5. Fire Arms,2,5,43000,278000
Andaman & Nicobar Islands,2003,Fire arms - Property,6. Explosives/Explosive Substances,2,5,43000,278000
Andhra Pradesh,2003,Fire arms - Property,5. Fire Arms,1972,4732,72969667,146159090
Andhra Pradesh,2003,Fire arms - Property,6. Explosives/Explosive Substances,1972,4732,72969667,146159090
Arunachal Pradesh,2003,Fire arms - Property,5. Fire Arms,12,50,715000,2603500
Arunachal Pradesh,2003,Fire arms - Property,6. Explosives/Explosive Substances,12,50,715000,2603500
Assam,2003,Fire arms - Property,5. Fire Arms,132,545,11409377,42718466
Assam,2003,Fire arms - Property,6. Explosives/Explosive Substances,132,545,11409377,42718466
Bihar,2003,Fire arms - Property,5. Fire Arms,287,1325,18129370,60696620
Bihar,2003,Fire arms - Property,6. Explosives/Explosive Substances,287,1325,18129370,60696620
Chandigarh,2003,Fire arms - Property,5. Fire Arms,286,566,23091000,42844950
Chandigarh,2003,Fire arms - Property,6. Explosives/Explosive Substances,286,566,23091000,42844950
Chhattisgarh,2003,Fire arms - Property,5. Fire Arms,390,1131,20095995,93934022
Chhattisgarh,2003,Fire arms - Property,6. Explosives/Explosive Substances,390,1131,20095995,93934022
Dadra & Nagar Haveli,2003,Fire arms - Property,5. Fire Arms,8,14,423500,594320
Dadra & Nagar Haveli,2003,Fire arms - Property,6. Explosives/Explosive Substances,8,14,423500,594320
Daman & Diu,2003,Fire arms - Property,5. Fire Arms,13,25,514050,938719
Daman & Diu,2003,Fire arms - Property,6. Explosives/Explosive Substances,13,25,514050,938719
Delhi,2003,Fire arms - Property,5. Fire Arms,1427,7445,38741200,607946869
Delhi,2003,Fire arms - Property,6. Explosives/Explosive Substances,1427,7445,38741200,607946869
Goa,2003,Fire arms - Property,5. Fire Arms,45,136,2474827,6459069
Goa,2003,Fire arms - Property,6. Explosives/Explosive Substances,45,136,2474827,6459069
Gujarat,2003,Fire arms - Property,5. Fire Arms,2102,7243,100694352,303821794
Gujarat,2003,Fire arms - Property,6. Explosives/Explosive Substances,2102,7243,100694352,303821794
Haryana,2003,Fire arms - Property,5. Fire Arms,1546,3293,158417156,215710195
Haryana,2003,Fire arms - Property,6. Explosives/Explosive Substances,1546,3293,158417156,215710195
Himachal Pradesh,2003,Fire arms - Property,5. Fire Arms,108,213,19098837,31217082
Himachal Pradesh,2003,Fire arms - Property,6. Explosives/Explosive Substances,108,213,19098837,31217082
Jammu & Kashmir,2003,Fire arms - Property,5. Fire Arms,156,576,30670481,51969447
Jammu & Kashmir,2003,Fire arms - Property,6. Explosives/Explosive Substances,156,576,30670481,51969447
Jharkhand,2003,Fire arms - Property,5. Fire Arms,98,347,7471834,19449485
Jharkhand,2003,Fire arms - Property,6. Explosives/Explosive Substances,98,347,7471834,19449485
Karnataka,2003,Fire arms - Property,5. Fire Arms,1321,4306,67198207,161086720
Karnataka,2003,Fire arms - Property,6. Explosives/Explosive Substances,1321,4306,67198207,161086720
Kerala,2003,Fire arms - Property,5. Fire Arms,631,1668,53485418,167655055
Kerala,2003,Fire arms - Property,6. Explosives/Explosive Substances,631,1668,53485418,167655055
Lakshadweep,2003,Fire arms - Property,5. Fire Arms,1,1,79000,79000
Lakshadweep,2003,Fire arms - Property,6. Explosives/Explosive Substances,1,1,79000,79000
Madhya Pradesh,2003,Fire arms - Property,5. Fire Arms,1751,5208,98830161,188224616
Madhya Pradesh,2003,Fire arms - Property,6. Explosives/Explosive Substances,1751,5208,98830161,188224616
Maharashtra,2003,Fire arms - Property,5. Fire Arms,2752,9271,232521263,721907138
Maharashtra,2003,Fire arms - Property,6. Explosives/Explosive Substances,2752,9271,232521263,721907138
Manipur,2003,Fire arms - Property,5. Fire Arms,11,124,1400000,5264700
Manipur,2003,Fire arms - Property,6. Explosives/Explosive Substances,11,124,1400000,5264700
Meghalaya,2003,Fire arms - Property,5. Fire Arms,17,108,1064300,8395049
Meghalaya,2003,Fire arms - Property,6. Explosives/Explosive Substances,17,108,1064300,8395049
Mizoram,2003,Fire arms - Property,5. Fire Arms,51,55,6141118,7453118
Mizoram,2003,Fire arms - Property,6. Explosives/Explosive Substances,51,55,6141118,7453118
Nagaland,2003,Fire arms - Property,5. Fire Arms,58,225,2984797,6294672
Nagaland,2003,Fire arms - Property,6. Explosives/Explosive Substances,58,225,2984797,6294672
Odisha,2003,Fire arms - Property,5. Fire Arms,347,1076,15955460,34641456
Odisha,2003,Fire arms - Property,6. Explosives/Explosive Substances,347,1076,15955460,34641456
Puducherry,2003,Fire arms - Property,5. Fire Arms,65,295,1387000,6765800
Puducherry,2003,Fire arms - Property,6. Explosives/Explosive Substances,65,295,1387000,6765800
Punjab,2003,Fire arms - Property,5. Fire Arms,570,1388,60978931,123903106
Punjab,2003,Fire arms - Property,6. Explosives/Explosive Substances,570,1388,60978931,123903106
Rajasthan,2003,Fire arms - Property,5. Fire Arms,1061,5267,78751801,278011011
Rajasthan,2003,Fire arms - Property,6. Explosives/Explosive Substances,1061,5267,78751801,278011011
Sikkim,2003,Fire arms - Property,5. Fire Arms,3,3,490000,490000
Sikkim,2003,Fire arms - Property,6. Explosives/Explosive Substances,3,3,490000,490000
Tamil Nadu,2003,Fire arms - Property,5. Fire Arms,3212,4581,104500930,126364525
Tamil Nadu,2003,Fire arms - Property,6. Explosives/Explosive Substances,3212,4581,104500930,126364525
Tripura,2003,Fire arms - Property,5. Fire Arms,7,53,375006,4349928
Tripura,2003,Fire arms - Property,6. Explosives/Explosive Substances,7,53,375006,4349928
Uttar Pradesh,2003,Fire arms - Property,5. Fire Arms,1406,4720,117060759,212159873
Uttar Pradesh,2003,Fire arms - Property,6. Explosives/Explosive Substances,1406,4720,117060759,212159873
Uttarakhand,2003,Fire arms - Property,5. Fire Arms,122,369,6924600,14358229
Uttarakhand,2003,Fire arms - Property,6. Explosives/Explosive Substances,122,369,6924600,14358229
West Bengal,2003,Fire arms - Property,5. Fire Arms,627,2581,87350273,252580231
West Bengal,2003,Fire arms - Property,6. Explosives/Explosive Substances,627,2581,87350273,252580231
Andaman & Nicobar Islands,2004,Fire arms - Property,5. Fire Arms,9,9,356000,356000
Andaman & Nicobar Islands,2004,Fire arms - Property,6. Explosives/Explosive Substances,9,9,356000,356000
Andhra Pradesh,2004,Fire arms - Property,5. Fire Arms,2164,4727,85372372,160916208
Andhra Pradesh,2004,Fire arms - Property,6. Explosives/Explosive Substances,2164,4727,85372372,160916208
Arunachal Pradesh,2004,Fire arms - Property,5. Fire Arms,31,75,2151520,3630796
Arunachal Pradesh,2004,Fire arms - Property,6. Explosives/Explosive Substances,31,75,2151520,3630796
Assam,2004,Fire arms - Property,5. Fire Arms,145,697,8793260,45475769
Assam,2004,Fire arms - Property,6. Explosives/Explosive Substances,145,697,8793260,45475769
Bihar,2004,Fire arms - Property,5. Fire Arms,312,2083,26187442,127615644
Bihar,2004,Fire arms - Property,6. Explosives/Explosive Substances,312,2083,26187442,127615644
Chandigarh,2004,Fire arms - Property,5. Fire Arms,218,674,12581400,45211200
Chandigarh,2004,Fire arms - Property,6. Explosives/Explosive Substances,218,674,12581400,45211200
Chhattisgarh,2004,Fire arms - Property,5. Fire Arms,502,1316,17719392,36909061
Chhattisgarh,2004,Fire arms - Property,6. Explosives/Explosive Substances,502,1316,17719392,36909061
Dadra & Nagar Haveli,2004,Fire arms - Property,5. Fire Arms,14,24,1820459,3078687
Dadra & Nagar Haveli,2004,Fire arms - Property,6. Explosives/Explosive Substances,14,24,1820459,3078687
Daman & Diu,2004,Fire arms - Property,5. Fire Arms,5,12,205000,652400
Daman & Diu,2004,Fire arms - Property,6. Explosives/Explosive Substances,5,12,205000,652400
Delhi,2004,Fire arms - Property,5. Fire Arms,1673,8873,45308750,767710186
Delhi,2004,Fire arms - Property,6. Explosives/Explosive Substances,1673,8873,45308750,767710186
Goa,2004,Fire arms - Property,5. Fire Arms,44,125,3426213,8367674
Goa,2004,Fire arms - Property,6. Explosives/Explosive Substances,44,125,3426213,8367674
Gujarat,2004,Fire arms - Property,5. Fire Arms,2145,6936,84762202,254642044
Gujarat,2004,Fire arms - Property,6. Explosives/Explosive Substances,2145,6936,84762202,254642044
Haryana,2004,Fire arms - Property,5. Fire Arms,1612,3735,153258304,226089751
Haryana,2004,Fire arms - Property,6. Explosives/Explosive Substances,1612,3735,153258304,226089751
Himachal Pradesh,2004,Fire arms - Property,5. Fire Arms,95,211,10580905,29733293
Himachal Pradesh,2004,Fire arms - Property,6. Explosives/Explosive Substances,95,211,10580905,29733293
Jammu & Kashmir,2004,Fire arms - Property,5. Fire Arms,132,573,20271774,36513725
Jammu & Kashmir,2004,Fire arms - Property,6. Explosives/Explosive Substances,132,573,20271774,36513725
Jharkhand,2004,Fire arms - Property,5. Fire Arms,114,718,5542752,31228516
Jharkhand,2004,Fire arms - Property,6. Explosives/Explosive Substances,114,718,5542752,31228516
Karnataka,2004,Fire arms - Property,5. Fire Arms,1422,5609,73222048,208262509
Karnataka,2004,Fire arms - Property,6. Explosives/Explosive Substances,1422,5609,73222048,208262509
Kerala,2004,Fire arms - Property,5. Fire Arms,725,1717,56827399,121922528
Kerala,2004,Fire arms - Property,6. Explosives/Explosive Substances,725,1717,56827399,121922528
Lakshadweep,2004,Fire arms - Property,5. Fire Arms,0,0,0,0
Lakshadweep,2004,Fire arms - Property,6. Explosives/Explosive Substances,0,0,0,0
Madhya Pradesh,2004,Fire arms - Property,5. Fire Arms,1795,6170,100781964,219163710
Madhya Pradesh,2004,Fire arms - Property,6. Explosives/Explosive Substances,1795,6170,100781964,219163710
Maharashtra,2004,Fire arms - Property,5. Fire Arms,3598,11299,273565473,952749535
Maharashtra,2004,Fire arms - Property,6. Explosives/Explosive Substances,3598,11299,273565473,952749535
Manipur,2004,Fire arms - Property,5. Fire Arms,5,109,1134000,5086197
Manipur,2004,Fire arms - Property,6. Explosives/Explosive Substances,5,109,1134000,5086197
Meghalaya,2004,Fire arms - Property,5. Fire Arms,36,140,6140140,41555688
Meghalaya,2004,Fire arms - Property,6. Explosives/Explosive Substances,36,140,6140140,41555688
Mizoram,2004,Fire arms - Property,5. Fire Arms,0,0,0,0
Mizoram,2004,Fire arms - Property,6. Explosives/Explosive Substances,0,0,0,0
Nagaland,2004,Fire arms - Property,5. Fire Arms,13,54,1476300,6633568
Nagaland,2004,Fire arms - Property,6. Explosives/Explosive Substances,13,54,1476300,6633568
Odisha,2004,Fire arms - Property,5. Fire Arms,362,1378,13484837,37248988
Odisha,2004,Fire arms - Property,6. Explosives/Explosive Substances,362,1378,13484837,37248988
Puducherry,2004,Fire arms - Property,5. Fire Arms,183,322,5212100,7280350
Puducherry,2004,Fire arms - Property,6. Explosives/Explosive Substances,183,322,5212100,7280350
Punjab,2004,Fire arms - Property,5. Fire Arms,443,1131,55690336,117786330
Punjab,2004,Fire arms - Property,6. Explosives/Explosive Substances,443,1131,55690336,117786330
Rajasthan,2004,Fire arms - Property,5. Fire Arms,1583,6395,160607713,297950390
Rajasthan,2004,Fire arms - Property,6. Explosives/Explosive Substances,1583,6395,160607713,297950390
Sikkim,2004,Fire arms - Property,5. Fire Arms,5,6,1176000,1670000
Sikkim,2004,Fire arms - Property,6. Explosives/Explosive Substances,5,6,1176000,1670000
Tamil Nadu,2004,Fire arms - Property,5. Fire Arms,2867,4005,95077508,110926266
Tamil Nadu,2004,Fire arms - Property,6. Explosives/Explosive Substances,2867,4005,95077508,110926266
Tripura,2004,Fire arms - Property,5. Fire Arms,18,36,1705000,2975000
Tripura,2004,Fire arms - Property,6. Explosives/Explosive Substances,18,36,1705000,2975000
Uttar Pradesh,2004,Fire arms - Property,5. Fire Arms,1753,8452,116583461,256742012
Uttar Pradesh,2004,Fire arms - Property,6. Explosives/Explosive Substances,1753,8452,116583461,256742012
Uttarakhand,2004,Fire arms - Property,5. Fire Arms,112,471,5775000,17430533
Uttarakhand,2004,Fire arms - Property,6. Explosives/Explosive Substances,112,471,5775000,17430533
West Bengal,2004,Fire arms - Property,5. Fire Arms,534,2668,57093674,212878175
West Bengal,2004,Fire arms - Property,6. Explosives/Explosive Substances,534,2668,57093674,212878175
Andaman & Nicobar Islands,2005,Fire arms - Property,5. Fire Arms,6,6,295000,295000
Andaman & Nicobar Islands,2005,Fire arms - Property,6. Explosives/Explosive Substances,6,6,295000,295000
Andhra Pradesh,2005,Fire arms - Property,5. Fire Arms,2670,5465,107583572,200305652
Andhra Pradesh,2005,Fire arms - Property,6. Explosives/Explosive Substances,2670,5465,107583572,200305652
Arunachal Pradesh,2005,Fire arms - Property,5. Fire Arms,33,119,1461000,9054500
Arunachal Pradesh,2005,Fire arms - Property,6. Explosives/Explosive Substances,33,119,1461000,9054500
Assam,2005,Fire arms - Property,5. Fire Arms,173,517,15117500,53104920
Assam,2005,Fire arms - Property,6. Explosives/Explosive Substances,173,517,15117500,53104920
Bihar,2005,Fire arms - Property,5. Fire Arms,226,2134,21178596,115388901
Bihar,2005,Fire arms - Property,6. Explosives/Explosive Substances,226,2134,21178596,115388901
Chandigarh,2005,Fire arms - Property,5. Fire Arms,201,579,16397875,46407865
Chandigarh,2005,Fire arms - Property,6. Explosives/Explosive Substances,201,579,16397875,46407865
Chhattisgarh,2005,Fire arms - Property,5. Fire Arms,642,1619,35735851,75336728
Chhattisgarh,2005,Fire arms - Property,6. Explosives/Explosive Substances,642,1619,35735851,75336728
Dadra & Nagar Haveli,2005,Fire arms - Property,5. Fire Arms,8,22,2156000,4082200
Dadra & Nagar Haveli,2005,Fire arms - Property,6. Explosives/Explosive Substances,8,22,2156000,4082200
Daman & Diu,2005,Fire arms - Property,5. Fire Arms,7,27,271500,2227418
Daman & Diu,2005,Fire arms - Property,6. Explosives/Explosive Substances,7,27,271500,2227418
Delhi,2005,Fire arms - Property,5. Fire Arms,2249,8862,40728250,663302635
Delhi,2005,Fire arms - Property,6. Explosives/Explosive Substances,2249,8862,40728250,663302635
Goa,2005,Fire arms - Property,5. Fire Arms,60,193,5143181,17956682
Goa,2005,Fire arms - Property,6. Explosives/Explosive Substances,60,193,5143181,17956682
Gujarat,2005,Fire arms - Property,5. Fire Arms,1776,7096,76457324,243388003
Gujarat,2005,Fire arms - Property,6. Explosives/Explosive Substances,1776,7096,76457324,243388003
Haryana,2005,Fire arms - Property,5. Fire Arms,1851,5276,173536761,272239039
Haryana,2005,Fire arms - Property,6. Explosives/Explosive Substances,1851,5276,173536761,272239039
Himachal Pradesh,2005,Fire arms - Property,5. Fire Arms,90,164,16907633,28744452
Himachal Pradesh,2005,Fire arms - Property,6. Explosives/Explosive Substances,90,164,16907633,28744452
Jammu & Kashmir,2005,Fire arms - Property,5. Fire Arms,109,504,21039183,37485360
Jammu & Kashmir,2005,Fire arms - Property,6. Explosives/Explosive Substances,109,504,21039183,37485360
Jharkhand,2005,Fire arms - Property,5. Fire Arms,83,773,10909850,16100860
Jharkhand,2005,Fire arms - Property,6. Explosives/Explosive Substances,83,773,10909850,16100860
Karnataka,2005,Fire arms - Property,5. Fire Arms,1402,5976,92973671,238259793
Karnataka,2005,Fire arms - Property,6. Explosives/Explosive Substances,1402,5976,92973671,238259793
Kerala,2005,Fire arms - Property,5. Fire Arms,562,1946,49439150,185949599
Kerala,2005,Fire arms - Property,6. Explosives/Explosive Substances,562,1946,49439150,185949599
Lakshadweep,2005,Fire arms - Property,5. Fire Arms,0,0,0,0
Lakshadweep,2005,Fire arms - Property,6. Explosives/Explosive Substances,0,0,0,0
Madhya Pradesh,2005,Fire arms - Property,5. Fire Arms,2096,6551,121188251,261010973
Madhya Pradesh,2005,Fire arms - Property,6. Explosives/Explosive Substances,2096,6551,121188251,261010973
Maharashtra,2005,Fire arms - Property,5. Fire Arms,2927,12180,282803621,1037717769
Maharashtra,2005,Fire arms - Property,6. Explosives/Explosive Substances,2927,12180,282803621,1037717769
Manipur,2005,Fire arms - Property,5. Fire Arms,7,92,244000,4339095
Manipur,2005,Fire arms - Property,6. Explosives/Explosive Substances,7,92,244000,4339095
Meghalaya,2005,Fire arms - Property,5. Fire Arms,20,119,2535600,11446850
Meghalaya,2005,Fire arms - Property,6. Explosives/Explosive Substances,20,119,2535600,11446850
Mizoram,2005,Fire arms - Property,5. Fire Arms,0,0,0,0
Mizoram,2005,Fire arms - Property,6. Explosives/Explosive Substances,0,0,0,0
Nagaland,2005,Fire arms - Property,5. Fire Arms,56,248,9484770,18750937
Nagaland,2005,Fire arms - Property,6. Explosives/Explosive Substances,56,248,9484770,18750937
Odisha,2005,Fire arms - Property,5. Fire Arms,436,1619,20740425,49673303
Odisha,2005,Fire arms - Property,6. Explosives/Explosive Substances,436,1619,20740425,49673303
Puducherry,2005,Fire arms - Property,5. Fire Arms,143,235,3416000,5786500
Puducherry,2005,Fire arms - Property,6. Explosives/Explosive Substances,143,235,3416000,5786500
Punjab,2005,Fire arms - Property,5. Fire Arms,512,1181,42755657,108722579
Punjab,2005,Fire arms - Property,6. Explosives/Explosive Substances,512,1181,42755657,108722579
Rajasthan,2005,Fire arms - Property,5. Fire Arms,1355,6429,208919445,378819647
Rajasthan,2005,Fire arms - Property,6. Explosives/Explosive Substances,1355,6429,208919445,378819647
Sikkim,2005,Fire arms - Property,5. Fire Arms,4,5,1000000,1240000
Sikkim,2005,Fire arms - Property,6. Explosives/Explosive Substances,4,5,1000000,1240000
Tamil Nadu,2005,Fire arms - Property,5. Fire Arms,2624,3583,95427385,110800593
Tamil Nadu,2005,Fire arms - Property,6. Explosives/Explosive Substances,2624,3583,95427385,110800593
Tripura,2005,Fire arms - Property,5. Fire Arms,8,55,1836000,4001000
Tripura,2005,Fire arms - Property,6. Explosives/Explosive Substances,8,55,1836000,4001000
Uttar Pradesh,2005,Fire arms - Property,5. Fire Arms,1704,7619,114102460,256732931
Uttar Pradesh,2005,Fire arms - Property,6. Explosives/Explosive Substances,1704,7619,114102460,256732931
Uttarakhand,2005,Fire arms - Property,5. Fire Arms,130,521,7181287,25962900
Uttarakhand,2005,Fire arms - Property,6. Explosives/Explosive Substances,130,521,7181287,25962900
West Bengal,2005,Fire arms - Property,5. Fire Arms,470,2435,43613195,177208081
West Bengal,2005,Fire arms - Property,6. Explosives/Explosive Substances,470,2435,43613195,177208081
Andaman & Nicobar Islands,2006,Fire arms - Property,5. Fire Arms,6,6,265000,265000
Andaman & Nicobar Islands,2006,Fire arms - Property,6. Explosives/Explosive Substances,6,6,265000,265000
Andhra Pradesh,2006,Fire arms - Property,5. Fire Arms,2166,5400,101812341,179634491
Andhra Pradesh,2006,Fire arms - Property,6. Explosives/Explosive Substances,2166,5400,101812341,179634491
Arunachal Pradesh,2006,Fire arms - Property,5. Fire Arms,22,74,1126600,4355931
Arunachal Pradesh,2006,Fire arms - Property,6. Explosives/Explosive Substances,22,74,1126600,4355931
Assam,2006,Fire arms - Property,5. Fire Arms,453,1405,95346115,225578571
Assam,2006,Fire arms - Property,6. Explosives/Explosive Substances,453,1405,95346115,225578571
Bihar,2006,Fire arms - Property,5. Fire Arms,312,2023,19708455,70330281
Bihar,2006,Fire arms - Property,6. Explosives/Explosive Substances,312,2023,19708455,70330281
Chandigarh,2006,Fire arms - Property,5. Fire Arms,175,529,8318500,24832700
Chandigarh,2006,Fire arms - Property,6. Explosives/Explosive Substances,175,529,8318500,24832700
Chhattisgarh,2006,Fire arms - Property,5. Fire Arms,569,1665,29010218,73321043
Chhattisgarh,2006,Fire arms - Property,6. Explosives/Explosive Substances,569,1665,29010218,73321043
Dadra & Nagar Haveli,2006,Fire arms - Property,5. Fire Arms,8,15,594800,1104300
Dadra & Nagar Haveli,2006,Fire arms - Property,6. Explosives/Explosive Substances,8,15,594800,1104300
Daman & Diu,2006,Fire arms - Property,5. Fire Arms,7,33,613800,4034770
Daman & Diu,2006,Fire arms - Property,6. Explosives/Explosive Substances,7,33,613800,4034770
Delhi,2006,Fire arms - Property,5. Fire Arms,2060,9366,49279020,751562848
Delhi,2006,Fire arms - Property,6. Explosives/Explosive Substances,2060,9366,49279020,751562848
Goa,2006,Fire arms - Property,5. Fire Arms,70,227,8780123,30619587
Goa,2006,Fire arms - Property,6. Explosives/Explosive Substances,70,227,8780123,30619587
Gujarat,2006,Fire arms - Property,5. Fire Arms,1644,7183,80495550,255344222
Gujarat,2006,Fire arms - Property,6. Explosives/Explosive Substances,1644,7183,80495550,255344222
Haryana,2006,Fire arms - Property,5. Fire Arms,2258,6588,196512862,303937247
Haryana,2006,Fire arms - Property,6. Explosives/Explosive Substances,2258,6588,196512862,303937247
Himachal Pradesh,2006,Fire arms - Property,5. Fire Arms,107,216,20698860,42720935
Himachal Pradesh,2006,Fire arms - Property,6. Explosives/Explosive Substances,107,216,20698860,42720935
Jammu & Kashmir,2006,Fire arms - Property,5. Fire Arms,168,554,28462641,51488526
Jammu & Kashmir,2006,Fire arms - Property,6. Explosives/Explosive Substances,168,554,28462641,51488526
Jharkhand,2006,Fire arms - Property,5. Fire Arms,262,1138,9232826,43938931
Jharkhand,2006,Fire arms - Property,6. Explosives/Explosive Substances,262,1138,9232826,43938931
Karnataka,2006,Fire arms - Property,5. Fire Arms,1290,5601,96404057,255526050
Karnataka,2006,Fire arms - Property,6. Explosives/Explosive Substances,1290,5601,96404057,255526050
Kerala,2006,Fire arms - Property,5. Fire Arms,545,2019,46342980,226863010
Kerala,2006,Fire arms - Property,6. Explosives/Explosive Substances,545,2019,46342980,226863010
Lakshadweep,2006,Fire arms - Property,5. Fire Arms,1,2,25000,62000
Lakshadweep,2006,Fire arms - Property,6. Explosives/Explosive Substances,1,2,25000,62000
Madhya Pradesh,2006,Fire arms - Property,5. Fire Arms,2177,7651,142214270,311561243
Madhya Pradesh,2006,Fire arms - Property,6. Explosives/Explosive Substances,2177,7651,142214270,311561243
Maharashtra,2006,Fire arms - Property,5. Fire Arms,3670,12735,365183414,1179296814
Maharashtra,2006,Fire arms - Property,6. Explosives/Explosive Substances,3670,12735,365183414,1179296814
Manipur,2006,Fire arms - Property,5. Fire Arms,8,115,362800,4791000
Manipur,2006,Fire arms - Property,6. Explosives/Explosive Substances,8,115,362800,4791000
Meghalaya,2006,Fire arms - Property,5. Fire Arms,20,135,1871000,19523659
Meghalaya,2006,Fire arms - Property,6. Explosives/Explosive Substances,20,135,1871000,19523659
Mizoram,2006,Fire arms - Property,5. Fire Arms,42,60,4022631,7605350
Mizoram,2006,Fire arms - Property,6. Explosives/Explosive Substances,42,60,4022631,7605350
Nagaland,2006,Fire arms - Property,5. Fire Arms,75,155,7837400,34406200
Nagaland,2006,Fire arms - Property,6. Explosives/Explosive Substances,75,155,7837400,34406200
Odisha,2006,Fire arms - Property,5. Fire Arms,556,1571,24699146,70167227
Odisha,2006,Fire arms - Property,6. Explosives/Explosive Substances,556,1571,24699146,70167227
Puducherry,2006,Fire arms - Property,5. Fire Arms,122,320,6834000,9331000
Puducherry,2006,Fire arms - Property,6. Explosives/Explosive Substances,122,320,6834000,9331000
Punjab,2006,Fire arms - Property,5. Fire Arms,559,1531,59604689,135982742
Punjab,2006,Fire arms - Property,6. Explosives/Explosive Substances,559,1531,59604689,135982742
Rajasthan,2006,Fire arms - Property,5. Fire Arms,1360,6977,247050585,553382205
Rajasthan,2006,Fire arms - Property,6. Explosives/Explosive Substances,1360,6977,247050585,553382205
Sikkim,2006,Fire arms - Property,5. Fire Arms,8,8,1940000,1940000
Sikkim,2006,Fire arms - Property,6. Explosives/Explosive Substances,8,8,1940000,1940000
Tamil Nadu,2006,Fire arms - Property,5. Fire Arms,2580,2988,107889134,118228933
Tamil Nadu,2006,Fire arms - Property,6. Explosives/Explosive Substances,2580,2988,107889134,118228933
Tripura,2006,Fire arms - Property,5. Fire Arms,7,28,1380000,8270000
Tripura,2006,Fire arms - Property,6. Explosives/Explosive Substances,7,28,1380000,8270000
Uttar Pradesh,2006,Fire arms - Property,5. Fire Arms,2129,8349,139536965,319011700
Uttar Pradesh,2006,Fire arms - Property,6. Explosives/Explosive Substances,2129,8349,139536965,319011700
Uttarakhand,2006,Fire arms - Property,5. Fire Arms,131,499,9520200,29286200
Uttarakhand,2006,Fire arms - Property,6. Explosives/Explosive Substances,131,499,9520200,29286200
West Bengal,2006,Fire arms - Property,5. Fire Arms,428,2714,48697233,233095499
West Bengal,2006,Fire arms - Property,6. Explosives/Explosive Substances,428,2714,48697233,233095499
Andaman & Nicobar Islands,2007,Fire arms - Property,5. Fire Arms,7,8,224000,264000
Andaman & Nicobar Islands,2007,Fire arms - Property,6. Explosives/Explosive Substances,7,8,224000,264000
Andhra Pradesh,2007,Fire arms - Property,5. Fire Arms,2841,6304,154205312,250073768
Andhra Pradesh,2007,Fire arms - Property,6. Explosives/Explosive Substances,2841,6304,154205312,250073768
Arunachal Pradesh,2007,Fire arms - Property,5. Fire Arms,63,116,5352371,20556115
Arunachal Pradesh,2007,Fire arms - Property,6. Explosives/Explosive Substances,63,116,5352371,20556115
Assam,2007,Fire arms - Property,5. Fire Arms,597,1801,29703705,74656820
Assam,2007,Fire arms - Property,6. Explosives/Explosive Substances,597,1801,29703705,74656820
Bihar,2007,Fire arms - Property,5. Fire Arms,323,2392,14490079,79391316
Bihar,2007,Fire arms - Property,6. Explosives/Explosive Substances,323,2392,14490079,79391316
Chandigarh,2007,Fire arms - Property,5. Fire Arms,222,853,18622000,70748500
Chandigarh,2007,Fire arms - Property,6. Explosives/Explosive Substances,222,853,18622000,70748500
Chhattisgarh,2007,Fire arms - Property,5. Fire Arms,716,1933,37537458,84726899
Chhattisgarh,2007,Fire arms - Property,6. Explosives/Explosive Substances,716,1933,37537458,84726899
Dadra & Nagar Haveli,2007,Fire arms - Property,5. Fire Arms,4,19,240000,1941590
Dadra & Nagar Haveli,2007,Fire arms - Property,6. Explosives/Explosive Substances,4,19,240000,1941590
Daman & Diu,2007,Fire arms - Property,5. Fire Arms,7,28,574550,3965280
Daman & Diu,2007,Fire arms - Property,6. Explosives/Explosive Substances,7,28,574550,3965280
Delhi,2007,Fire arms - Property,5. Fire Arms,1782,8874,59047187,687583842
Delhi,2007,Fire arms - Property,6. Explosives/Explosive Substances,1782,8874,59047187,687583842
Goa,2007,Fire arms - Property,5. Fire Arms,65,220,5361716,19255680
Goa,2007,Fire arms - Property,6. Explosives/Explosive Substances,65,220,5361716,19255680
Gujarat,2007,Fire arms - Property,5. Fire Arms,1784,8019,108963143,324753727
Gujarat,2007,Fire arms - Property,6. Explosives/Explosive Substances,1784,8019,108963143,324753727
Haryana,2007,Fire arms - Property,5. Fire Arms,2224,6736,219309083,388888967
Haryana,2007,Fire arms - Property,6. Explosives/Explosive Substances,2224,6736,219309083,388888967
Himachal Pradesh,2007,Fire arms - Property,5. Fire Arms,102,265,26945106,60940255
Himachal Pradesh,2007,Fire arms - Property,6. Explosives/Explosive Substances,102,265,26945106,60940255
Jammu & Kashmir,2007,Fire arms - Property,5. Fire Arms,165,514,30525212,52274888
Jammu & Kashmir,2007,Fire arms - Property,6. Explosives/Explosive Substances,165,514,30525212,52274888
Jharkhand,2007,Fire arms - Property,5. Fire Arms,269,1738,9742090,66817240
Jharkhand,2007,Fire arms - Property,6. Explosives/Explosive Substances,269,1738,9742090,66817240
Karnataka,2007,Fire arms - Property,5. Fire Arms,1822,5768,118815035,315988212
Karnataka,2007,Fire arms - Property,6. Explosives/Explosive Substances,1822,5768,118815035,315988212
Kerala,2007,Fire arms - Property,5. Fire Arms,643,2110,67237271,243881075
Kerala,2007,Fire arms - Property,6. Explosives/Explosive Substances,643,2110,67237271,243881075
Lakshadweep,2007,Fire arms - Property,5. Fire Arms,2,2,64597,64597
Lakshadweep,2007,Fire arms - Property,6. Explosives/Explosive Substances,2,2,64597,64597
Madhya Pradesh,2007,Fire arms - Property,5. Fire Arms,2281,8812,159359864,354524377
Madhya Pradesh,2007,Fire arms - Property,6. Explosives/Explosive Substances,2281,8812,159359864,354524377
Maharashtra,2007,Fire arms - Property,5. Fire Arms,3559,13899,332703274,1479429110
Maharashtra,2007,Fire arms - Property,6. Explosives/Explosive Substances,3559,13899,332703274,1479429110
Manipur,2007,Fire arms - Property,5. Fire Arms,9,157,837000,8508000
Manipur,2007,Fire arms - Property,6. Explosives/Explosive Substances,9,157,837000,8508000
Meghalaya,2007,Fire arms - Property,5. Fire Arms,9,93,1612500,12126299
Meghalaya,2007,Fire arms - Property,6. Explosives/Explosive Substances,9,93,1612500,12126299
Mizoram,2007,Fire arms - Property,5. Fire Arms,41,70,3250000,5559000
Mizoram,2007,Fire arms - Property,6. Explosives/Explosive Substances,41,70,3250000,5559000
Nagaland,2007,Fire arms - Property,5. Fire Arms,35,233,6458000,33494000
Nagaland,2007,Fire arms - Property,6. Explosives/Explosive Substances,35,233,6458000,33494000
Odisha,2007,Fire arms - Property,5. Fire Arms,458,1733,17824283,68029705
Odisha,2007,Fire arms - Property,6. Explosives/Explosive Substances,458,1733,17824283,68029705
Puducherry,2007,Fire arms - Property,5. Fire Arms,186,498,7208500,12097055
Puducherry,2007,Fire arms - Property,6. Explosives/Explosive Substances,186,498,7208500,12097055
Punjab,2007,Fire arms - Property,5. Fire Arms,706,2035,79547595,195764610
Punjab,2007,Fire arms - Property,6. Explosives/Explosive Substances,706,2035,79547595,195764610
Rajasthan,2007,Fire arms - Property,5. Fire Arms,1593,7933,269423348,581744071
Rajasthan,2007,Fire arms - Property,6. Explosives/Explosive Substances,1593,7933,269423348,581744071
Sikkim,2007,Fire arms - Property,5. Fire Arms,10,11,2190000,2390000
Sikkim,2007,Fire arms - Property,6. Explosives/Explosive Substances,10,11,2190000,2390000
Tamil Nadu,2007,Fire arms - Property,5. Fire Arms,2504,2888,155591863,168438456
Tamil Nadu,2007,Fire arms - Property,6. Explosives/Explosive Substances,2504,2888,155591863,168438456
Tripura,2007,Fire arms - Property,5. Fire Arms,15,55,2170000,3385000
Tripura,2007,Fire arms - Property,6. Explosives/Explosive Substances,15,55,2170000,3385000
Uttar Pradesh,2007,Fire arms - Property,5. Fire Arms,2178,9485,150266600,350489711
Uttar Pradesh,2007,Fire arms - Property,6. Explosives/Explosive Substances,2178,9485,150266600,350489711
Uttarakhand,2007,Fire arms - Property,5. Fire Arms,138,545,12079000,35627500
Uttarakhand,2007,Fire arms - Property,6. Explosives/Explosive Substances,138,545,12079000,35627500
West Bengal,2007,Fire arms - Property,5. Fire Arms,446,2345,23368438,136861843
West Bengal,2007,Fire arms - Property,6. Explosives/Explosive Substances,446,2345,23368438,136861843
Andaman & Nicobar Islands,2008,Fire arms - Property,5. Fire Arms,7,11,945000,1185000
Andaman & Nicobar Islands,2008,Fire arms - Property,6. Explosives/Explosive Substances,7,11,945000,1185000
Andhra Pradesh,2008,Fire arms - Property,5. Fire Arms,3811,7848,187873323,309197130
Andhra Pradesh,2008,Fire arms - Property,6. Explosives/Explosive Substances,3811,7848,187873323,309197130
Arunachal Pradesh,2008,Fire arms - Property,5. Fire Arms,37,60,2636770,7603170
Arunachal Pradesh,2008,Fire arms - Property,6. Explosives/Explosive Substances,37,60,2636770,7603170
Assam,2008,Fire arms - Property,5. Fire Arms,298,1878,27191767,138240292
Assam,2008,Fire arms - Property,6. Explosives/Explosive Substances,298,1878,27191767,138240292
Bihar,2008,Fire arms - Property,5. Fire Arms,391,2675,18601605,122792972
Bihar,2008,Fire arms - Property,6. Explosives/Explosive Substances,391,2675,18601605,122792972
Chandigarh,2008,Fire arms - Property,5. Fire Arms,244,1094,20122500,71158000
Chandigarh,2008,Fire arms - Property,6. Explosives/Explosive Substances,244,1094,20122500,71158000
Chhattisgarh,2008,Fire arms - Property,5. Fire Arms,605,2118,40015235,93855244
Chhattisgarh,2008,Fire arms - Property,6. Explosives/Explosive Substances,605,2118,40015235,93855244
Dadra & Nagar Haveli,2008,Fire arms - Property,5. Fire Arms,4,19,199000,6498936
Dadra & Nagar Haveli,2008,Fire arms - Property,6. Explosives/Explosive Substances,4,19,199000,6498936
Daman & Diu,2008,Fire arms - Property,5. Fire Arms,14,32,2336400,5686295
Daman & Diu,2008,Fire arms - Property,6. Explosives/Explosive Substances,14,32,2336400,5686295
Delhi,2008,Fire arms - Property,5. Fire Arms,1340,11020,46011160,777439971
Delhi,2008,Fire arms - Property,6. Explosives/Explosive Substances,1340,11020,46011160,777439971
Goa,2008,Fire arms - Property,5. Fire Arms,70,243,9039529,28154792
Goa,2008,Fire arms - Property,6. Explosives/Explosive Substances,70,243,9039529,28154792
Gujarat,2008,Fire arms - Property,5. Fire Arms,2104,9937,112149650,368483859
Gujarat,2008,Fire arms - Property,6. Explosives/Explosive Substances,2104,9937,112149650,368483859
Haryana,2008,Fire arms - Property,5. Fire Arms,2301,7893,217719097,417233225
Haryana,2008,Fire arms - Property,6. Explosives/Explosive Substances,2301,7893,217719097,417233225
Himachal Pradesh,2008,Fire arms - Property,5. Fire Arms,104,325,16978519,60049057
Himachal Pradesh,2008,Fire arms - Property,6. Explosives/Explosive Substances,104,325,16978519,60049057
Jammu & Kashmir,2008,Fire arms - Property,5. Fire Arms,143,672,22902200,66751109
Jammu & Kashmir,2008,Fire arms - Property,6. Explosives/Explosive Substances,143,672,22902200,66751109
Jharkhand,2008,Fire arms - Property,5. Fire Arms,325,2436,14717026,96176913
Jharkhand,2008,Fire arms - Property,6. Explosives/Explosive Substances,325,2436,14717026,96176913
Karnataka,2008,Fire arms - Property,5. Fire Arms,2032,8842,181450958,440257666
Karnataka,2008,Fire arms - Property,6. Explosives/Explosive Substances,2032,8842,181450958,440257666
Kerala,2008,Fire arms - Property,5. Fire Arms,609,2001,56050621,198945896
Kerala,2008,Fire arms - Property,6. Explosives/Explosive Substances,609,2001,56050621,198945896
Lakshadweep,2008,Fire arms - Property,5. Fire Arms,0,1,0,45000
Lakshadweep,2008,Fire arms - Property,6. Explosives/Explosive Substances,0,1,0,45000
Madhya Pradesh,2008,Fire arms - Property,5. Fire Arms,2327,11029,132129562,384165771
Madhya Pradesh,2008,Fire arms - Property,6. Explosives/Explosive Substances,2327,11029,132129562,384165771
Maharashtra,2008,Fire arms - Property,5. Fire Arms,3313,16906,277736801,1063401739
Maharashtra,2008,Fire arms - Property,6. Explosives/Explosive Substances,3313,16906,277736801,1063401739
Manipur,2008,Fire arms - Property,5. Fire Arms,9,297,1188000,20538780
Manipur,2008,Fire arms - Property,6. Explosives/Explosive Substances,9,297,1188000,20538780
Meghalaya,2008,Fire arms - Property,5. Fire Arms,27,132,5693000,36688900
Meghalaya,2008,Fire arms - Property,6. Explosives/Explosive Substances,27,132,5693000,36688900
Mizoram,2008,Fire arms - Property,5. Fire Arms,34,38,3410514,3667514
Mizoram,2008,Fire arms - Property,6. Explosives/Explosive Substances,34,38,3410514,3667514
Nagaland,2008,Fire arms - Property,5. Fire Arms,17,250,2191665,312546635
Nagaland,2008,Fire arms - Property,6. Explosives/Explosive Substances,17,250,2191665,312546635
Odisha,2008,Fire arms - Property,5. Fire Arms,649,1975,27783975,97764047
Odisha,2008,Fire arms - Property,6. Explosives/Explosive Substances,649,1975,27783975,97764047
Puducherry,2008,Fire arms - Property,5. Fire Arms,156,443,6904000,11679500
Puducherry,2008,Fire arms - Property,6. Explosives/Explosive Substances,156,443,6904000,11679500
Punjab,2008,Fire arms - Property,5. Fire Arms,726,2080,99444631,224222743
Punjab,2008,Fire arms - Property,6. Explosives/Explosive Substances,726,2080,99444631,224222743
Rajasthan,2008,Fire arms - Property,5. Fire Arms,1618,9496,321948632,571318772
Rajasthan,2008,Fire arms - Property,6. Explosives/Explosive Substances,1618,9496,321948632,571318772
Sikkim,2008,Fire arms - Property,5. Fire Arms,9,9,2150000,2150000
Sikkim,2008,Fire arms - Property,6. Explosives/Explosive Substances,9,9,2150000,2150000
Tamil Nadu,2008,Fire arms - Property,5. Fire Arms,2886,3728,161646149,195801513
Tamil Nadu,2008,Fire arms - Property,6. Explosives/Explosive Substances,2886,3728,161646149,195801513
Tripura,2008,Fire arms - Property,5. Fire Arms,25,65,2500000,4208000
Tripura,2008,Fire arms - Property,6. Explosives/Explosive Substances,25,65,2500000,4208000
Uttar Pradesh,2008,Fire arms - Property,5. Fire Arms,2191,10371,138604173,334391648
Uttar Pradesh,2008,Fire arms - Property,6. Explosives/Explosive Substances,2191,10371,138604173,334391648
Uttarakhand,2008,Fire arms - Property,5. Fire Arms,156,645,10656000,37569550
Uttarakhand,2008,Fire arms - Property,6. Explosives/Explosive Substances,156,645,10656000,37569550
West Bengal,2008,Fire arms - Property,5. Fire Arms,464,2567,50694881,179933363
West Bengal,2008,Fire arms - Property,6. Explosives/Explosive Substances,464,2567,50694881,179933363
Andaman & Nicobar Islands,2009,Fire arms - Property,5. Fire Arms,9,10,1666000,1711000
Andaman & Nicobar Islands,2009,Fire arms - Property,6. Explosives/Explosive Substances,9,10,1666000,1711000
Andhra Pradesh,2009,Fire arms - Property,5. Fire Arms,4274,8252,228847303,326372431
Andhra Pradesh,2009,Fire arms - Property,6. Explosives/Explosive Substances,4274,8252,228847303,326372431
Arunachal Pradesh,2009,Fire arms - Property,5. Fire Arms,34,109,1747000,8908600
Arunachal Pradesh,2009,Fire arms - Property,6. Explosives/Explosive Substances,34,109,1747000,8908600
Assam,2009,Fire arms - Property,5. Fire Arms,327,1709,76848199,236484581
Assam,2009,Fire arms - Property,6. Explosives/Explosive Substances,327,1709,76848199,236484581
Bihar,2009,Fire arms - Property,5. Fire Arms,414,3674,27022934,205242529
Bihar,2009,Fire arms - Property,6. Explosives/Explosive Substances,414,3674,27022934,205242529
Chandigarh,2009,Fire arms - Property,5. Fire Arms,275,1117,13944000,69437300
Chandigarh,2009,Fire arms - Property,6. Explosives/Explosive Substances,275,1117,13944000,69437300
Chhattisgarh,2009,Fire arms - Property,5. Fire Arms,689,2188,59754449,125816847
Chhattisgarh,2009,Fire arms - Property,6. Explosives/Explosive Substances,689,2188,59754449,125816847
Dadra & Nagar Haveli,2009,Fire arms - Property,5. Fire Arms,5,23,1380000,4228150
Dadra & Nagar Haveli,2009,Fire arms - Property,6. Explosives/Explosive Substances,5,23,1380000,4228150
Daman & Diu,2009,Fire arms - Property,5. Fire Arms,5,31,202145,1560705
Daman & Diu,2009,Fire arms - Property,6. Explosives/Explosive Substances,5,31,202145,1560705
Delhi,2009,Fire arms - Property,5. Fire Arms,1886,13224,73322360,949174203
Delhi,2009,Fire arms - Property,6. Explosives/Explosive Substances,1886,13224,73322360,949174203
Goa,2009,Fire arms - Property,5. Fire Arms,84,344,11630415,30383747
Goa,2009,Fire arms - Property,6. Explosives/Explosive Substances,84,344,11630415,30383747
Gujarat,2009,Fire arms - Property,5. Fire Arms,2750,11137,128018787,489371922
Gujarat,2009,Fire arms - Property,6. Explosives/Explosive Substances,2750,11137,128018787,489371922
Haryana,2009,Fire arms - Property,5. Fire Arms,2425,8370,191258310,388997899
Haryana,2009,Fire arms - Property,6. Explosives/Explosive Substances,2425,8370,191258310,388997899
Himachal Pradesh,2009,Fire arms - Property,5. Fire Arms,130,327,19640070,51810241
Himachal Pradesh,2009,Fire arms - Property,6. Explosives/Explosive Substances,130,327,19640070,51810241
Jammu & Kashmir,2009,Fire arms - Property,5. Fire Arms,235,881,45461820,92936551
Jammu & Kashmir,2009,Fire arms - Property,6. Explosives/Explosive Substances,235,881,45461820,92936551
Jharkhand,2009,Fire arms - Property,5. Fire Arms,557,2496,20316763,124690242
Jharkhand,2009,Fire arms - Property,6. Explosives/Explosive Substances,557,2496,20316763,124690242
Karnataka,2009,Fire arms - Property,5. Fire Arms,2613,10990,225620794,599324425
Karnataka,2009,Fire arms - Property,6. Explosives/Explosive Substances,2613,10990,225620794,599324425
Kerala,2009,Fire arms - Property,5. Fire Arms,742,2028,53508448,151681069
Kerala,2009,Fire arms - Property,6. Explosives/Explosive Substances,742,2028,53508448,151681069
Lakshadweep,2009,Fire arms - Property,5. Fire Arms,4,5,100000,450000
Lakshadweep,2009,Fire arms - Property,6. Explosives/Explosive Substances,4,5,100000,450000
Madhya Pradesh,2009,Fire arms - Property,5. Fire Arms,2453,10955,200030115,447449565
Madhya Pradesh,2009,Fire arms - Property,6. Explosives/Explosive Substances,2453,10955,200030115,447449565
Maharashtra,2009,Fire arms - Property,5. Fire Arms,4606,18129,416431342,1719406518
Maharashtra,2009,Fire arms - Property,6. Explosives/Explosive Substances,4606,18129,416431342,1719406518
Manipur,2009,Fire arms - Property,5. Fire Arms,7,320,894000,21849260
Manipur,2009,Fire arms - Property,6. Explosives/Explosive Substances,7,320,894000,21849260
Meghalaya,2009,Fire arms - Property,5. Fire Arms,27,180,4757100,16018180
Meghalaya,2009,Fire arms - Property,6. Explosives/Explosive Substances,27,180,4757100,16018180
Mizoram,2009,Fire arms - Property,5. Fire Arms,59,77,25962873,74903543
Mizoram,2009,Fire arms - Property,6. Explosives/Explosive Substances,59,77,25962873,74903543
Nagaland,2009,Fire arms - Property,5. Fire Arms,36,216,9077015,36542000
Nagaland,2009,Fire arms - Property,6. Explosives/Explosive Substances,36,216,9077015,36542000
Odisha,2009,Fire arms - Property,5. Fire Arms,676,2521,53505082,143920354
Odisha,2009,Fire arms - Property,6. Explosives/Explosive Substances,676,2521,53505082,143920354
Puducherry,2009,Fire arms - Property,5. Fire Arms,250,502,8312500,11944000
Puducherry,2009,Fire arms - Property,6. Explosives/Explosive Substances,250,502,8312500,11944000
Punjab,2009,Fire arms - Property,5. Fire Arms,1007,2682,107012484,235595803
Punjab,2009,Fire arms - Property,6. Explosives/Explosive Substances,1007,2682,107012484,235595803
Rajasthan,2009,Fire arms - Property,5. Fire Arms,1942,11783,431923990,768235256
Rajasthan,2009,Fire arms - Property,6. Explosives/Explosive Substances,1942,11783,431923990,768235256
Sikkim,2009,Fire arms - Property,5. Fire Arms,5,10,1240000,2772000
Sikkim,2009,Fire arms - Property,6. Explosives/Explosive Substances,5,10,1240000,2772000
Tamil Nadu,2009,Fire arms - Property,5. Fire Arms,3802,5197,166507025,196644554
Tamil Nadu,2009,Fire arms - Property,6. Explosives/Explosive Substances,3802,5197,166507025,196644554
Tripura,2009,Fire arms - Property,5. Fire Arms,29,71,3407000,17546000
Tripura,2009,Fire arms - Property,6. Explosives/Explosive Substances,29,71,3407000,17546000
Uttar Pradesh,2009,Fire arms - Property,5. Fire Arms,2189,14378,163533848,503667148
Uttar Pradesh,2009,Fire arms - Property,6. Explosives/Explosive Substances,2189,14378,163533848,503667148
Uttarakhand,2009,Fire arms - Property,5. Fire Arms,229,702,19029300,48239900
Uttarakhand,2009,Fire arms - Property,6. Explosives/Explosive Substances,229,702,19029300,48239900
West Bengal,2009,Fire arms - Property,5. Fire Arms,601,3618,52483610,291869963
West Bengal,2009,Fire arms - Property,6. Explosives/Explosive Substances,601,3618,52483610,291869963
Andaman & Nicobar Islands,2010,Fire arms - Property,5. Fire Arms,12,22,44700,208200
Andaman & Nicobar Islands,2010,Fire arms - Property,6. Explosives/Explosive Substances,12,22,44700,208200
Andhra Pradesh,2010,Fire arms - Property,5. Fire Arms,5453,7422,166061153,252194975
Andhra Pradesh,2010,Fire arms - Property,6. Explosives/Explosive Substances,5453,7422,166061153,252194975
Arunachal Pradesh,2010,Fire arms - Property,5. Fire Arms,46,139,2545000,18217350
Arunachal Pradesh,2010,Fire arms - Property,6. Explosives/Explosive Substances,46,139,2545000,18217350
Assam,2010,Fire arms - Property,5. Fire Arms,166,600,11918722,43179073
Assam,2010,Fire arms - Property,6. Explosives/Explosive Substances,166,600,11918722,43179073
Bihar,2010,Fire arms - Property,5. Fire Arms,400,4271,30668227,246160031
Bihar,2010,Fire arms - Property,6. Explosives/Explosive Substances,400,4271,30668227,246160031
Chandigarh,2010,Fire arms - Property,5. Fire Arms,256,898,41298000,84194500
Chandigarh,2010,Fire arms - Property,6. Explosives/Explosive Substances,256,898,41298000,84194500
Chhattisgarh,2010,Fire arms - Property,5. Fire Arms,603,2139,58224000,127406502
Chhattisgarh,2010,Fire arms - Property,6. Explosives/Explosive Substances,603,2139,58224000,127406502
Dadra & Nagar Haveli,2010,Fire arms - Property,5. Fire Arms,10,34,1114000,4848960
Dadra & Nagar Haveli,2010,Fire arms - Property,6. Explosives/Explosive Substances,10,34,1114000,4848960
Daman & Diu,2010,Fire arms - Property,5. Fire Arms,11,28,2048000,2781667
Daman & Diu,2010,Fire arms - Property,6. Explosives/Explosive Substances,11,28,2048000,2781667
Delhi,2010,Fire arms - Property,5. Fire Arms,1924,14966,74992693,1075551290
Delhi,2010,Fire arms - Property,6. Explosives/Explosive Substances,1924,14966,74992693,1075551290
Goa,2010,Fire arms - Property,5. Fire Arms,140,368,12048615,29870682
Goa,2010,Fire arms - Property,6. Explosives/Explosive Substances,140,368,12048615,29870682
Gujarat,2010,Fire arms - Property,5. Fire Arms,2439,9813,140990379,490741202
Gujarat,2010,Fire arms - Property,6. Explosives/Explosive Substances,2439,9813,140990379,490741202
Haryana,2010,Fire arms - Property,5. Fire Arms,3054,11398,195001914,460968903
Haryana,2010,Fire arms - Property,6. Explosives/Explosive Substances,3054,11398,195001914,460968903
Himachal Pradesh,2010,Fire arms - Property,5. Fire Arms,126,334,24719095,61808489
Himachal Pradesh,2010,Fire arms - Property,6. Explosives/Explosive Substances,126,334,24719095,61808489
Jammu & Kashmir,2010,Fire arms - Property,5. Fire Arms,240,968,49772377,101515366
Jammu & Kashmir,2010,Fire arms - Property,6. Explosives/Explosive Substances,240,968,49772377,101515366
Jharkhand,2010,Fire arms - Property,5. Fire Arms,440,2684,22891490,127797179
Jharkhand,2010,Fire arms - Property,6. Explosives/Explosive Substances,440,2684,22891490,127797179
Karnataka,2010,Fire arms - Property,5. Fire Arms,3211,10302,339001206,519717486
Karnataka,2010,Fire arms - Property,6. Explosives/Explosive Substances,3211,10302,339001206,519717486
Kerala,2010,Fire arms - Property,5. Fire Arms,626,1476,47867897,127939966
Kerala,2010,Fire arms - Property,6. Explosives/Explosive Substances,626,1476,47867897,127939966
Lakshadweep,2010,Fire arms - Property,5. Fire Arms,0,0,0,0
Lakshadweep,2010,Fire arms - Property,6. Explosives/Explosive Substances,0,0,0,0
Madhya Pradesh,2010,Fire arms - Property,5. Fire Arms,2777,12060,189342517,451770487
Madhya Pradesh,2010,Fire arms - Property,6. Explosives/Explosive Substances,2777,12060,189342517,451770487
Maharashtra,2010,Fire arms - Property,5. Fire Arms,4609,18603,453478279,1820133914
Maharashtra,2010,Fire arms - Property,6. Explosives/Explosive Substances,4609,18603,453478279,1820133914
Manipur,2010,Fire arms - Property,5. Fire Arms,18,288,1056900,19433000
Manipur,2010,Fire arms - Property,6. Explosives/Explosive Substances,18,288,1056900,19433000
Meghalaya,2010,Fire arms - Property,5. Fire Arms,42,152,3872000,15603299
Meghalaya,2010,Fire arms - Property,6. Explosives/Explosive Substances,42,152,3872000,15603299
Mizoram,2010,Fire arms - Property,5. Fire Arms,51,69,2630000,6295000
Mizoram,2010,Fire arms - Property,6. Explosives/Explosive Substances,51,69,2630000,6295000
Nagaland,2010,Fire arms - Property,5. Fire Arms,34,277,9313950,17996950
Nagaland,2010,Fire arms - Property,6. Explosives/Explosive Substances,34,277,9313950,17996950
Odisha,2010,Fire arms - Property,5. Fire Arms,707,1929,53475011,141291572
Odisha,2010,Fire arms - Property,6. Explosives/Explosive Substances,707,1929,53475011,141291572
Puducherry,2010,Fire arms - Property,5. Fire Arms,161,384,5636000,9714000
Puducherry,2010,Fire arms - Property,6. Explosives/Explosive Substances,161,384,5636000,9714000
Punjab,2010,Fire arms - Property,5. Fire Arms,975,2562,132100616,281431044
Punjab,2010,Fire arms - Property,6. Explosives/Explosive Substances,975,2562,132100616,281431044
Rajasthan,2010,Fire arms - Property,5. Fire Arms,2179,13109,445987054,733476904
Rajasthan,2010,Fire arms - Property,6. Explosives/Explosive Substances,2179,13109,445987054,733476904
Sikkim,2010,Fire arms - Property,5. Fire Arms,6,8,1010000,1110000
Sikkim,2010,Fire arms - Property,6. Explosives/Explosive Substances,6,8,1010000,1110000
Tamil Nadu,2010,Fire arms - Property,5. Fire Arms,3537,5205,160066239,203065655
Tamil Nadu,2010,Fire arms - Property,6. Explosives/Explosive Substances,3537,5205,160066239,203065655
Tripura,2010,Fire arms - Property,5. Fire Arms,22,45,1615000,7666500
Tripura,2010,Fire arms - Property,6. Explosives/Explosive Substances,22,45,1615000,7666500
Uttar Pradesh,2010,Fire arms - Property,5. Fire Arms,2434,16705,178167432,517336269
Uttar Pradesh,2010,Fire arms - Property,6. Explosives/Explosive Substances,2434,16705,178167432,517336269
Uttarakhand,2010,Fire arms - Property,5. Fire Arms,244,853,19915200,59501600
Uttarakhand,2010,Fire arms - Property,6. Explosives/Explosive Substances,244,853,19915200,59501600
West Bengal,2010,Fire arms - Property,5. Fire Arms,622,4135,61254227,337774365
West Bengal,2010,Fire arms - Property,6. Explosives/Explosive Substances,622,4135,61254227,337774365
Andaman & Nicobar Islands,2001,Motor Vehicles - Motor car/Taxi/Jeep - Property,4.2 Motor Vehicles - Motor Car/Taxi/Jeep,6,20,104700,175110
Andhra Pradesh,2001,Motor Vehicles - Motor car/Taxi/Jeep - Property,4.2 Motor Vehicles - Motor Car/Taxi/Jeep,304,614,2162247,7264602
Arunachal Pradesh,2001,Motor Vehicles - Motor car/Taxi/Jeep - Property,4.2 Motor Vehicles - Motor Car/Taxi/Jeep,9,31,81500,387609
Assam,2001,Motor Vehicles - Motor car/Taxi/Jeep - Property,4.2 Motor Vehicles - Motor Car/Taxi/Jeep,25,109,453664,3769532
Bihar,2001,Motor Vehicles - Motor car/Taxi/Jeep - Property,4.2 Motor Vehicles - Motor Car/Taxi/Jeep,76,253,478960,1456518
Chandigarh,2001,Motor Vehicles - Motor car/Taxi/Jeep - Property,4.2 Motor Vehicles - Motor Car/Taxi/Jeep,41,245,172500,1150885
Chhattisgarh,2001,Motor Vehicles - Motor car/Taxi/Jeep - Property,4.2 Motor Vehicles - Motor Car/Taxi/Jeep,62,252,413496,1443977
Dadra & Nagar Haveli,2001,Motor Vehicles - Motor car/Taxi/Jeep - Property,4.2 Motor Vehicles - Motor Car/Taxi/Jeep,7,23,103140,393921
Daman & Diu,2001,Motor Vehicles - Motor car/Taxi/Jeep - Property,4.2 Motor Vehicles - Motor Car/Taxi/Jeep,0,5,0,187700
Delhi,2001,Motor Vehicles - Motor car/Taxi/Jeep - Property,4.2 Motor Vehicles - Motor Car/Taxi/Jeep,121,967,523340,14268163
Goa,2001,Motor Vehicles - Motor car/Taxi/Jeep - Property,4.2 Motor Vehicles - Motor Car/Taxi/Jeep,28,119,464325,2940588
Gujarat,2001,Motor Vehicles - Motor car/Taxi/Jeep - Property,4.2 Motor Vehicles - Motor Car/Taxi/Jeep,191,619,3573973,10724744
Haryana,2001,Motor Vehicles - Motor car/Taxi/Jeep - Property,4.2 Motor Vehicles - Motor Car/Taxi/Jeep,337,709,21679012,31181019
Himachal Pradesh,2001,Motor Vehicles - Motor car/Taxi/Jeep - Property,4.2 Motor Vehicles - Motor Car/Taxi/Jeep,28,113,951230,2934773
Jammu & Kashmir,2001,Motor Vehicles - Motor car/Taxi/Jeep - Property,4.2 Motor Vehicles - Motor Car/Taxi/Jeep,8,24,183200,537601
Jharkhand,2001,Motor Vehicles - Motor car/Taxi/Jeep - Property,4.2 Motor Vehicles - Motor Car/Taxi/Jeep,30,204,112242,959504
Karnataka,2001,Motor Vehicles - Motor car/Taxi/Jeep - Property,4.2 Motor Vehicles - Motor Car/Taxi/Jeep,806,1879,6414141,14365854
Kerala,2001,Motor Vehicles - Motor car/Taxi/Jeep - Property,4.2 Motor Vehicles - Motor Car/Taxi/Jeep,194,596,2474697,10563474
Lakshadweep,2001,Motor Vehicles - Motor car/Taxi/Jeep - Property,4.2 Motor Vehicles - Motor Car/Taxi/Jeep,0,0,0,0
Madhya Pradesh,2001,Motor Vehicles - Motor car/Taxi/Jeep - Property,4.2 Motor Vehicles - Motor Car/Taxi/Jeep,412,1158,1842839,7032067
Maharashtra,2001,Motor Vehicles - Motor car/Taxi/Jeep - Property,4.2 Motor Vehicles - Motor Car/Taxi/Jeep,147,654,5892540,16141828
Manipur,2001,Motor Vehicles - Motor car/Taxi/Jeep - Property,4.2 Motor Vehicles - Motor Car/Taxi/Jeep,1,8,30195,713182
Meghalaya,2001,Motor Vehicles - Motor car/Taxi/Jeep - Property,4.2 Motor Vehicles - Motor Car/Taxi/Jeep,5,11,113675,187000
Mizoram,2001,Motor Vehicles - Motor car/Taxi/Jeep - Property,4.2 Motor Vehicles - Motor Car/Taxi/Jeep,0,0,0,0
Nagaland,2001,Motor Vehicles - Motor car/Taxi/Jeep - Property,4.2 Motor Vehicles - Motor Car/Taxi/Jeep,3,13,116913,671925
Odisha,2001,Motor Vehicles - Motor car/Taxi/Jeep - Property,4.2 Motor Vehicles - Motor Car/Taxi/Jeep,12,15,65650,89750
Puducherry,2001,Motor Vehicles - Motor car/Taxi/Jeep - Property,4.2 Motor Vehicles - Motor Car/Taxi/Jeep,16,34,169570,704794
Punjab,2001,Motor Vehicles - Motor car/Taxi/Jeep - Property,4.2 Motor Vehicles - Motor Car/Taxi/Jeep,35,80,361900,1333326
Rajasthan,2001,Motor Vehicles - Motor car/Taxi/Jeep - Property,4.2 Motor Vehicles - Motor Car/Taxi/Jeep,41,211,398601,1167906
Sikkim,2001,Motor Vehicles - Motor car/Taxi/Jeep - Property,4.2 Motor Vehicles - Motor Car/Taxi/Jeep,4,7,8300,8300
Tamil Nadu,2001,Motor Vehicles - Motor car/Taxi/Jeep - Property,4.2 Motor Vehicles - Motor Car/Taxi/Jeep,611,796,7617479,9768199
Tripura,2001,Motor Vehicles - Motor car/Taxi/Jeep - Property,4.2 Motor Vehicles - Motor Car/Taxi/Jeep,0,1,0,33000
Uttar Pradesh,2001,Motor Vehicles - Motor car/Taxi/Jeep - Property,4.2 Motor Vehicles - Motor Car/Taxi/Jeep,17,63,293000,816000
Uttarakhand,2001,Motor Vehicles - Motor car/Taxi/Jeep - Property,4.2 Motor Vehicles - Motor Car/Taxi/Jeep,2,9,520,74826
West Bengal,2001,Motor Vehicles - Motor car/Taxi/Jeep - Property,4.2 Motor Vehicles - Motor Car/Taxi/Jeep,167,663,3329725,11627983
Andaman & Nicobar Islands,2002,Motor Vehicles - Motor car/Taxi/Jeep - Property,4.2 Motor Vehicles - Motor Car/Taxi/Jeep,5,15,26975,123475
Andhra Pradesh,2002,Motor Vehicles - Motor car/Taxi/Jeep - Property,4.2 Motor Vehicles - Motor Car/Taxi/Jeep,466,945,5192080,12950823
Arunachal Pradesh,2002,Motor Vehicles - Motor car/Taxi/Jeep - Property,4.2 Motor Vehicles - Motor Car/Taxi/Jeep,7,22,60919,549934
Assam,2002,Motor Vehicles - Motor car/Taxi/Jeep - Property,4.2 Motor Vehicles - Motor Car/Taxi/Jeep,48,135,427989,1345389
Bihar,2002,Motor Vehicles - Motor car/Taxi/Jeep - Property,4.2 Motor Vehicles - Motor Car/Taxi/Jeep,44,222,415312,2224477
Chandigarh,2002,Motor Vehicles - Motor car/Taxi/Jeep - Property,4.2 Motor Vehicles - Motor Car/Taxi/Jeep,33,284,253500,2597125
Chhattisgarh,2002,Motor Vehicles - Motor car/Taxi/Jeep - Property,4.2 Motor Vehicles - Motor Car/Taxi/Jeep,57,178,418420,1438889
Dadra & Nagar Haveli,2002,Motor Vehicles - Motor car/Taxi/Jeep - Property,4.2 Motor Vehicles - Motor Car/Taxi/Jeep,7,10,212271,350271
Daman & Diu,2002,Motor Vehicles - Motor car/Taxi/Jeep - Property,4.2 Motor Vehicles - Motor Car/Taxi/Jeep,6,7,1731900,1752200
Delhi,2002,Motor Vehicles - Motor car/Taxi/Jeep - Property,4.2 Motor Vehicles - Motor Car/Taxi/Jeep,149,897,669150,23080263
Goa,2002,Motor Vehicles - Motor car/Taxi/Jeep - Property,4.2 Motor Vehicles - Motor Car/Taxi/Jeep,33,125,503298,2665614
Gujarat,2002,Motor Vehicles - Motor car/Taxi/Jeep - Property,4.2 Motor Vehicles - Motor Car/Taxi/Jeep,244,805,4131118,19846735
Haryana,2002,Motor Vehicles - Motor car/Taxi/Jeep - Property,4.2 Motor Vehicles - Motor Car/Taxi/Jeep,323,575,5449165,10195839
Himachal Pradesh,2002,Motor Vehicles - Motor car/Taxi/Jeep - Property,4.2 Motor Vehicles - Motor Car/Taxi/Jeep,19,92,196799,1314380
Jammu & Kashmir,2002,Motor Vehicles - Motor car/Taxi/Jeep - Property,4.2 Motor Vehicles - Motor Car/Taxi/Jeep,16,44,218380,785255
Jharkhand,2002,Motor Vehicles - Motor car/Taxi/Jeep - Property,4.2 Motor Vehicles - Motor Car/Taxi/Jeep,23,161,1020000,2481616
Karnataka,2002,Motor Vehicles - Motor car/Taxi/Jeep - Property,4.2 Motor Vehicles - Motor Car/Taxi/Jeep,193,509,3687943,11219770
Kerala,2002,Motor Vehicles - Motor car/Taxi/Jeep - Property,4.2 Motor Vehicles - Motor Car/Taxi/Jeep,190,640,4672241,13095224
Lakshadweep,2002,Motor Vehicles - Motor car/Taxi/Jeep - Property,4.2 Motor Vehicles - Motor Car/Taxi/Jeep,0,0,0,0
Madhya Pradesh,2002,Motor Vehicles - Motor car/Taxi/Jeep - Property,4.2 Motor Vehicles - Motor Car/Taxi/Jeep,549,1412,2829140,22756705
Maharashtra,2002,Motor Vehicles - Motor car/Taxi/Jeep - Property,4.2 Motor Vehicles - Motor Car/Taxi/Jeep,183,713,4564637,27238471
Manipur,2002,Motor Vehicles - Motor car/Taxi/Jeep - Property,4.2 Motor Vehicles - Motor Car/Taxi/Jeep,0,20,0,4986463
Meghalaya,2002,Motor Vehicles - Motor car/Taxi/Jeep - Property,4.2 Motor Vehicles - Motor Car/Taxi/Jeep,17,42,201885,614672
Mizoram,2002,Motor Vehicles - Motor car/Taxi/Jeep - Property,4.2 Motor Vehicles - Motor Car/Taxi/Jeep,11,17,50574,110830
Nagaland,2002,Motor Vehicles - Motor car/Taxi/Jeep - Property,4.2 Motor Vehicles - Motor Car/Taxi/Jeep,5,14,59000,842300
Odisha,2002,Motor Vehicles - Motor car/Taxi/Jeep - Property,4.2 Motor Vehicles - Motor Car/Taxi/Jeep,0,2,0,85000
Puducherry,2002,Motor Vehicles - Motor car/Taxi/Jeep - Property,4.2 Motor Vehicles - Motor Car/Taxi/Jeep,23,41,276680,492892
Punjab,2002,Motor Vehicles - Motor car/Taxi/Jeep - Property,4.2 Motor Vehicles - Motor Car/Taxi/Jeep,83,162,2527889,3987830
Rajasthan,2002,Motor Vehicles - Motor car/Taxi/Jeep - Property,4.2 Motor Vehicles - Motor Car/Taxi/Jeep,40,213,419856,1453732
Sikkim,2002,Motor Vehicles - Motor car/Taxi/Jeep - Property,4.2 Motor Vehicles - Motor Car/Taxi/Jeep,2,7,8500,20275
Tamil Nadu,2002,Motor Vehicles - Motor car/Taxi/Jeep - Property,4.2 Motor Vehicles - Motor Car/Taxi/Jeep,789,998,6873494,8726968
Tripura,2002,Motor Vehicles - Motor car/Taxi/Jeep - Property,4.2 Motor Vehicles - Motor Car/Taxi/Jeep,0,2,0,20500
Uttar Pradesh,2002,Motor Vehicles - Motor car/Taxi/Jeep - Property,4.2 Motor Vehicles - Motor Car/Taxi/Jeep,12,28,258500,570900
Uttarakhand,2002,Motor Vehicles - Motor car/Taxi/Jeep - Property,4.2 Motor Vehicles - Motor Car/Taxi/Jeep,0,2,0,19000
West Bengal,2002,Motor Vehicles - Motor car/Taxi/Jeep - Property,4.2 Motor Vehicles - Motor Car/Taxi/Jeep,193,737,1600750,12455962
Andaman & Nicobar Islands,2003,Motor Vehicles - Motor car/Taxi/Jeep - Property,4.2 Motor Vehicles - Motor Car/Taxi/Jeep,6,30,72900,226900
Andhra Pradesh,2003,Motor Vehicles - Motor car/Taxi/Jeep - Property,4.2 Motor Vehicles - Motor Car/Taxi/Jeep,463,959,4978137,11617098
Arunachal Pradesh,2003,Motor Vehicles - Motor car/Taxi/Jeep - Property,4.2 Motor Vehicles - Motor Car/Taxi/Jeep,1,2,9000,28000
Assam,2003,Motor Vehicles - Motor car/Taxi/Jeep - Property,4.2 Motor Vehicles - Motor Car/Taxi/Jeep,30,139,162540,921905
Bihar,2003,Motor Vehicles - Motor car/Taxi/Jeep - Property,4.2 Motor Vehicles - Motor Car/Taxi/Jeep,34,145,459217,2473355
Chandigarh,2003,Motor Vehicles - Motor car/Taxi/Jeep - Property,4.2 Motor Vehicles - Motor Car/Taxi/Jeep,98,241,962990,4184358
Chhattisgarh,2003,Motor Vehicles - Motor car/Taxi/Jeep - Property,4.2 Motor Vehicles - Motor Car/Taxi/Jeep,89,294,1123988,2912890
Dadra & Nagar Haveli,2003,Motor Vehicles - Motor car/Taxi/Jeep - Property,4.2 Motor Vehicles - Motor Car/Taxi/Jeep,2,10,10801,125890
Daman & Diu,2003,Motor Vehicles - Motor car/Taxi/Jeep - Property,4.2 Motor Vehicles - Motor Car/Taxi/Jeep,5,19,128911,546761
Delhi,2003,Motor Vehicles - Motor car/Taxi/Jeep - Property,4.2 Motor Vehicles - Motor Car/Taxi/Jeep,93,601,718160,10600555
Goa,2003,Motor Vehicles - Motor car/Taxi/Jeep - Property,4.2 Motor Vehicles - Motor Car/Taxi/Jeep,46,96,1562370,3310680
Gujarat,2003,Motor Vehicles - Motor car/Taxi/Jeep - Property,4.2 Motor Vehicles - Motor Car/Taxi/Jeep,142,628,4395279,19210857
Haryana,2003,Motor Vehicles - Motor car/Taxi/Jeep - Property,4.2 Motor Vehicles - Motor Car/Taxi/Jeep,291,608,4068687,8426360
Himachal Pradesh,2003,Motor Vehicles - Motor car/Taxi/Jeep - Property,4.2 Motor Vehicles - Motor Car/Taxi/Jeep,27,95,833735,1933819
Jammu & Kashmir,2003,Motor Vehicles - Motor car/Taxi/Jeep - Property,4.2 Motor Vehicles - Motor Car/Taxi/Jeep,32,165,614600,2856690
Jharkhand,2003,Motor Vehicles - Motor car/Taxi/Jeep - Property,4.2 Motor Vehicles - Motor Car/Taxi/Jeep,99,221,1019567,2276004
Karnataka,2003,Motor Vehicles - Motor car/Taxi/Jeep - Property,4.2 Motor Vehicles - Motor Car/Taxi/Jeep,247,674,4475197,14119117
Kerala,2003,Motor Vehicles - Motor car/Taxi/Jeep - Property,4.2 Motor Vehicles - Motor Car/Taxi/Jeep,204,755,3054821,36838435
Lakshadweep,2003,Motor Vehicles - Motor car/Taxi/Jeep - Property,4.2 Motor Vehicles - Motor Car/Taxi/Jeep,1,2,4000,8000
Madhya Pradesh,2003,Motor Vehicles - Motor car/Taxi/Jeep - Property,4.2 Motor Vehicles - Motor Car/Taxi/Jeep,410,1352,4304572,11014164
Maharashtra,2003,Motor Vehicles - Motor car/Taxi/Jeep - Property,4.2 Motor Vehicles - Motor Car/Taxi/Jeep,158,745,2114212,17617260
Manipur,2003,Motor Vehicles - Motor car/Taxi/Jeep - Property,4.2 Motor Vehicles - Motor Car/Taxi/Jeep,0,3,0,11274
Meghalaya,2003,Motor Vehicles - Motor car/Taxi/Jeep - Property,4.2 Motor Vehicles - Motor Car/Taxi/Jeep,2,15,5000,293780
Mizoram,2003,Motor Vehicles - Motor car/Taxi/Jeep - Property,4.2 Motor Vehicles - Motor Car/Taxi/Jeep,63,131,1560350,3455950
Nagaland,2003,Motor Vehicles - Motor car/Taxi/Jeep - Property,4.2 Motor Vehicles - Motor Car/Taxi/Jeep,1,5,1600,169460
Odisha,2003,Motor Vehicles - Motor car/Taxi/Jeep - Property,4.2 Motor Vehicles - Motor Car/Taxi/Jeep,0,0,0,0
Puducherry,2003,Motor Vehicles - Motor car/Taxi/Jeep - Property,4.2 Motor Vehicles - Motor Car/Taxi/Jeep,23,38,479095,674345
Punjab,2003,Motor Vehicles - Motor car/Taxi/Jeep - Property,4.2 Motor Vehicles - Motor Car/Taxi/Jeep,61,132,2028465,4469960
Rajasthan,2003,Motor Vehicles - Motor car/Taxi/Jeep - Property,4.2 Motor Vehicles - Motor Car/Taxi/Jeep,63,242,729350,2310698
Sikkim,2003,Motor Vehicles - Motor car/Taxi/Jeep - Property,4.2 Motor Vehicles - Motor Car/Taxi/Jeep,6,32,67500,439780
Tamil Nadu,2003,Motor Vehicles - Motor car/Taxi/Jeep - Property,4.2 Motor Vehicles - Motor Car/Taxi/Jeep,631,771,5185675,5949760
Tripura,2003,Motor Vehicles - Motor car/Taxi/Jeep - Property,4.2 Motor Vehicles - Motor Car/Taxi/Jeep,0,0,0,0
Uttar Pradesh,2003,Motor Vehicles - Motor car/Taxi/Jeep - Property,4.2 Motor Vehicles - Motor Car/Taxi/Jeep,12,20,150600,404900
Uttarakhand,2003,Motor Vehicles - Motor car/Taxi/Jeep - Property,4.2 Motor Vehicles - Motor Car/Taxi/Jeep,1,4,50000,995000
West Bengal,2003,Motor Vehicles - Motor car/Taxi/Jeep - Property,4.2 Motor Vehicles - Motor Car/Taxi/Jeep,230,862,4128027,16093324
Andaman & Nicobar Islands,2004,Motor Vehicles - Motor car/Taxi/Jeep - Property,4.2 Motor Vehicles - Motor Car/Taxi/Jeep,11,22,978062,1938592
Andhra Pradesh,2004,Motor Vehicles - Motor car/Taxi/Jeep - Property,4.2 Motor Vehicles - Motor Car/Taxi/Jeep,667,1368,5042980,8379576
Arunachal Pradesh,2004,Motor Vehicles - Motor car/Taxi/Jeep - Property,4.2 Motor Vehicles - Motor Car/Taxi/Jeep,9,38,323238,1369190
Assam,2004,Motor Vehicles - Motor car/Taxi/Jeep - Property,4.2 Motor Vehicles - Motor Car/Taxi/Jeep,50,161,492480,1672828
Bihar,2004,Motor Vehicles - Motor car/Taxi/Jeep - Property,4.2 Motor Vehicles - Motor Car/Taxi/Jeep,105,1360,1661927,14926892
Chandigarh,2004,Motor Vehicles - Motor car/Taxi/Jeep - Property,4.2 Motor Vehicles - Motor Car/Taxi/Jeep,173,289,1828951,3859128
Chhattisgarh,2004,Motor Vehicles - Motor car/Taxi/Jeep - Property,4.2 Motor Vehicles - Motor Car/Taxi/Jeep,88,238,893835,2469468
Dadra & Nagar Haveli,2004,Motor Vehicles - Motor car/Taxi/Jeep - Property,4.2 Motor Vehicles - Motor Car/Taxi/Jeep,1,4,7000,137300
Daman & Diu,2004,Motor Vehicles - Motor car/Taxi/Jeep - Property,4.2 Motor Vehicles - Motor Car/Taxi/Jeep,1,9,7000,254100
Delhi,2004,Motor Vehicles - Motor car/Taxi/Jeep - Property,4.2 Motor Vehicles - Motor Car/Taxi/Jeep,105,564,1012100,19138920
Goa,2004,Motor Vehicles - Motor car/Taxi/Jeep - Property,4.2 Motor Vehicles - Motor Car/Taxi/Jeep,43,124,455027,2826130
Gujarat,2004,Motor Vehicles - Motor car/Taxi/Jeep - Property,4.2 Motor Vehicles - Motor Car/Taxi/Jeep,191,596,2859740,18460781
Haryana,2004,Motor Vehicles - Motor car/Taxi/Jeep - Property,4.2 Motor Vehicles - Motor Car/Taxi/Jeep,278,617,8031750,16393499
Himachal Pradesh,2004,Motor Vehicles - Motor car/Taxi/Jeep - Property,4.2 Motor Vehicles - Motor Car/Taxi/Jeep,36,104,1055850,3760717
Jammu & Kashmir,2004,Motor Vehicles - Motor car/Taxi/Jeep - Property,4.2 Motor Vehicles - Motor Car/Taxi/Jeep,69,250,3370989,6791305
Jharkhand,2004,Motor Vehicles - Motor car/Taxi/Jeep - Property,4.2 Motor Vehicles - Motor Car/Taxi/Jeep,23,161,1020000,2481616
Karnataka,2004,Motor Vehicles - Motor car/Taxi/Jeep - Property,4.2 Motor Vehicles - Motor Car/Taxi/Jeep,227,794,6406768,20384449
Kerala,2004,Motor Vehicles - Motor car/Taxi/Jeep - Property,4.2 Motor Vehicles - Motor Car/Taxi/Jeep,170,446,3172187,6999821
Lakshadweep,2004,Motor Vehicles - Motor car/Taxi/Jeep - Property,4.2 Motor Vehicles - Motor Car/Taxi/Jeep,0,0,0,0
Madhya Pradesh,2004,Motor Vehicles - Motor car/Taxi/Jeep - Property,4.2 Motor Vehicles - Motor Car/Taxi/Jeep,571,1816,3679468,9758820
Maharashtra,2004,Motor Vehicles - Motor car/Taxi/Jeep - Property,4.2 Motor Vehicles - Motor Car/Taxi/Jeep,286,1581,2757661,27407583
Manipur,2004,Motor Vehicles - Motor car/Taxi/Jeep - Property,4.2 Motor Vehicles - Motor Car/Taxi/Jeep,1,5,42000,136262
Meghalaya,2004,Motor Vehicles - Motor car/Taxi/Jeep - Property,4.2 Motor Vehicles - Motor Car/Taxi/Jeep,9,66,93370,20425655
Mizoram,2004,Motor Vehicles - Motor car/Taxi/Jeep - Property,4.2 Motor Vehicles - Motor Car/Taxi/Jeep,0,0,0,0
Nagaland,2004,Motor Vehicles - Motor car/Taxi/Jeep - Property,4.2 Motor Vehicles - Motor Car/Taxi/Jeep,4,13,29520,182320
Odisha,2004,Motor Vehicles - Motor car/Taxi/Jeep - Property,4.2 Motor Vehicles - Motor Car/Taxi/Jeep,8,10,28700,37900
Puducherry,2004,Motor Vehicles - Motor car/Taxi/Jeep - Property,4.2 Motor Vehicles - Motor Car/Taxi/Jeep,19,32,178705,418587
Punjab,2004,Motor Vehicles - Motor car/Taxi/Jeep - Property,4.2 Motor Vehicles - Motor Car/Taxi/Jeep,58,134,1637560,4597380
Rajasthan,2004,Motor Vehicles - Motor car/Taxi/Jeep - Property,4.2 Motor Vehicles - Motor Car/Taxi/Jeep,49,240,543136,2998992
Sikkim,2004,Motor Vehicles - Motor car/Taxi/Jeep - Property,4.2 Motor Vehicles - Motor Car/Taxi/Jeep,6,17,71900,337961
Tamil Nadu,2004,Motor Vehicles - Motor car/Taxi/Jeep - Property,4.2 Motor Vehicles - Motor Car/Taxi/Jeep,780,840,6650367,7398476
Tripura,2004,Motor Vehicles - Motor car/Taxi/Jeep - Property,4.2 Motor Vehicles - Motor Car/Taxi/Jeep,0,0,0,0
Uttar Pradesh,2004,Motor Vehicles - Motor car/Taxi/Jeep - Property,4.2 Motor Vehicles - Motor Car/Taxi/Jeep,7,15,359000,599000
Uttarakhand,2004,Motor Vehicles - Motor car/Taxi/Jeep - Property,4.2 Motor Vehicles - Motor Car/Taxi/Jeep,3,6,40900,58900
West Bengal,2004,Motor Vehicles - Motor car/Taxi/Jeep - Property,4.2 Motor Vehicles - Motor Car/Taxi/Jeep,130,575,2001672,11657168
Andaman & Nicobar Islands,2005,Motor Vehicles - Motor car/Taxi/Jeep - Property,4.2 Motor Vehicles - Motor Car/Taxi/Jeep,19,36,337900,480021
Andhra Pradesh,2005,Motor Vehicles - Motor car/Taxi/Jeep - Property,4.2 Motor Vehicles - Motor Car/Taxi/Jeep,486,782,5013938,18135172
Arunachal Pradesh,2005,Motor Vehicles - Motor car/Taxi/Jeep - Property,4.2 Motor Vehicles - Motor Car/Taxi/Jeep,16,36,580740,1685895
Assam,2005,Motor Vehicles - Motor car/Taxi/Jeep - Property,4.2 Motor Vehicles - Motor Car/Taxi/Jeep,79,179,103975,449522
Bihar,2005,Motor Vehicles - Motor car/Taxi/Jeep - Property,4.2 Motor Vehicles - Motor Car/Taxi/Jeep,24,131,260914,1405838
Chandigarh,2005,Motor Vehicles - Motor car/Taxi/Jeep - Property,4.2 Motor Vehicles - Motor Car/Taxi/Jeep,62,123,1225850,3121850
Chhattisgarh,2005,Motor Vehicles - Motor car/Taxi/Jeep - Property,4.2 Motor Vehicles - Motor Car/Taxi/Jeep,57,225,379192,3478720
Dadra & Nagar Haveli,2005,Motor Vehicles - Motor car/Taxi/Jeep - Property,4.2 Motor Vehicles - Motor Car/Taxi/Jeep,2,5,24000,281000
Daman & Diu,2005,Motor Vehicles - Motor car/Taxi/Jeep - Property,4.2 Motor Vehicles - Motor Car/Taxi/Jeep,2,10,244000,406850
Delhi,2005,Motor Vehicles - Motor car/Taxi/Jeep - Property,4.2 Motor Vehicles - Motor Car/Taxi/Jeep,192,802,1499500,12794205
Goa,2005,Motor Vehicles - Motor car/Taxi/Jeep - Property,4.2 Motor Vehicles - Motor Car/Taxi/Jeep,19,59,774871,3612445
Gujarat,2005,Motor Vehicles - Motor car/Taxi/Jeep - Property,4.2 Motor Vehicles - Motor Car/Taxi/Jeep,265,775,6110922,31105761
Haryana,2005,Motor Vehicles - Motor car/Taxi/Jeep - Property,4.2 Motor Vehicles - Motor Car/Taxi/Jeep,443,887,14608596,24733902
Himachal Pradesh,2005,Motor Vehicles - Motor car/Taxi/Jeep - Property,4.2 Motor Vehicles - Motor Car/Taxi/Jeep,47,133,1022522,5689015
Jammu & Kashmir,2005,Motor Vehicles - Motor car/Taxi/Jeep - Property,4.2 Motor Vehicles - Motor Car/Taxi/Jeep,8,50,245249,1463738
Jharkhand,2005,Motor Vehicles - Motor car/Taxi/Jeep - Property,4.2 Motor Vehicles - Motor Car/Taxi/Jeep,46,199,290700,115856462
Karnataka,2005,Motor Vehicles - Motor car/Taxi/Jeep - Property,4.2 Motor Vehicles - Motor Car/Taxi/Jeep,350,1067,6280814,21671176
Kerala,2005,Motor Vehicles - Motor car/Taxi/Jeep - Property,4.2 Motor Vehicles - Motor Car/Taxi/Jeep,138,383,2583041,24865568
Lakshadweep,2005,Motor Vehicles - Motor car/Taxi/Jeep - Property,4.2 Motor Vehicles - Motor Car/Taxi/Jeep,0,0,0,0
Madhya Pradesh,2005,Motor Vehicles - Motor car/Taxi/Jeep - Property,4.2 Motor Vehicles - Motor Car/Taxi/Jeep,671,1792,4184231,11138248
Maharashtra,2005,Motor Vehicles - Motor car/Taxi/Jeep - Property,4.2 Motor Vehicles - Motor Car/Taxi/Jeep,358,1822,5359431,38379934
Manipur,2005,Motor Vehicles - Motor car/Taxi/Jeep - Property,4.2 Motor Vehicles - Motor Car/Taxi/Jeep,1,42,16970,4313618
Meghalaya,2005,Motor Vehicles - Motor car/Taxi/Jeep - Property,4.2 Motor Vehicles - Motor Car/Taxi/Jeep,6,18,54000,390350
Mizoram,2005,Motor Vehicles - Motor car/Taxi/Jeep - Property,4.2 Motor Vehicles - Motor Car/Taxi/Jeep,0,0,0,0
Nagaland,2005,Motor Vehicles - Motor car/Taxi/Jeep - Property,4.2 Motor Vehicles - Motor Car/Taxi/Jeep,2,12,10000,156930
Odisha,2005,Motor Vehicles - Motor car/Taxi/Jeep - Property,4.2 Motor Vehicles - Motor Car/Taxi/Jeep,7,12,2265,55757
Puducherry,2005,Motor Vehicles - Motor car/Taxi/Jeep - Property,4.2 Motor Vehicles - Motor Car/Taxi/Jeep,19,25,434000,496500
Punjab,2005,Motor Vehicles - Motor car/Taxi/Jeep - Property,4.2 Motor Vehicles - Motor Car/Taxi/Jeep,84,161,2467387,3739937
Rajasthan,2005,Motor Vehicles - Motor car/Taxi/Jeep - Property,4.2 Motor Vehicles - Motor Car/Taxi/Jeep,66,240,783488,2551308
Sikkim,2005,Motor Vehicles - Motor car/Taxi/Jeep - Property,4.2 Motor Vehicles - Motor Car/Taxi/Jeep,4,25,31000,523500
Tamil Nadu,2005,Motor Vehicles - Motor car/Taxi/Jeep - Property,4.2 Motor Vehicles - Motor Car/Taxi/Jeep,993,1068,8386124,9331408
Tripura,2005,Motor Vehicles - Motor car/Taxi/Jeep - Property,4.2 Motor Vehicles - Motor Car/Taxi/Jeep,0,0,0,0
Uttar Pradesh,2005,Motor Vehicles - Motor car/Taxi/Jeep - Property,4.2 Motor Vehicles - Motor Car/Taxi/Jeep,14,42,173000,510600
Uttarakhand,2005,Motor Vehicles - Motor car/Taxi/Jeep - Property,4.2 Motor Vehicles - Motor Car/Taxi/Jeep,3,7,26000,147500
West Bengal,2005,Motor Vehicles - Motor car/Taxi/Jeep - Property,4.2 Motor Vehicles - Motor Car/Taxi/Jeep,268,939,9402742,30686619
Andaman & Nicobar Islands,2006,Motor Vehicles - Motor car/Taxi/Jeep - Property,4.2 Motor Vehicles - Motor Car/Taxi/Jeep,12,34,62586,520790
Andhra Pradesh,2006,Motor Vehicles - Motor car/Taxi/Jeep - Property,4.2 Motor Vehicles - Motor Car/Taxi/Jeep,845,1344,9788448,27066516
Arunachal Pradesh,2006,Motor Vehicles - Motor car/Taxi/Jeep - Property,4.2 Motor Vehicles - Motor Car/Taxi/Jeep,14,35,885300,1734515
Assam,2006,Motor Vehicles - Motor car/Taxi/Jeep - Property,4.2 Motor Vehicles - Motor Car/Taxi/Jeep,63,223,9809400,14571850
Bihar,2006,Motor Vehicles - Motor car/Taxi/Jeep - Property,4.2 Motor Vehicles - Motor Car/Taxi/Jeep,25,128,284610,1532609
Chandigarh,2006,Motor Vehicles - Motor car/Taxi/Jeep - Property,4.2 Motor Vehicles - Motor Car/Taxi/Jeep,78,192,924200,1582550
Chhattisgarh,2006,Motor Vehicles - Motor car/Taxi/Jeep - Property,4.2 Motor Vehicles - Motor Car/Taxi/Jeep,79,221,943755,3369635
Dadra & Nagar Haveli,2006,Motor Vehicles - Motor car/Taxi/Jeep - Property,4.2 Motor Vehicles - Motor Car/Taxi/Jeep,5,11,156060,522950
Daman & Diu,2006,Motor Vehicles - Motor car/Taxi/Jeep - Property,4.2 Motor Vehicles - Motor Car/Taxi/Jeep,1,16,12000,642200
Delhi,2006,Motor Vehicles - Motor car/Taxi/Jeep - Property,4.2 Motor Vehicles - Motor Car/Taxi/Jeep,166,588,8114378,92095411
Goa,2006,Motor Vehicles - Motor car/Taxi/Jeep - Property,4.2 Motor Vehicles - Motor Car/Taxi/Jeep,22,80,530444,3005122
Gujarat,2006,Motor Vehicles - Motor car/Taxi/Jeep - Property,4.2 Motor Vehicles - Motor Car/Taxi/Jeep,223,693,4053404,10460217
Haryana,2006,Motor Vehicles - Motor car/Taxi/Jeep - Property,4.2 Motor Vehicles - Motor Car/Taxi/Jeep,699,1399,21310414,57695739
Himachal Pradesh,2006,Motor Vehicles - Motor car/Taxi/Jeep - Property,4.2 Motor Vehicles - Motor Car/Taxi/Jeep,28,144,820105,2735619
Jammu & Kashmir,2006,Motor Vehicles - Motor car/Taxi/Jeep - Property,4.2 Motor Vehicles - Motor Car/Taxi/Jeep,15,30,389960,455835
Jharkhand,2006,Motor Vehicles - Motor car/Taxi/Jeep - Property,4.2 Motor Vehicles - Motor Car/Taxi/Jeep,34,197,321586,1932400
Karnataka,2006,Motor Vehicles - Motor car/Taxi/Jeep - Property,4.2 Motor Vehicles - Motor Car/Taxi/Jeep,366,910,5439794,20856182
Kerala,2006,Motor Vehicles - Motor car/Taxi/Jeep - Property,4.2 Motor Vehicles - Motor Car/Taxi/Jeep,117,300,1610667,8465724
Lakshadweep,2006,Motor Vehicles - Motor car/Taxi/Jeep - Property,4.2 Motor Vehicles - Motor Car/Taxi/Jeep,0,2,0,6600
Madhya Pradesh,2006,Motor Vehicles - Motor car/Taxi/Jeep - Property,4.2 Motor Vehicles - Motor Car/Taxi/Jeep,821,2107,6489319,16206966
Maharashtra,2006,Motor Vehicles - Motor car/Taxi/Jeep - Property,4.2 Motor Vehicles - Motor Car/Taxi/Jeep,348,1577,4292538,201856451
Manipur,2006,Motor Vehicles - Motor car/Taxi/Jeep - Property,4.2 Motor Vehicles - Motor Car/Taxi/Jeep,0,10,0,192862
Meghalaya,2006,Motor Vehicles - Motor car/Taxi/Jeep - Property,4.2 Motor Vehicles - Motor Car/Taxi/Jeep,13,49,456000,1308500
Mizoram,2006,Motor Vehicles - Motor car/Taxi/Jeep - Property,4.2 Motor Vehicles - Motor Car/Taxi/Jeep,205,279,1832861,13756467
Nagaland,2006,Motor Vehicles - Motor car/Taxi/Jeep - Property,4.2 Motor Vehicles - Motor Car/Taxi/Jeep,19,40,293010,950289
Odisha,2006,Motor Vehicles - Motor car/Taxi/Jeep - Property,4.2 Motor Vehicles - Motor Car/Taxi/Jeep,8,22,113500,339500
Puducherry,2006,Motor Vehicles - Motor car/Taxi/Jeep - Property,4.2 Motor Vehicles - Motor Car/Taxi/Jeep,26,39,806260,998060
Punjab,2006,Motor Vehicles - Motor car/Taxi/Jeep - Property,4.2 Motor Vehicles - Motor Car/Taxi/Jeep,50,98,804594,2298028
Rajasthan,2006,Motor Vehicles - Motor car/Taxi/Jeep - Property,4.2 Motor Vehicles - Motor Car/Taxi/Jeep,66,218,1119895,2177596
Sikkim,2006,Motor Vehicles - Motor car/Taxi/Jeep - Property,4.2 Motor Vehicles - Motor Car/Taxi/Jeep,4,15,23000,406500
Tamil Nadu,2006,Motor Vehicles - Motor car/Taxi/Jeep - Property,4.2 Motor Vehicles - Motor Car/Taxi/Jeep,958,1027,7946953,9789899
Tripura,2006,Motor Vehicles - Motor car/Taxi/Jeep - Property,4.2 Motor Vehicles - Motor Car/Taxi/Jeep,0,0,0,0
Uttar Pradesh,2006,Motor Vehicles - Motor car/Taxi/Jeep - Property,4.2 Motor Vehicles - Motor Car/Taxi/Jeep,7,13,65000,267000
Uttarakhand,2006,Motor Vehicles - Motor car/Taxi/Jeep - Property,4.2 Motor Vehicles - Motor Car/Taxi/Jeep,4,11,10000,486408
West Bengal,2006,Motor Vehicles - Motor car/Taxi/Jeep - Property,4.2 Motor Vehicles - Motor Car/Taxi/Jeep,205,660,7512026,22854049
Andaman & Nicobar Islands,2007,Motor Vehicles - Motor car/Taxi/Jeep - Property,4.2 Motor Vehicles - Motor Car/Taxi/Jeep,8,25,163000,665000
Andhra Pradesh,2007,Motor Vehicles - Motor car/Taxi/Jeep - Property,4.2 Motor Vehicles - Motor Car/Taxi/Jeep,734,1106,12021655,21218389
Arunachal Pradesh,2007,Motor Vehicles - Motor car/Taxi/Jeep - Property,4.2 Motor Vehicles - Motor Car/Taxi/Jeep,15,53,541600,5453243
Assam,2007,Motor Vehicles - Motor car/Taxi/Jeep - Property,4.2 Motor Vehicles - Motor Car/Taxi/Jeep,35,133,297003,1179430
Bihar,2007,Motor Vehicles - Motor car/Taxi/Jeep - Property,4.2 Motor Vehicles - Motor Car/Taxi/Jeep,21,161,141232,3374332
Chandigarh,2007,Motor Vehicles - Motor car/Taxi/Jeep - Property,4.2 Motor Vehicles - Motor Car/Taxi/Jeep,85,226,1023500,2213400
Chhattisgarh,2007,Motor Vehicles - Motor car/Taxi/Jeep - Property,4.2 Motor Vehicles - Motor Car/Taxi/Jeep,123,319,1288746,4075321
Dadra & Nagar Haveli,2007,Motor Vehicles - Motor car/Taxi/Jeep - Property,4.2 Motor Vehicles - Motor Car/Taxi/Jeep,2,10,12974260,13161420
Daman & Diu,2007,Motor Vehicles - Motor car/Taxi/Jeep - Property,4.2 Motor Vehicles - Motor Car/Taxi/Jeep,1,3,81300,267800
Delhi,2007,Motor Vehicles - Motor car/Taxi/Jeep - Property,4.2 Motor Vehicles - Motor Car/Taxi/Jeep,179,797,1780940,18760140
Goa,2007,Motor Vehicles - Motor car/Taxi/Jeep - Property,4.2 Motor Vehicles - Motor Car/Taxi/Jeep,23,83,1455928,6574877
Gujarat,2007,Motor Vehicles - Motor car/Taxi/Jeep - Property,4.2 Motor Vehicles - Motor Car/Taxi/Jeep,287,745,4155699,14401981
Haryana,2007,Motor Vehicles - Motor car/Taxi/Jeep - Property,4.2 Motor Vehicles - Motor Car/Taxi/Jeep,564,1098,10855014,23425538
Himachal Pradesh,2007,Motor Vehicles - Motor car/Taxi/Jeep - Property,4.2 Motor Vehicles - Motor Car/Taxi/Jeep,38,122,1122407,4049914
Jammu & Kashmir,2007,Motor Vehicles - Motor car/Taxi/Jeep - Property,4.2 Motor Vehicles - Motor Car/Taxi/Jeep,20,79,121351,594778
Jharkhand,2007,Motor Vehicles - Motor car/Taxi/Jeep - Property,4.2 Motor Vehicles - Motor Car/Taxi/Jeep,32,224,411483,1933393
Karnataka,2007,Motor Vehicles - Motor car/Taxi/Jeep - Property,4.2 Motor Vehicles - Motor Car/Taxi/Jeep,232,626,6879763,21295741
Kerala,2007,Motor Vehicles - Motor car/Taxi/Jeep - Property,4.2 Motor Vehicles - Motor Car/Taxi/Jeep,223,480,3482822,14657264
Lakshadweep,2007,Motor Vehicles - Motor car/Taxi/Jeep - Property,4.2 Motor Vehicles - Motor Car/Taxi/Jeep,0,4,0,97200
Madhya Pradesh,2007,Motor Vehicles - Motor car/Taxi/Jeep - Property,4.2 Motor Vehicles - Motor Car/Taxi/Jeep,774,2081,9047641,23629068
Maharashtra,2007,Motor Vehicles - Motor car/Taxi/Jeep - Property,4.2 Motor Vehicles - Motor Car/Taxi/Jeep,418,1637,5893977,59976384
Manipur,2007,Motor Vehicles - Motor car/Taxi/Jeep - Property,4.2 Motor Vehicles - Motor Car/Taxi/Jeep,1,56,7000,1517088
Meghalaya,2007,Motor Vehicles - Motor car/Taxi/Jeep - Property,4.2 Motor Vehicles - Motor Car/Taxi/Jeep,15,27,181700,1586842
Mizoram,2007,Motor Vehicles - Motor car/Taxi/Jeep - Property,4.2 Motor Vehicles - Motor Car/Taxi/Jeep,66,104,448146,2761286
Nagaland,2007,Motor Vehicles - Motor car/Taxi/Jeep - Property,4.2 Motor Vehicles - Motor Car/Taxi/Jeep,8,38,80200,517315
Odisha,2007,Motor Vehicles - Motor car/Taxi/Jeep - Property,4.2 Motor Vehicles - Motor Car/Taxi/Jeep,40,81,1194900,1440300
Puducherry,2007,Motor Vehicles - Motor car/Taxi/Jeep - Property,4.2 Motor Vehicles - Motor Car/Taxi/Jeep,28,52,327500,787700
Punjab,2007,Motor Vehicles - Motor car/Taxi/Jeep - Property,4.2 Motor Vehicles - Motor Car/Taxi/Jeep,70,134,2296050,4035722
Rajasthan,2007,Motor Vehicles - Motor car/Taxi/Jeep - Property,4.2 Motor Vehicles - Motor Car/Taxi/Jeep,132,429,3365250,8249588
Sikkim,2007,Motor Vehicles - Motor car/Taxi/Jeep - Property,4.2 Motor Vehicles - Motor Car/Taxi/Jeep,8,33,128000,957000
Tamil Nadu,2007,Motor Vehicles - Motor car/Taxi/Jeep - Property,4.2 Motor Vehicles - Motor Car/Taxi/Jeep,999,1085,11196197,14114867
Tripura,2007,Motor Vehicles - Motor car/Taxi/Jeep - Property,4.2 Motor Vehicles - Motor Car/Taxi/Jeep,2,13,4500,165728
Uttar Pradesh,2007,Motor Vehicles - Motor car/Taxi/Jeep - Property,4.2 Motor Vehicles - Motor Car/Taxi/Jeep,117,354,3466850,7069408
Uttarakhand,2007,Motor Vehicles - Motor car/Taxi/Jeep - Property,4.2 Motor Vehicles - Motor Car/Taxi/Jeep,3,11,14000,157000
West Bengal,2007,Motor Vehicles - Motor car/Taxi/Jeep - Property,4.2 Motor Vehicles - Motor Car/Taxi/Jeep,374,1106,31926805,107515586
Andaman & Nicobar Islands,2008,Motor Vehicles - Motor car/Taxi/Jeep - Property,4.2 Motor Vehicles - Motor Car/Taxi/Jeep,5,17,167000,287595
Andhra Pradesh,2008,Motor Vehicles - Motor car/Taxi/Jeep - Property,4.2 Motor Vehicles - Motor Car/Taxi/Jeep,540,803,6169640,10392534
Arunachal Pradesh,2008,Motor Vehicles - Motor car/Taxi/Jeep - Property,4.2 Motor Vehicles - Motor Car/Taxi/Jeep,27,58,999780,3985100
Assam,2008,Motor Vehicles - Motor car/Taxi/Jeep - Property,4.2 Motor Vehicles - Motor Car/Taxi/Jeep,91,250,829385,1978049
Bihar,2008,Motor Vehicles - Motor car/Taxi/Jeep - Property,4.2 Motor Vehicles - Motor Car/Taxi/Jeep,89,521,721879,6845913
Chandigarh,2008,Motor Vehicles - Motor car/Taxi/Jeep - Property,4.2 Motor Vehicles - Motor Car/Taxi/Jeep,80,227,1708600,3752300
Chhattisgarh,2008,Motor Vehicles - Motor car/Taxi/Jeep - Property,4.2 Motor Vehicles - Motor Car/Taxi/Jeep,113,319,1950522,5247244
Dadra & Nagar Haveli,2008,Motor Vehicles - Motor car/Taxi/Jeep - Property,4.2 Motor Vehicles - Motor Car/Taxi/Jeep,11,16,576749,1776156
Daman & Diu,2008,Motor Vehicles - Motor car/Taxi/Jeep - Property,4.2 Motor Vehicles - Motor Car/Taxi/Jeep,2,4,87000,164240
Delhi,2008,Motor Vehicles - Motor car/Taxi/Jeep - Property,4.2 Motor Vehicles - Motor Car/Taxi/Jeep,211,848,1042300,14431150
Goa,2008,Motor Vehicles - Motor car/Taxi/Jeep - Property,4.2 Motor Vehicles - Motor Car/Taxi/Jeep,45,135,2008540,8661497
Gujarat,2008,Motor Vehicles - Motor car/Taxi/Jeep - Property,4.2 Motor Vehicles - Motor Car/Taxi/Jeep,370,938,10809539,35879962
Haryana,2008,Motor Vehicles - Motor car/Taxi/Jeep - Property,4.2 Motor Vehicles - Motor Car/Taxi/Jeep,368,944,6477032,17046525
Himachal Pradesh,2008,Motor Vehicles - Motor car/Taxi/Jeep - Property,4.2 Motor Vehicles - Motor Car/Taxi/Jeep,45,140,989488,5854417
Jammu & Kashmir,2008,Motor Vehicles - Motor car/Taxi/Jeep - Property,4.2 Motor Vehicles - Motor Car/Taxi/Jeep,4,12,280000,1248000
Jharkhand,2008,Motor Vehicles - Motor car/Taxi/Jeep - Property,4.2 Motor Vehicles - Motor Car/Taxi/Jeep,42,193,835157,2642192
Karnataka,2008,Motor Vehicles - Motor car/Taxi/Jeep - Property,4.2 Motor Vehicles - Motor Car/Taxi/Jeep,220,704,5943554,23317370
Kerala,2008,Motor Vehicles - Motor car/Taxi/Jeep - Property,4.2 Motor Vehicles - Motor Car/Taxi/Jeep,225,388,3328894,10952437
Lakshadweep,2008,Motor Vehicles - Motor car/Taxi/Jeep - Property,4.2 Motor Vehicles - Motor Car/Taxi/Jeep,0,1,0,22000
Madhya Pradesh,2008,Motor Vehicles - Motor car/Taxi/Jeep - Property,4.2 Motor Vehicles - Motor Car/Taxi/Jeep,908,2332,16716969,34268729
Maharashtra,2008,Motor Vehicles - Motor car/Taxi/Jeep - Property,4.2 Motor Vehicles - Motor Car/Taxi/Jeep,417,1587,13920208,54741389
Manipur,2008,Motor Vehicles - Motor car/Taxi/Jeep - Property,4.2 Motor Vehicles - Motor Car/Taxi/Jeep,3,75,32000,2963686
Meghalaya,2008,Motor Vehicles - Motor car/Taxi/Jeep - Property,4.2 Motor Vehicles - Motor Car/Taxi/Jeep,12,48,29000,418262
Mizoram,2008,Motor Vehicles - Motor car/Taxi/Jeep - Property,4.2 Motor Vehicles - Motor Car/Taxi/Jeep,63,102,405340,904075
Nagaland,2008,Motor Vehicles - Motor car/Taxi/Jeep - Property,4.2 Motor Vehicles - Motor Car/Taxi/Jeep,7,26,262021,920340
Odisha,2008,Motor Vehicles - Motor car/Taxi/Jeep - Property,4.2 Motor Vehicles - Motor Car/Taxi/Jeep,16,39,178000,568452
Puducherry,2008,Motor Vehicles - Motor car/Taxi/Jeep - Property,4.2 Motor Vehicles - Motor Car/Taxi/Jeep,18,30,282350,503850
Punjab,2008,Motor Vehicles - Motor car/Taxi/Jeep - Property,4.2 Motor Vehicles - Motor Car/Taxi/Jeep,90,175,1811155,6656205
Rajasthan,2008,Motor Vehicles - Motor car/Taxi/Jeep - Property,4.2 Motor Vehicles - Motor Car/Taxi/Jeep,188,604,5239890,9502497
Sikkim,2008,Motor Vehicles - Motor car/Taxi/Jeep - Property,4.2 Motor Vehicles - Motor Car/Taxi/Jeep,16,36,205000,558500
Tamil Nadu,2008,Motor Vehicles - Motor car/Taxi/Jeep - Property,4.2 Motor Vehicles - Motor Car/Taxi/Jeep,1227,1408,12197322,13737601
Tripura,2008,Motor Vehicles - Motor car/Taxi/Jeep - Property,4.2 Motor Vehicles - Motor Car/Taxi/Jeep,0,28,0,307700
Uttar Pradesh,2008,Motor Vehicles - Motor car/Taxi/Jeep - Property,4.2 Motor Vehicles - Motor Car/Taxi/Jeep,42,166,890660,2884360
Uttarakhand,2008,Motor Vehicles - Motor car/Taxi/Jeep - Property,4.2 Motor Vehicles - Motor Car/Taxi/Jeep,7,8,200500,350400
West Bengal,2008,Motor Vehicles - Motor car/Taxi/Jeep - Property,4.2 Motor Vehicles - Motor Car/Taxi/Jeep,367,1175,19683764,123199016
Andaman & Nicobar Islands,2009,Motor Vehicles - Motor car/Taxi/Jeep - Property,4.2 Motor Vehicles - Motor Car/Taxi/Jeep,26,68,728905,850474
Andhra Pradesh,2009,Motor Vehicles - Motor car/Taxi/Jeep - Property,4.2 Motor Vehicles - Motor Car/Taxi/Jeep,601,847,8339466,14756613
Arunachal Pradesh,2009,Motor Vehicles - Motor car/Taxi/Jeep - Property,4.2 Motor Vehicles - Motor Car/Taxi/Jeep,32,69,557450,1423150
Assam,2009,Motor Vehicles - Motor car/Taxi/Jeep - Property,4.2 Motor Vehicles - Motor Car/Taxi/Jeep,35,165,3650475,11278575
Bihar,2009,Motor Vehicles - Motor car/Taxi/Jeep - Property,4.2 Motor Vehicles - Motor Car/Taxi/Jeep,42,292,184763,2097982
Chandigarh,2009,Motor Vehicles - Motor car/Taxi/Jeep - Property,4.2 Motor Vehicles - Motor Car/Taxi/Jeep,85,239,743400,2934500
Chhattisgarh,2009,Motor Vehicles - Motor car/Taxi/Jeep - Property,4.2 Motor Vehicles - Motor Car/Taxi/Jeep,72,242,1326375,6518593
Dadra & Nagar Haveli,2009,Motor Vehicles - Motor car/Taxi/Jeep - Property,4.2 Motor Vehicles - Motor Car/Taxi/Jeep,8,16,102800,676670
Daman & Diu,2009,Motor Vehicles - Motor car/Taxi/Jeep - Property,4.2 Motor Vehicles - Motor Car/Taxi/Jeep,0,5,0,304600
Delhi,2009,Motor Vehicles - Motor car/Taxi/Jeep - Property,4.2 Motor Vehicles - Motor Car/Taxi/Jeep,268,971,1572200,19517800
Goa,2009,Motor Vehicles - Motor car/Taxi/Jeep - Property,4.2 Motor Vehicles - Motor Car/Taxi/Jeep,28,92,1302173,4874405
Gujarat,2009,Motor Vehicles - Motor car/Taxi/Jeep - Property,4.2 Motor Vehicles - Motor Car/Taxi/Jeep,236,606,7236827,25423139
Haryana,2009,Motor Vehicles - Motor car/Taxi/Jeep - Property,4.2 Motor Vehicles - Motor Car/Taxi/Jeep,272,790,6684452,20938085
Himachal Pradesh,2009,Motor Vehicles - Motor car/Taxi/Jeep - Property,4.2 Motor Vehicles - Motor Car/Taxi/Jeep,49,153,1723687,10220554
Jammu & Kashmir,2009,Motor Vehicles - Motor car/Taxi/Jeep - Property,4.2 Motor Vehicles - Motor Car/Taxi/Jeep,6,45,98000,763854
Jharkhand,2009,Motor Vehicles - Motor car/Taxi/Jeep - Property,4.2 Motor Vehicles - Motor Car/Taxi/Jeep,70,175,388100,1647542
Karnataka,2009,Motor Vehicles - Motor car/Taxi/Jeep - Property,4.2 Motor Vehicles - Motor Car/Taxi/Jeep,262,805,6855445,19894741
Kerala,2009,Motor Vehicles - Motor car/Taxi/Jeep - Property,4.2 Motor Vehicles - Motor Car/Taxi/Jeep,235,411,2711786,10786168
Lakshadweep,2009,Motor Vehicles - Motor car/Taxi/Jeep - Property,4.2 Motor Vehicles - Motor Car/Taxi/Jeep,1,8,50000,200000
Madhya Pradesh,2009,Motor Vehicles - Motor car/Taxi/Jeep - Property,4.2 Motor Vehicles - Motor Car/Taxi/Jeep,880,1888,13012745,30330445
Maharashtra,2009,Motor Vehicles - Motor car/Taxi/Jeep - Property,4.2 Motor Vehicles - Motor Car/Taxi/Jeep,635,2170,10439284,97527691
Manipur,2009,Motor Vehicles - Motor car/Taxi/Jeep - Property,4.2 Motor Vehicles - Motor Car/Taxi/Jeep,2,32,85140,2432434
Meghalaya,2009,Motor Vehicles - Motor car/Taxi/Jeep - Property,4.2 Motor Vehicles - Motor Car/Taxi/Jeep,9,45,127500,390700
Mizoram,2009,Motor Vehicles - Motor car/Taxi/Jeep - Property,4.2 Motor Vehicles - Motor Car/Taxi/Jeep,52,74,3214991,5433014
Nagaland,2009,Motor Vehicles - Motor car/Taxi/Jeep - Property,4.2 Motor Vehicles - Motor Car/Taxi/Jeep,9,16,176800,305700
Odisha,2009,Motor Vehicles - Motor car/Taxi/Jeep - Property,4.2 Motor Vehicles - Motor Car/Taxi/Jeep,17,48,429600,958400
Puducherry,2009,Motor Vehicles - Motor car/Taxi/Jeep - Property,4.2 Motor Vehicles - Motor Car/Taxi/Jeep,24,30,471070,782070
Punjab,2009,Motor Vehicles - Motor car/Taxi/Jeep - Property,4.2 Motor Vehicles - Motor Car/Taxi/Jeep,103,205,2251311,8551952
Rajasthan,2009,Motor Vehicles - Motor car/Taxi/Jeep - Property,4.2 Motor Vehicles - Motor Car/Taxi/Jeep,94,439,2163795,5489928
Sikkim,2009,Motor Vehicles - Motor car/Taxi/Jeep - Property,4.2 Motor Vehicles - Motor Car/Taxi/Jeep,14,35,403340,1178580
Tamil Nadu,2009,Motor Vehicles - Motor car/Taxi/Jeep - Property,4.2 Motor Vehicles - Motor Car/Taxi/Jeep,1068,1273,16395366,22018952
Tripura,2009,Motor Vehicles - Motor car/Taxi/Jeep - Property,4.2 Motor Vehicles - Motor Car/Taxi/Jeep,12,26,91686,204700
Uttar Pradesh,2009,Motor Vehicles - Motor car/Taxi/Jeep - Property,4.2 Motor Vehicles - Motor Car/Taxi/Jeep,45,187,731900,1833940
Uttarakhand,2009,Motor Vehicles - Motor car/Taxi/Jeep - Property,4.2 Motor Vehicles - Motor Car/Taxi/Jeep,0,0,0,0
West Bengal,2009,Motor Vehicles - Motor car/Taxi/Jeep - Property,4.2 Motor Vehicles - Motor Car/Taxi/Jeep,686,1887,30756913,138378409
Andaman & Nicobar Islands,2010,Motor Vehicles - Motor car/Taxi/Jeep - Property,4.2 Motor Vehicles - Motor Car/Taxi/Jeep,13,32,262900,412050
Andhra Pradesh,2010,Motor Vehicles - Motor car/Taxi/Jeep - Property,4.2 Motor Vehicles - Motor Car/Taxi/Jeep,484,757,9770483,19391296
Arunachal Pradesh,2010,Motor Vehicles - Motor car/Taxi/Jeep - Property,4.2 Motor Vehicles - Motor Car/Taxi/Jeep,26,91,895495,3230907
Assam,2010,Motor Vehicles - Motor car/Taxi/Jeep - Property,4.2 Motor Vehicles - Motor Car/Taxi/Jeep,65,272,570170,2236372
Bihar,2010,Motor Vehicles - Motor car/Taxi/Jeep - Property,4.2 Motor Vehicles - Motor Car/Taxi/Jeep,76,279,393182,3186672
Chandigarh,2010,Motor Vehicles - Motor car/Taxi/Jeep - Property,4.2 Motor Vehicles - Motor Car/Taxi/Jeep,37,163,231000,2313300
Chhattisgarh,2010,Motor Vehicles - Motor car/Taxi/Jeep - Property,4.2 Motor Vehicles - Motor Car/Taxi/Jeep,103,268,1113041,4646891
Dadra & Nagar Haveli,2010,Motor Vehicles - Motor car/Taxi/Jeep - Property,4.2 Motor Vehicles - Motor Car/Taxi/Jeep,7,13,202440,445499
Daman & Diu,2010,Motor Vehicles - Motor car/Taxi/Jeep - Property,4.2 Motor Vehicles - Motor Car/Taxi/Jeep,1,2,10000,77000
Delhi,2010,Motor Vehicles - Motor car/Taxi/Jeep - Property,4.2 Motor Vehicles - Motor Car/Taxi/Jeep,224,892,2769236,20515666
Goa,2010,Motor Vehicles - Motor car/Taxi/Jeep - Property,4.2 Motor Vehicles - Motor Car/Taxi/Jeep,41,138,761972,19627157
Gujarat,2010,Motor Vehicles - Motor car/Taxi/Jeep - Property,4.2 Motor Vehicles - Motor Car/Taxi/Jeep,186,521,7596343,19685819
Haryana,2010,Motor Vehicles - Motor car/Taxi/Jeep - Property,4.2 Motor Vehicles - Motor Car/Taxi/Jeep,352,912,11201987,22149357
Himachal Pradesh,2010,Motor Vehicles - Motor car/Taxi/Jeep - Property,4.2 Motor Vehicles - Motor Car/Taxi/Jeep,36,111,1326189,6765110
Jammu & Kashmir,2010,Motor Vehicles - Motor car/Taxi/Jeep - Property,4.2 Motor Vehicles - Motor Car/Taxi/Jeep,20,57,1170600,2436790
Jharkhand,2010,Motor Vehicles - Motor car/Taxi/Jeep - Property,4.2 Motor Vehicles - Motor Car/Taxi/Jeep,17,146,373550,5617960
Karnataka,2010,Motor Vehicles - Motor car/Taxi/Jeep - Property,4.2 Motor Vehicles - Motor Car/Taxi/Jeep,180,539,5383785,22836655
Kerala,2010,Motor Vehicles - Motor car/Taxi/Jeep - Property,4.2 Motor Vehicles - Motor Car/Taxi/Jeep,265,515,3979932,18754444
Lakshadweep,2010,Motor Vehicles - Motor car/Taxi/Jeep - Property,4.2 Motor Vehicles - Motor Car/Taxi/Jeep,2,2,19500,19500
Madhya Pradesh,2010,Motor Vehicles - Motor car/Taxi/Jeep - Property,4.2 Motor Vehicles - Motor Car/Taxi/Jeep,706,1703,9381825,27649819
Maharashtra,2010,Motor Vehicles - Motor car/Taxi/Jeep - Property,4.2 Motor Vehicles - Motor Car/Taxi/Jeep,568,2002,11902851,72274651
Manipur,2010,Motor Vehicles - Motor car/Taxi/Jeep - Property,4.2 Motor Vehicles - Motor Car/Taxi/Jeep,7,84,262000,6243860
Meghalaya,2010,Motor Vehicles - Motor car/Taxi/Jeep - Property,4.2 Motor Vehicles - Motor Car/Taxi/Jeep,14,24,183804,289904
Mizoram,2010,Motor Vehicles - Motor car/Taxi/Jeep - Property,4.2 Motor Vehicles - Motor Car/Taxi/Jeep,227,264,2411029,2598183
Nagaland,2010,Motor Vehicles - Motor car/Taxi/Jeep - Property,4.2 Motor Vehicles - Motor Car/Taxi/Jeep,3,11,30300,2125300
Odisha,2010,Motor Vehicles - Motor car/Taxi/Jeep - Property,4.2 Motor Vehicles - Motor Car/Taxi/Jeep,29,59,612280,1068680
Puducherry,2010,Motor Vehicles - Motor car/Taxi/Jeep - Property,4.2 Motor Vehicles - Motor Car/Taxi/Jeep,20,28,798150,1016150
Punjab,2010,Motor Vehicles - Motor car/Taxi/Jeep - Property,4.2 Motor Vehicles - Motor Car/Taxi/Jeep,175,333,4041344,17114452
Rajasthan,2010,Motor Vehicles - Motor car/Taxi/Jeep - Property,4.2 Motor Vehicles - Motor Car/Taxi/Jeep,96,416,3498300,8198927
Sikkim,2010,Motor Vehicles - Motor car/Taxi/Jeep - Property,4.2 Motor Vehicles - Motor Car/Taxi/Jeep,4,25,66000,1723200
Tamil Nadu,2010,Motor Vehicles - Motor car/Taxi/Jeep - Property,4.2 Motor Vehicles - Motor Car/Taxi/Jeep,1047,1290,13197754,17099055
Tripura,2010,Motor Vehicles - Motor car/Taxi/Jeep - Property,4.2 Motor Vehicles - Motor Car/Taxi/Jeep,20,39,117250,547050
Uttar Pradesh,2010,Motor Vehicles - Motor car/Taxi/Jeep - Property,4.2 Motor Vehicles - Motor Car/Taxi/Jeep,41,174,1172165,4810455
Uttarakhand,2010,Motor Vehicles - Motor car/Taxi/Jeep - Property,4.2 Motor Vehicles - Motor Car/Taxi/Jeep,6,10,217500,376800
West Bengal,2010,Motor Vehicles - Motor car/Taxi/Jeep - Property,4.2 Motor Vehicles - Motor Car/Taxi/Jeep,747,2046,618454494,2041963082
Andaman & Nicobar Islands,2001,Motor Vehicles - Others - Property,4.3 Motor Vehicles - Other Motor Vehicles,0,0,0,0
Andhra Pradesh,2001,Motor Vehicles - Others - Property,4.3 Motor Vehicles - Other Motor Vehicles,23,42,405900,533050
Arunachal Pradesh,2001,Motor Vehicles - Others - Property,4.3 Motor Vehicles - Other Motor Vehicles,3,5,26200,106000
Assam,2001,Motor Vehicles - Others - Property,4.3 Motor Vehicles - Other Motor Vehicles,13,53,73900,383090
Bihar,2001,Motor Vehicles - Others - Property,4.3 Motor Vehicles - Other Motor Vehicles,35,152,636186,1359480
Chandigarh,2001,Motor Vehicles - Others - Property,4.3 Motor Vehicles - Other Motor Vehicles,1,1,20000,20000
Chhattisgarh,2001,Motor Vehicles - Others - Property,4.3 Motor Vehicles - Other Motor Vehicles,84,182,270634,777931
Dadra & Nagar Haveli,2001,Motor Vehicles - Others - Property,4.3 Motor Vehicles - Other Motor Vehicles,0,0,0,0
Daman & Diu,2001,Motor Vehicles - Others - Property,4.3 Motor Vehicles - Other Motor Vehicles,0,0,0,0
Delhi,2001,Motor Vehicles - Others - Property,4.3 Motor Vehicles - Other Motor Vehicles,11,18,54000,452500
Goa,2001,Motor Vehicles - Others - Property,4.3 Motor Vehicles - Other Motor Vehicles,0,7,0,118500
Gujarat,2001,Motor Vehicles - Others - Property,4.3 Motor Vehicles - Other Motor Vehicles,0,1,0,50
Haryana,2001,Motor Vehicles - Others - Property,4.3 Motor Vehicles - Other Motor Vehicles,15,21,275856,390426
Himachal Pradesh,2001,Motor Vehicles - Others - Property,4.3 Motor Vehicles - Other Motor Vehicles,13,37,207887,602508
Jammu & Kashmir,2001,Motor Vehicles - Others - Property,4.3 Motor Vehicles - Other Motor Vehicles,0,0,0,0
Jharkhand,2001,Motor Vehicles - Others - Property,4.3 Motor Vehicles - Other Motor Vehicles,16,82,69642,666079
Karnataka,2001,Motor Vehicles - Others - Property,4.3 Motor Vehicles - Other Motor Vehicles,143,546,2933868,10991600
Kerala,2001,Motor Vehicles - Others - Property,4.3 Motor Vehicles - Other Motor Vehicles,4,13,40600,187600
Lakshadweep,2001,Motor Vehicles - Others - Property,4.3 Motor Vehicles - Other Motor Vehicles,0,0,0,0
Madhya Pradesh,2001,Motor Vehicles - Others - Property,4.3 Motor Vehicles - Other Motor Vehicles,52,143,238314,651529
Maharashtra,2001,Motor Vehicles - Others - Property,4.3 Motor Vehicles - Other Motor Vehicles,9,23,282465,368815
Manipur,2001,Motor Vehicles - Others - Property,4.3 Motor Vehicles - Other Motor Vehicles,0,0,0,0
Meghalaya,2001,Motor Vehicles - Others - Property,4.3 Motor Vehicles - Other Motor Vehicles,0,0,0,0
Mizoram,2001,Motor Vehicles - Others - Property,4.3 Motor Vehicles - Other Motor Vehicles,1,1,650,650
Nagaland,2001,Motor Vehicles - Others - Property,4.3 Motor Vehicles - Other Motor Vehicles,0,0,0,0
Odisha,2001,Motor Vehicles - Others - Property,4.3 Motor Vehicles - Other Motor Vehicles,5,13,185774,1479870
Puducherry,2001,Motor Vehicles - Others - Property,4.3 Motor Vehicles - Other Motor Vehicles,0,0,0,0
Punjab,2001,Motor Vehicles - Others - Property,4.3 Motor Vehicles - Other Motor Vehicles,0,0,0,0
Rajasthan,2001,Motor Vehicles - Others - Property,4.3 Motor Vehicles - Other Motor Vehicles,13,86,31326000,31568550
Sikkim,2001,Motor Vehicles - Others - Property,4.3 Motor Vehicles - Other Motor Vehicles,0,0,0,0
Tamil Nadu,2001,Motor Vehicles - Others - Property,4.3 Motor Vehicles - Other Motor Vehicles,261,347,3977437,8843490
Tripura,2001,Motor Vehicles - Others - Property,4.3 Motor Vehicles - Other Motor Vehicles,0,2,0,25000
Uttar Pradesh,2001,Motor Vehicles - Others - Property,4.3 Motor Vehicles - Other Motor Vehicles,3,12,3532000,3682775
Uttarakhand,2001,Motor Vehicles - Others - Property,4.3 Motor Vehicles - Other Motor Vehicles,0,0,0,0
West Bengal,2001,Motor Vehicles - Others - Property,4.3 Motor Vehicles - Other Motor Vehicles,0,126,0,2354043
Andaman & Nicobar Islands,2002,Motor Vehicles - Others - Property,4.3 Motor Vehicles - Other Motor Vehicles,0,0,0,0
Andhra Pradesh,2002,Motor Vehicles - Others - Property,4.3 Motor Vehicles - Other Motor Vehicles,114,178,1113883,1788374
Arunachal Pradesh,2002,Motor Vehicles - Others - Property,4.3 Motor Vehicles - Other Motor Vehicles,0,2,0,202500
Assam,2002,Motor Vehicles - Others - Property,4.3 Motor Vehicles - Other Motor Vehicles,29,78,368756,890240
Bihar,2002,Motor Vehicles - Others - Property,4.3 Motor Vehicles - Other Motor Vehicles,19,129,169231,1000592
Chandigarh,2002,Motor Vehicles - Others - Property,4.3 Motor Vehicles - Other Motor Vehicles,1,1,15000,15000
Chhattisgarh,2002,Motor Vehicles - Others - Property,4.3 Motor Vehicles - Other Motor Vehicles,74,142,457494,3130671
Dadra & Nagar Haveli,2002,Motor Vehicles - Others - Property,4.3 Motor Vehicles - Other Motor Vehicles,3,3,7500,9000
Daman & Diu,2002,Motor Vehicles - Others - Property,4.3 Motor Vehicles - Other Motor Vehicles,0,0,0,0
Delhi,2002,Motor Vehicles - Others - Property,4.3 Motor Vehicles - Other Motor Vehicles,0,0,0,0
Goa,2002,Motor Vehicles - Others - Property,4.3 Motor Vehicles - Other Motor Vehicles,3,8,290500,683740
Gujarat,2002,Motor Vehicles - Others - Property,4.3 Motor Vehicles - Other Motor Vehicles,0,0,0,0
Haryana,2002,Motor Vehicles - Others - Property,4.3 Motor Vehicles - Other Motor Vehicles,9,10,21900,52100
Himachal Pradesh,2002,Motor Vehicles - Others - Property,4.3 Motor Vehicles - Other Motor Vehicles,1,6,6000,41450
Jammu & Kashmir,2002,Motor Vehicles - Others - Property,4.3 Motor Vehicles - Other Motor Vehicles,0,0,0,0
Jharkhand,2002,Motor Vehicles - Others - Property,4.3 Motor Vehicles - Other Motor Vehicles,3,12,9000,34000
Karnataka,2002,Motor Vehicles - Others - Property,4.3 Motor Vehicles - Other Motor Vehicles,5,10,2500,51450
Kerala,2002,Motor Vehicles - Others - Property,4.3 Motor Vehicles - Other Motor Vehicles,2,13,97800,1282750
Lakshadweep,2002,Motor Vehicles - Others - Property,4.3 Motor Vehicles - Other Motor Vehicles,0,0,0,0
Madhya Pradesh,2002,Motor Vehicles - Others - Property,4.3 Motor Vehicles - Other Motor Vehicles,44,115,334380,672748
Maharashtra,2002,Motor Vehicles - Others - Property,4.3 Motor Vehicles - Other Motor Vehicles,2,5,3000,23700
Manipur,2002,Motor Vehicles - Others - Property,4.3 Motor Vehicles - Other Motor Vehicles,0,0,0,0
Meghalaya,2002,Motor Vehicles - Others - Property,4.3 Motor Vehicles - Other Motor Vehicles,0,0,0,0
Mizoram,2002,Motor Vehicles - Others - Property,4.3 Motor Vehicles - Other Motor Vehicles,0,0,0,0
Nagaland,2002,Motor Vehicles - Others - Property,4.3 Motor Vehicles - Other Motor Vehicles,1,1,10123,10203
Odisha,2002,Motor Vehicles - Others - Property,4.3 Motor Vehicles - Other Motor Vehicles,1,3,18000,54346
Puducherry,2002,Motor Vehicles - Others - Property,4.3 Motor Vehicles - Other Motor Vehicles,0,0,0,0
Punjab,2002,Motor Vehicles - Others - Property,4.3 Motor Vehicles - Other Motor Vehicles,0,0,0,0
Rajasthan,2002,Motor Vehicles - Others - Property,4.3 Motor Vehicles - Other Motor Vehicles,24,92,3506600,4156350
Sikkim,2002,Motor Vehicles - Others - Property,4.3 Motor Vehicles - Other Motor Vehicles,0,0,0,0
Tamil Nadu,2002,Motor Vehicles - Others - Property,4.3 Motor Vehicles - Other Motor Vehicles,29,56,156030,281522
Tripura,2002,Motor Vehicles - Others - Property,4.3 Motor Vehicles - Other Motor Vehicles,0,0,0,0
Uttar Pradesh,2002,Motor Vehicles - Others - Property,4.3 Motor Vehicles - Other Motor Vehicles,3,5,3501000,4286000
Uttarakhand,2002,Motor Vehicles - Others - Property,4.3 Motor Vehicles - Other Motor Vehicles,0,0,0,0
West Bengal,2002,Motor Vehicles - Others - Property,4.3 Motor Vehicles - Other Motor Vehicles,5,98,165000,2203060
Andaman & Nicobar Islands,2003,Motor Vehicles - Others - Property,4.3 Motor Vehicles - Other Motor Vehicles,1,1,2000,2000
Andhra Pradesh,2003,Motor Vehicles - Others - Property,4.3 Motor Vehicles - Other Motor Vehicles,65,144,839931,2056986
Arunachal Pradesh,2003,Motor Vehicles - Others - Property,4.3 Motor Vehicles - Other Motor Vehicles,3,5,10190000,10330000
Assam,2003,Motor Vehicles - Others - Property,4.3 Motor Vehicles - Other Motor Vehicles,15,49,89180,171068
Bihar,2003,Motor Vehicles - Others - Property,4.3 Motor Vehicles - Other Motor Vehicles,3,16,47266,635807
Chandigarh,2003,Motor Vehicles - Others - Property,4.3 Motor Vehicles - Other Motor Vehicles,3,3,32500,32500
Chhattisgarh,2003,Motor Vehicles - Others - Property,4.3 Motor Vehicles - Other Motor Vehicles,0,3,0,21900
Dadra & Nagar Haveli,2003,Motor Vehicles - Others - Property,4.3 Motor Vehicles - Other Motor Vehicles,0,0,0,0
Daman & Diu,2003,Motor Vehicles - Others - Property,4.3 Motor Vehicles - Other Motor Vehicles,0,0,0,0
Delhi,2003,Motor Vehicles - Others - Property,4.3 Motor Vehicles - Other Motor Vehicles,1,1,2000,4000
Goa,2003,Motor Vehicles - Others - Property,4.3 Motor Vehicles - Other Motor Vehicles,5,11,70750,199550
Gujarat,2003,Motor Vehicles - Others - Property,4.3 Motor Vehicles - Other Motor Vehicles,0,0,0,0
Haryana,2003,Motor Vehicles - Others - Property,4.3 Motor Vehicles - Other Motor Vehicles,8,11,131500,154000
Himachal Pradesh,2003,Motor Vehicles - Others - Property,4.3 Motor Vehicles - Other Motor Vehicles,1,10,2000,193879
Jammu & Kashmir,2003,Motor Vehicles - Others - Property,4.3 Motor Vehicles - Other Motor Vehicles,1,1,1000000,1000000
Jharkhand,2003,Motor Vehicles - Others - Property,4.3 Motor Vehicles - Other Motor Vehicles,58,94,323060,523659
Karnataka,2003,Motor Vehicles - Others - Property,4.3 Motor Vehicles - Other Motor Vehicles,53,222,2044286,6583796
Kerala,2003,Motor Vehicles - Others - Property,4.3 Motor Vehicles - Other Motor Vehicles,188,708,3185662,49198738
Lakshadweep,2003,Motor Vehicles - Others - Property,4.3 Motor Vehicles - Other Motor Vehicles,0,0,0,0
Madhya Pradesh,2003,Motor Vehicles - Others - Property,4.3 Motor Vehicles - Other Motor Vehicles,30,77,1146600,1528877
Maharashtra,2003,Motor Vehicles - Others - Property,4.3 Motor Vehicles - Other Motor Vehicles,1,4,705000,895000
Manipur,2003,Motor Vehicles - Others - Property,4.3 Motor Vehicles - Other Motor Vehicles,0,0,0,0
Meghalaya,2003,Motor Vehicles - Others - Property,4.3 Motor Vehicles - Other Motor Vehicles,0,0,0,0
Mizoram,2003,Motor Vehicles - Others - Property,4.3 Motor Vehicles - Other Motor Vehicles,153,253,384224,1134395
Nagaland,2003,Motor Vehicles - Others - Property,4.3 Motor Vehicles - Other Motor Vehicles,0,0,0,0
Odisha,2003,Motor Vehicles - Others - Property,4.3 Motor Vehicles - Other Motor Vehicles,6,8,4800,6700
Puducherry,2003,Motor Vehicles - Others - Property,4.3 Motor Vehicles - Other Motor Vehicles,0,0,0,0
Punjab,2003,Motor Vehicles - Others - Property,4.3 Motor Vehicles - Other Motor Vehicles,5,16,79000,245000
Rajasthan,2003,Motor Vehicles - Others - Property,4.3 Motor Vehicles - Other Motor Vehicles,49,92,4132100,4712225
Sikkim,2003,Motor Vehicles - Others - Property,4.3 Motor Vehicles - Other Motor Vehicles,0,0,0,0
Tamil Nadu,2003,Motor Vehicles - Others - Property,4.3 Motor Vehicles - Other Motor Vehicles,15,24,191180,281480
Tripura,2003,Motor Vehicles - Others - Property,4.3 Motor Vehicles - Other Motor Vehicles,0,0,0,0
Uttar Pradesh,2003,Motor Vehicles - Others - Property,4.3 Motor Vehicles - Other Motor Vehicles,7,11,10289600,10406250
Uttarakhand,2003,Motor Vehicles - Others - Property,4.3 Motor Vehicles - Other Motor Vehicles,0,0,0,0
West Bengal,2003,Motor Vehicles - Others - Property,4.3 Motor Vehicles - Other Motor Vehicles,128,449,1114750,4374545
Andaman & Nicobar Islands,2004,Motor Vehicles - Others - Property,4.3 Motor Vehicles - Other Motor Vehicles,0,1,0,1200
Andhra Pradesh,2004,Motor Vehicles - Others - Property,4.3 Motor Vehicles - Other Motor Vehicles,83,141,774252,1574781
Arunachal Pradesh,2004,Motor Vehicles - Others - Property,4.3 Motor Vehicles - Other Motor Vehicles,1,2,30180,52180
Assam,2004,Motor Vehicles - Others - Property,4.3 Motor Vehicles - Other Motor Vehicles,29,194,189300,608400
Bihar,2004,Motor Vehicles - Others - Property,4.3 Motor Vehicles - Other Motor Vehicles,16,1996,2858320,20072548
Chandigarh,2004,Motor Vehicles - Others - Property,4.3 Motor Vehicles - Other Motor Vehicles,1,1,650,650
Chhattisgarh,2004,Motor Vehicles - Others - Property,4.3 Motor Vehicles - Other Motor Vehicles,1,3,200000,240000
Dadra & Nagar Haveli,2004,Motor Vehicles - Others - Property,4.3 Motor Vehicles - Other Motor Vehicles,0,0,0,0
Daman & Diu,2004,Motor Vehicles - Others - Property,4.3 Motor Vehicles - Other Motor Vehicles,0,0,0,0
Delhi,2004,Motor Vehicles - Others - Property,4.3 Motor Vehicles - Other Motor Vehicles,1,1,1600,1600
Goa,2004,Motor Vehicles - Others - Property,4.3 Motor Vehicles - Other Motor Vehicles,0,2,0,35800
Gujarat,2004,Motor Vehicles - Others - Property,4.3 Motor Vehicles - Other Motor Vehicles,0,1,0,1140
Haryana,2004,Motor Vehicles - Others - Property,4.3 Motor Vehicles - Other Motor Vehicles,21,26,375450,420950
Himachal Pradesh,2004,Motor Vehicles - Others - Property,4.3 Motor Vehicles - Other Motor Vehicles,1,9,200000,598600
Jammu & Kashmir,2004,Motor Vehicles - Others - Property,4.3 Motor Vehicles - Other Motor Vehicles,0,0,0,0
Jharkhand,2004,Motor Vehicles - Others - Property,4.3 Motor Vehicles - Other Motor Vehicles,3,12,9000,34000
Karnataka,2004,Motor Vehicles - Others - Property,4.3 Motor Vehicles - Other Motor Vehicles,10,19,85000,162500
Kerala,2004,Motor Vehicles - Others - Property,4.3 Motor Vehicles - Other Motor Vehicles,4,10,255326,423726
Lakshadweep,2004,Motor Vehicles - Others - Property,4.3 Motor Vehicles - Other Motor Vehicles,0,0,0,0
Madhya Pradesh,2004,Motor Vehicles - Others - Property,4.3 Motor Vehicles - Other Motor Vehicles,47,111,401845,864875
Maharashtra,2004,Motor Vehicles - Others - Property,4.3 Motor Vehicles - Other Motor Vehicles,5,7,290404,314250
Manipur,2004,Motor Vehicles - Others - Property,4.3 Motor Vehicles - Other Motor Vehicles,1,2,1200,1400
Meghalaya,2004,Motor Vehicles - Others - Property,4.3 Motor Vehicles - Other Motor Vehicles,0,2,0,29286
Mizoram,2004,Motor Vehicles - Others - Property,4.3 Motor Vehicles - Other Motor Vehicles,0,0,0,0
Nagaland,2004,Motor Vehicles - Others - Property,4.3 Motor Vehicles - Other Motor Vehicles,0,0,0,0
Odisha,2004,Motor Vehicles - Others - Property,4.3 Motor Vehicles - Other Motor Vehicles,0,0,0,0
Puducherry,2004,Motor Vehicles - Others - Property,4.3 Motor Vehicles - Other Motor Vehicles,0,0,0,0
Punjab,2004,Motor Vehicles - Others - Property,4.3 Motor Vehicles - Other Motor Vehicles,7,20,67350,345100
Rajasthan,2004,Motor Vehicles - Others - Property,4.3 Motor Vehicles - Other Motor Vehicles,18,51,2045100,2199250
Sikkim,2004,Motor Vehicles - Others - Property,4.3 Motor Vehicles - Other Motor Vehicles,0,0,0,0
Tamil Nadu,2004,Motor Vehicles - Others - Property,4.3 Motor Vehicles - Other Motor Vehicles,28,44,16018080,16369994
Tripura,2004,Motor Vehicles - Others - Property,4.3 Motor Vehicles - Other Motor Vehicles,0,0,0,0
Uttar Pradesh,2004,Motor Vehicles - Others - Property,4.3 Motor Vehicles - Other Motor Vehicles,4,13,12685000,13036800
Uttarakhand,2004,Motor Vehicles - Others - Property,4.3 Motor Vehicles - Other Motor Vehicles,0,3,0,30750
West Bengal,2004,Motor Vehicles - Others - Property,4.3 Motor Vehicles - Other Motor Vehicles,34,242,314700,1729920
Andaman & Nicobar Islands,2005,Motor Vehicles - Others - Property,4.3 Motor Vehicles - Other Motor Vehicles,0,1,0,500
Andhra Pradesh,2005,Motor Vehicles - Others - Property,4.3 Motor Vehicles - Other Motor Vehicles,27,72,426047,4462495
Arunachal Pradesh,2005,Motor Vehicles - Others - Property,4.3 Motor Vehicles - Other Motor Vehicles,4,10,16894,460440
Assam,2005,Motor Vehicles - Others - Property,4.3 Motor Vehicles - Other Motor Vehicles,35,107,59800,155822
Bihar,2005,Motor Vehicles - Others - Property,4.3 Motor Vehicles - Other Motor Vehicles,29,129,235924,1162602
Chandigarh,2005,Motor Vehicles - Others - Property,4.3 Motor Vehicles - Other Motor Vehicles,0,0,0,0
Chhattisgarh,2005,Motor Vehicles - Others - Property,4.3 Motor Vehicles - Other Motor Vehicles,3,4,16000,26000
Dadra & Nagar Haveli,2005,Motor Vehicles - Others - Property,4.3 Motor Vehicles - Other Motor Vehicles,0,0,0,0
Daman & Diu,2005,Motor Vehicles - Others - Property,4.3 Motor Vehicles - Other Motor Vehicles,0,0,0,0
Delhi,2005,Motor Vehicles - Others - Property,4.3 Motor Vehicles - Other Motor Vehicles,3,8,30500,270500
Goa,2005,Motor Vehicles - Others - Property,4.3 Motor Vehicles - Other Motor Vehicles,1,20,1000,1022000
Gujarat,2005,Motor Vehicles - Others - Property,4.3 Motor Vehicles - Other Motor Vehicles,2,5,24500,109100
Haryana,2005,Motor Vehicles - Others - Property,4.3 Motor Vehicles - Other Motor Vehicles,23,39,167200,284600
Himachal Pradesh,2005,Motor Vehicles - Others - Property,4.3 Motor Vehicles - Other Motor Vehicles,5,12,970500,1365479
Jammu & Kashmir,2005,Motor Vehicles - Others - Property,4.3 Motor Vehicles - Other Motor Vehicles,1,2,40000,40100
Jharkhand,2005,Motor Vehicles - Others - Property,4.3 Motor Vehicles - Other Motor Vehicles,5,89,30000,310119
Karnataka,2005,Motor Vehicles - Others - Property,4.3 Motor Vehicles - Other Motor Vehicles,1,6,18000,108100
Kerala,2005,Motor Vehicles - Others - Property,4.3 Motor Vehicles - Other Motor Vehicles,4,5,35000,349050
Lakshadweep,2005,Motor Vehicles - Others - Property,4.3 Motor Vehicles - Other Motor Vehicles,0,0,0,0
Madhya Pradesh,2005,Motor Vehicles - Others - Property,4.3 Motor Vehicles - Other Motor Vehicles,42,96,2703200,2964535
Maharashtra,2005,Motor Vehicles - Others - Property,4.3 Motor Vehicles - Other Motor Vehicles,8,13,26000,80500
Manipur,2005,Motor Vehicles - Others - Property,4.3 Motor Vehicles - Other Motor Vehicles,0,0,0,0
Meghalaya,2005,Motor Vehicles - Others - Property,4.3 Motor Vehicles - Other Motor Vehicles,0,0,0,0
Mizoram,2005,Motor Vehicles - Others - Property,4.3 Motor Vehicles - Other Motor Vehicles,0,0,0,0
Nagaland,2005,Motor Vehicles - Others - Property,4.3 Motor Vehicles - Other Motor Vehicles,1,2,12000,12000
Odisha,2005,Motor Vehicles - Others - Property,4.3 Motor Vehicles - Other Motor Vehicles,15,33,8841775,8875475
Puducherry,2005,Motor Vehicles - Others - Property,4.3 Motor Vehicles - Other Motor Vehicles,0,0,0,0
Punjab,2005,Motor Vehicles - Others - Property,4.3 Motor Vehicles - Other Motor Vehicles,2,4,30000,80000
Rajasthan,2005,Motor Vehicles - Others - Property,4.3 Motor Vehicles - Other Motor Vehicles,10,41,1608900,1743600
Sikkim,2005,Motor Vehicles - Others - Property,4.3 Motor Vehicles - Other Motor Vehicles,0,0,0,0
Tamil Nadu,2005,Motor Vehicles - Others - Property,4.3 Motor Vehicles - Other Motor Vehicles,19,23,212660,232660
Tripura,2005,Motor Vehicles - Others - Property,4.3 Motor Vehicles - Other Motor Vehicles,0,0,0,0
Uttar Pradesh,2005,Motor Vehicles - Others - Property,4.3 Motor Vehicles - Other Motor Vehicles,4,9,15090000,15282000
Uttarakhand,2005,Motor Vehicles - Others - Property,4.3 Motor Vehicles - Other Motor Vehicles,1,3,2500,354000
West Bengal,2005,Motor Vehicles - Others - Property,4.3 Motor Vehicles - Other Motor Vehicles,81,279,458550,2082010
Andaman & Nicobar Islands,2006,Motor Vehicles - Others - Property,4.3 Motor Vehicles - Other Motor Vehicles,1,1,100000,100000
Andhra Pradesh,2006,Motor Vehicles - Others - Property,4.3 Motor Vehicles - Other Motor Vehicles,45,108,1276481,2497195
Arunachal Pradesh,2006,Motor Vehicles - Others - Property,4.3 Motor Vehicles - Other Motor Vehicles,4,8,212610,388610
Assam,2006,Motor Vehicles - Others - Property,4.3 Motor Vehicles - Other Motor Vehicles,37,106,7882342,25965575
Bihar,2006,Motor Vehicles - Others - Property,4.3 Motor Vehicles - Other Motor Vehicles,4,13,8728,607618
Chandigarh,2006,Motor Vehicles - Others - Property,4.3 Motor Vehicles - Other Motor Vehicles,0,0,0,0
Chhattisgarh,2006,Motor Vehicles - Others - Property,4.3 Motor Vehicles - Other Motor Vehicles,1,2,35000,51000
Dadra & Nagar Haveli,2006,Motor Vehicles - Others - Property,4.3 Motor Vehicles - Other Motor Vehicles,0,0,0,0
Daman & Diu,2006,Motor Vehicles - Others - Property,4.3 Motor Vehicles - Other Motor Vehicles,0,0,0,0
Delhi,2006,Motor Vehicles - Others - Property,4.3 Motor Vehicles - Other Motor Vehicles,0,0,0,0
Goa,2006,Motor Vehicles - Others - Property,4.3 Motor Vehicles - Other Motor Vehicles,4,12,219020,451255
Gujarat,2006,Motor Vehicles - Others - Property,4.3 Motor Vehicles - Other Motor Vehicles,0,1,0,12250
Haryana,2006,Motor Vehicles - Others - Property,4.3 Motor Vehicles - Other Motor Vehicles,9,21,177000,314520
Himachal Pradesh,2006,Motor Vehicles - Others - Property,4.3 Motor Vehicles - Other Motor Vehicles,3,10,1905500,1986421
Jammu & Kashmir,2006,Motor Vehicles - Others - Property,4.3 Motor Vehicles - Other Motor Vehicles,1,5,1500,1500
Jharkhand,2006,Motor Vehicles - Others - Property,4.3 Motor Vehicles - Other Motor Vehicles,2,51,8000,62200
Karnataka,2006,Motor Vehicles - Others - Property,4.3 Motor Vehicles - Other Motor Vehicles,99,404,3205100,16397106
Kerala,2006,Motor Vehicles - Others - Property,4.3 Motor Vehicles - Other Motor Vehicles,0,4,0,10094000
Lakshadweep,2006,Motor Vehicles - Others - Property,4.3 Motor Vehicles - Other Motor Vehicles,1,1,50000,240000
Madhya Pradesh,2006,Motor Vehicles - Others - Property,4.3 Motor Vehicles - Other Motor Vehicles,46,141,1694485,3233930
Maharashtra,2006,Motor Vehicles - Others - Property,4.3 Motor Vehicles - Other Motor Vehicles,27,108,1277233,5019984
Manipur,2006,Motor Vehicles - Others - Property,4.3 Motor Vehicles - Other Motor Vehicles,0,0,0,0
Meghalaya,2006,Motor Vehicles - Others - Property,4.3 Motor Vehicles - Other Motor Vehicles,0,0,0,0
Mizoram,2006,Motor Vehicles - Others - Property,4.3 Motor Vehicles - Other Motor Vehicles,0,0,0,0
Nagaland,2006,Motor Vehicles - Others - Property,4.3 Motor Vehicles - Other Motor Vehicles,0,0,0,0
Odisha,2006,Motor Vehicles - Others - Property,4.3 Motor Vehicles - Other Motor Vehicles,7,18,200850,547850
Puducherry,2006,Motor Vehicles - Others - Property,4.3 Motor Vehicles - Other Motor Vehicles,1,1,3000,3000
Punjab,2006,Motor Vehicles - Others - Property,4.3 Motor Vehicles - Other Motor Vehicles,7,8,96000,108000
Rajasthan,2006,Motor Vehicles - Others - Property,4.3 Motor Vehicles - Other Motor Vehicles,20,58,5020300,5253100
Sikkim,2006,Motor Vehicles - Others - Property,4.3 Motor Vehicles - Other Motor Vehicles,0,0,0,0
Tamil Nadu,2006,Motor Vehicles - Others - Property,4.3 Motor Vehicles - Other Motor Vehicles,18,22,1294510,1326510
Tripura,2006,Motor Vehicles - Others - Property,4.3 Motor Vehicles - Other Motor Vehicles,0,0,0,0
Uttar Pradesh,2006,Motor Vehicles - Others - Property,4.3 Motor Vehicles - Other Motor Vehicles,6,19,353500,1277000
Uttarakhand,2006,Motor Vehicles - Others - Property,4.3 Motor Vehicles - Other Motor Vehicles,1,3,6000,7800
West Bengal,2006,Motor Vehicles - Others - Property,4.3 Motor Vehicles - Other Motor Vehicles,23,182,240000,1628405
Andaman & Nicobar Islands,2007,Motor Vehicles - Others - Property,4.3 Motor Vehicles - Other Motor Vehicles,0,0,0,0
Andhra Pradesh,2007,Motor Vehicles - Others - Property,4.3 Motor Vehicles - Other Motor Vehicles,48,74,1002800,2178100
Arunachal Pradesh,2007,Motor Vehicles - Others - Property,4.3 Motor Vehicles - Other Motor Vehicles,0,0,0,0
Assam,2007,Motor Vehicles - Others - Property,4.3 Motor Vehicles - Other Motor Vehicles,33,71,142245,240120
Bihar,2007,Motor Vehicles - Others - Property,4.3 Motor Vehicles - Other Motor Vehicles,8,23,440695,1685167
Chandigarh,2007,Motor Vehicles - Others - Property,4.3 Motor Vehicles - Other Motor Vehicles,0,0,0,0
Chhattisgarh,2007,Motor Vehicles - Others - Property,4.3 Motor Vehicles - Other Motor Vehicles,1,4,3400,24100
Dadra & Nagar Haveli,2007,Motor Vehicles - Others - Property,4.3 Motor Vehicles - Other Motor Vehicles,0,0,0,0
Daman & Diu,2007,Motor Vehicles - Others - Property,4.3 Motor Vehicles - Other Motor Vehicles,0,0,0,0
Delhi,2007,Motor Vehicles - Others - Property,4.3 Motor Vehicles - Other Motor Vehicles,1,1,100000,100000
Goa,2007,Motor Vehicles - Others - Property,4.3 Motor Vehicles - Other Motor Vehicles,4,18,15000,928100
Gujarat,2007,Motor Vehicles - Others - Property,4.3 Motor Vehicles - Other Motor Vehicles,0,0,0,0
Haryana,2007,Motor Vehicles - Others - Property,4.3 Motor Vehicles - Other Motor Vehicles,12,27,182875,334750
Himachal Pradesh,2007,Motor Vehicles - Others - Property,4.3 Motor Vehicles - Other Motor Vehicles,4,20,37376,742076
Jammu & Kashmir,2007,Motor Vehicles - Others - Property,4.3 Motor Vehicles - Other Motor Vehicles,0,0,0,0
Jharkhand,2007,Motor Vehicles - Others - Property,4.3 Motor Vehicles - Other Motor Vehicles,6,23,67163,127163
Karnataka,2007,Motor Vehicles - Others - Property,4.3 Motor Vehicles - Other Motor Vehicles,219,638,2956652,33583109
Kerala,2007,Motor Vehicles - Others - Property,4.3 Motor Vehicles - Other Motor Vehicles,2,8,80500,729000
Lakshadweep,2007,Motor Vehicles - Others - Property,4.3 Motor Vehicles - Other Motor Vehicles,0,0,0,0
Madhya Pradesh,2007,Motor Vehicles - Others - Property,4.3 Motor Vehicles - Other Motor Vehicles,58,124,50380635,50753865
Maharashtra,2007,Motor Vehicles - Others - Property,4.3 Motor Vehicles - Other Motor Vehicles,24,80,119875,433375
Manipur,2007,Motor Vehicles - Others - Property,4.3 Motor Vehicles - Other Motor Vehicles,1,4,35000,266740
Meghalaya,2007,Motor Vehicles - Others - Property,4.3 Motor Vehicles - Other Motor Vehicles,0,0,0,0
Mizoram,2007,Motor Vehicles - Others - Property,4.3 Motor Vehicles - Other Motor Vehicles,0,0,0,0
Nagaland,2007,Motor Vehicles - Others - Property,4.3 Motor Vehicles - Other Motor Vehicles,0,1,0,40000
Odisha,2007,Motor Vehicles - Others - Property,4.3 Motor Vehicles - Other Motor Vehicles,6,11,175500,376920
Puducherry,2007,Motor Vehicles - Others - Property,4.3 Motor Vehicles - Other Motor Vehicles,0,1,0,50000
Punjab,2007,Motor Vehicles - Others - Property,4.3 Motor Vehicles - Other Motor Vehicles,3,3,16500,16500
Rajasthan,2007,Motor Vehicles - Others - Property,4.3 Motor Vehicles - Other Motor Vehicles,15,58,1091150,1278150
Sikkim,2007,Motor Vehicles - Others - Property,4.3 Motor Vehicles - Other Motor Vehicles,0,0,0,0
Tamil Nadu,2007,Motor Vehicles - Others - Property,4.3 Motor Vehicles - Other Motor Vehicles,10,12,76950,196950
Tripura,2007,Motor Vehicles - Others - Property,4.3 Motor Vehicles - Other Motor Vehicles,1,1,2500,2500
Uttar Pradesh,2007,Motor Vehicles - Others - Property,4.3 Motor Vehicles - Other Motor Vehicles,21,42,292750000,295120480
Uttarakhand,2007,Motor Vehicles - Others - Property,4.3 Motor Vehicles - Other Motor Vehicles,0,1,0,38000
West Bengal,2007,Motor Vehicles - Others - Property,4.3 Motor Vehicles - Other Motor Vehicles,9,58,79300,1173748
Andaman & Nicobar Islands,2008,Motor Vehicles - Others - Property,4.3 Motor Vehicles - Other Motor Vehicles,0,0,0,0
Andhra Pradesh,2008,Motor Vehicles - Others - Property,4.3 Motor Vehicles - Other Motor Vehicles,37,87,395150,1314850
Arunachal Pradesh,2008,Motor Vehicles - Others - Property,4.3 Motor Vehicles - Other Motor Vehicles,1,8,5000,129000
Assam,2008,Motor Vehicles - Others - Property,4.3 Motor Vehicles - Other Motor Vehicles,191,370,443950,885085
Bihar,2008,Motor Vehicles - Others - Property,4.3 Motor Vehicles - Other Motor Vehicles,6,22,54755,3463304
Chandigarh,2008,Motor Vehicles - Others - Property,4.3 Motor Vehicles - Other Motor Vehicles,3,8,80500,223700
Chhattisgarh,2008,Motor Vehicles - Others - Property,4.3 Motor Vehicles - Other Motor Vehicles,0,0,0,0
Dadra & Nagar Haveli,2008,Motor Vehicles - Others - Property,4.3 Motor Vehicles - Other Motor Vehicles,0,0,0,0
Daman & Diu,2008,Motor Vehicles - Others - Property,4.3 Motor Vehicles - Other Motor Vehicles,0,0,0,0
Delhi,2008,Motor Vehicles - Others - Property,4.3 Motor Vehicles - Other Motor Vehicles,3,8,5800,46000
Goa,2008,Motor Vehicles - Others - Property,4.3 Motor Vehicles - Other Motor Vehicles,3,11,89000,463000
Gujarat,2008,Motor Vehicles - Others - Property,4.3 Motor Vehicles - Other Motor Vehicles,0,0,0,0
Haryana,2008,Motor Vehicles - Others - Property,4.3 Motor Vehicles - Other Motor Vehicles,10,26,179850,324950
Himachal Pradesh,2008,Motor Vehicles - Others - Property,4.3 Motor Vehicles - Other Motor Vehicles,5,29,40950,1074855
Jammu & Kashmir,2008,Motor Vehicles - Others - Property,4.3 Motor Vehicles - Other Motor Vehicles,7,48,58805,1797724
Jharkhand,2008,Motor Vehicles - Others - Property,4.3 Motor Vehicles - Other Motor Vehicles,2,11,57500,316250
Karnataka,2008,Motor Vehicles - Others - Property,4.3 Motor Vehicles - Other Motor Vehicles,100,260,15969590,36047601
Kerala,2008,Motor Vehicles - Others - Property,4.3 Motor Vehicles - Other Motor Vehicles,0,1,0,10000000
Lakshadweep,2008,Motor Vehicles - Others - Property,4.3 Motor Vehicles - Other Motor Vehicles,0,0,0,0
Madhya Pradesh,2008,Motor Vehicles - Others - Property,4.3 Motor Vehicles - Other Motor Vehicles,36,90,399809,854174
Maharashtra,2008,Motor Vehicles - Others - Property,4.3 Motor Vehicles - Other Motor Vehicles,1,2,4257000,4258750
Manipur,2008,Motor Vehicles - Others - Property,4.3 Motor Vehicles - Other Motor Vehicles,0,0,0,0
Meghalaya,2008,Motor Vehicles - Others - Property,4.3 Motor Vehicles - Other Motor Vehicles,0,0,0,0
Mizoram,2008,Motor Vehicles - Others - Property,4.3 Motor Vehicles - Other Motor Vehicles,0,0,0,0
Nagaland,2008,Motor Vehicles - Others - Property,4.3 Motor Vehicles - Other Motor Vehicles,0,0,0,0
Odisha,2008,Motor Vehicles - Others - Property,4.3 Motor Vehicles - Other Motor Vehicles,14,21,285000,1170000
Puducherry,2008,Motor Vehicles - Others - Property,4.3 Motor Vehicles - Other Motor Vehicles,1,2,20000,38000
Punjab,2008,Motor Vehicles - Others - Property,4.3 Motor Vehicles - Other Motor Vehicles,4,4,36100,36100
Rajasthan,2008,Motor Vehicles - Others - Property,4.3 Motor Vehicles - Other Motor Vehicles,9,37,671900,782800
Sikkim,2008,Motor Vehicles - Others - Property,4.3 Motor Vehicles - Other Motor Vehicles,1,1,100000,100000
Tamil Nadu,2008,Motor Vehicles - Others - Property,4.3 Motor Vehicles - Other Motor Vehicles,51,64,785670,842060
Tripura,2008,Motor Vehicles - Others - Property,4.3 Motor Vehicles - Other Motor Vehicles,0,2,0,15000
Uttar Pradesh,2008,Motor Vehicles - Others - Property,4.3 Motor Vehicles - Other Motor Vehicles,10,14,370728000,370933000
Uttarakhand,2008,Motor Vehicles - Others - Property,4.3 Motor Vehicles - Other Motor Vehicles,0,0,0,0
West Bengal,2008,Motor Vehicles - Others - Property,4.3 Motor Vehicles - Other Motor Vehicles,5,67,131000,2610473
Andaman & Nicobar Islands,2009,Motor Vehicles - Others - Property,4.3 Motor Vehicles - Other Motor Vehicles,0,1,0,25000
Andhra Pradesh,2009,Motor Vehicles - Others - Property,4.3 Motor Vehicles - Other Motor Vehicles,64,107,2276155,4600385
Arunachal Pradesh,2009,Motor Vehicles - Others - Property,4.3 Motor Vehicles - Other Motor Vehicles,4,11,134200,3436000
Assam,2009,Motor Vehicles - Others - Property,4.3 Motor Vehicles - Other Motor Vehicles,27,153,252555,8472500
Bihar,2009,Motor Vehicles - Others - Property,4.3 Motor Vehicles - Other Motor Vehicles,5,20,97438,1129737
Chandigarh,2009,Motor Vehicles - Others - Property,4.3 Motor Vehicles - Other Motor Vehicles,0,1,0,1500000
Chhattisgarh,2009,Motor Vehicles - Others - Property,4.3 Motor Vehicles - Other Motor Vehicles,0,0,0,0
Dadra & Nagar Haveli,2009,Motor Vehicles - Others - Property,4.3 Motor Vehicles - Other Motor Vehicles,0,0,0,0
Daman & Diu,2009,Motor Vehicles - Others - Property,4.3 Motor Vehicles - Other Motor Vehicles,0,0,0,0
Delhi,2009,Motor Vehicles - Others - Property,4.3 Motor Vehicles - Other Motor Vehicles,0,2,0,100000
Goa,2009,Motor Vehicles - Others - Property,4.3 Motor Vehicles - Other Motor Vehicles,5,24,52750,1611110
Gujarat,2009,Motor Vehicles - Others - Property,4.3 Motor Vehicles - Other Motor Vehicles,0,0,0,0
Haryana,2009,Motor Vehicles - Others - Property,4.3 Motor Vehicles - Other Motor Vehicles,10,23,1224500,3129872
Himachal Pradesh,2009,Motor Vehicles - Others - Property,4.3 Motor Vehicles - Other Motor Vehicles,3,20,195000,552270
Jammu & Kashmir,2009,Motor Vehicles - Others - Property,4.3 Motor Vehicles - Other Motor Vehicles,0,2,0,33740
Jharkhand,2009,Motor Vehicles - Others - Property,4.3 Motor Vehicles - Other Motor Vehicles,14,34,305000,555765
Karnataka,2009,Motor Vehicles - Others - Property,4.3 Motor Vehicles - Other Motor Vehicles,13,44,1014443,3086709
Kerala,2009,Motor Vehicles - Others - Property,4.3 Motor Vehicles - Other Motor Vehicles,3,6,101001020,101099930
Lakshadweep,2009,Motor Vehicles - Others - Property,4.3 Motor Vehicles - Other Motor Vehicles,0,0,0,0
Madhya Pradesh,2009,Motor Vehicles - Others - Property,4.3 Motor Vehicles - Other Motor Vehicles,122,415,2505699,24910200
Maharashtra,2009,Motor Vehicles - Others - Property,4.3 Motor Vehicles - Other Motor Vehicles,1,3,30300,46760
Manipur,2009,Motor Vehicles - Others - Property,4.3 Motor Vehicles - Other Motor Vehicles,0,0,0,0
Meghalaya,2009,Motor Vehicles - Others - Property,4.3 Motor Vehicles - Other Motor Vehicles,1,1,22000,22000
Mizoram,2009,Motor Vehicles - Others - Property,4.3 Motor Vehicles - Other Motor Vehicles,0,0,0,0
Nagaland,2009,Motor Vehicles - Others - Property,4.3 Motor Vehicles - Other Motor Vehicles,0,0,0,0
Odisha,2009,Motor Vehicles - Others - Property,4.3 Motor Vehicles - Other Motor Vehicles,1,4,35000,247000
Puducherry,2009,Motor Vehicles - Others - Property,4.3 Motor Vehicles - Other Motor Vehicles,0,0,0,0
Punjab,2009,Motor Vehicles - Others - Property,4.3 Motor Vehicles - Other Motor Vehicles,0,0,0,0
Rajasthan,2009,Motor Vehicles - Others - Property,4.3 Motor Vehicles - Other Motor Vehicles,12,55,4206500,4516200
Sikkim,2009,Motor Vehicles - Others - Property,4.3 Motor Vehicles - Other Motor Vehicles,0,0,0,0
Tamil Nadu,2009,Motor Vehicles - Others - Property,4.3 Motor Vehicles - Other Motor Vehicles,31,38,406265,577175
Tripura,2009,Motor Vehicles - Others - Property,4.3 Motor Vehicles - Other Motor Vehicles,0,0,0,0
Uttar Pradesh,2009,Motor Vehicles - Others - Property,4.3 Motor Vehicles - Other Motor Vehicles,2,6,802000,876000
Uttarakhand,2009,Motor Vehicles - Others - Property,4.3 Motor Vehicles - Other Motor Vehicles,0,0,0,0
West Bengal,2009,Motor Vehicles - Others - Property,4.3 Motor Vehicles - Other Motor Vehicles,9,22,612700,1372500
Andaman & Nicobar Islands,2010,Motor Vehicles - Others - Property,4.3 Motor Vehicles - Other Motor Vehicles,0,0,0,0
Andhra Pradesh,2010,Motor Vehicles - Others - Property,4.3 Motor Vehicles - Other Motor Vehicles,36,79,4132780,6596330
Arunachal Pradesh,2010,Motor Vehicles - Others - Property,4.3 Motor Vehicles - Other Motor Vehicles,2,5,59500,642000
Assam,2010,Motor Vehicles - Others - Property,4.3 Motor Vehicles - Other Motor Vehicles,14,45,161965,273700
Bihar,2010,Motor Vehicles - Others - Property,4.3 Motor Vehicles - Other Motor Vehicles,7,18,398075,920093
Chandigarh,2010,Motor Vehicles - Others - Property,4.3 Motor Vehicles - Other Motor Vehicles,0,1,0,20000
Chhattisgarh,2010,Motor Vehicles - Others - Property,4.3 Motor Vehicles - Other Motor Vehicles,0,2,0,18000
Dadra & Nagar Haveli,2010,Motor Vehicles - Others - Property,4.3 Motor Vehicles - Other Motor Vehicles,0,1,0,800
Daman & Diu,2010,Motor Vehicles - Others - Property,4.3 Motor Vehicles - Other Motor Vehicles,0,0,0,0
Delhi,2010,Motor Vehicles - Others - Property,4.3 Motor Vehicles - Other Motor Vehicles,1,2,2000,12000
Goa,2010,Motor Vehicles - Others - Property,4.3 Motor Vehicles - Other Motor Vehicles,9,23,114850,1915600
Gujarat,2010,Motor Vehicles - Others - Property,4.3 Motor Vehicles - Other Motor Vehicles,0,0,0,0
Haryana,2010,Motor Vehicles - Others - Property,4.3 Motor Vehicles - Other Motor Vehicles,3,4,92000,132000
Himachal Pradesh,2010,Motor Vehicles - Others - Property,4.3 Motor Vehicles - Other Motor Vehicles,5,38,80050,1349690
Jammu & Kashmir,2010,Motor Vehicles - Others - Property,4.3 Motor Vehicles - Other Motor Vehicles,2,2,7500,7500
Jharkhand,2010,Motor Vehicles - Others - Property,4.3 Motor Vehicles - Other Motor Vehicles,16,37,21920,87980
Karnataka,2010,Motor Vehicles - Others - Property,4.3 Motor Vehicles - Other Motor Vehicles,29,61,5467366,7916362
Kerala,2010,Motor Vehicles - Others - Property,4.3 Motor Vehicles - Other Motor Vehicles,1,4,350000,460000
Lakshadweep,2010,Motor Vehicles - Others - Property,4.3 Motor Vehicles - Other Motor Vehicles,0,0,0,0
Madhya Pradesh,2010,Motor Vehicles - Others - Property,4.3 Motor Vehicles - Other Motor Vehicles,9,39,132600,233328
Maharashtra,2010,Motor Vehicles - Others - Property,4.3 Motor Vehicles - Other Motor Vehicles,28,105,400396542,403389020
Manipur,2010,Motor Vehicles - Others - Property,4.3 Motor Vehicles - Other Motor Vehicles,0,0,0,0
Meghalaya,2010,Motor Vehicles - Others - Property,4.3 Motor Vehicles - Other Motor Vehicles,0,0,0,0
Mizoram,2010,Motor Vehicles - Others - Property,4.3 Motor Vehicles - Other Motor Vehicles,0,0,0,0
Nagaland,2010,Motor Vehicles - Others - Property,4.3 Motor Vehicles - Other Motor Vehicles,0,0,0,0
Odisha,2010,Motor Vehicles - Others - Property,4.3 Motor Vehicles - Other Motor Vehicles,4,7,11665000,11745000
Puducherry,2010,Motor Vehicles - Others - Property,4.3 Motor Vehicles - Other Motor Vehicles,0,1,0,5000
Punjab,2010,Motor Vehicles - Others - Property,4.3 Motor Vehicles - Other Motor Vehicles,0,0,0,0
Rajasthan,2010,Motor Vehicles - Others - Property,4.3 Motor Vehicles - Other Motor Vehicles,7,48,5653000,7353700
Sikkim,2010,Motor Vehicles - Others - Property,4.3 Motor Vehicles - Other Motor Vehicles,0,0,0,0
Tamil Nadu,2010,Motor Vehicles - Others - Property,4.3 Motor Vehicles - Other Motor Vehicles,9,18,204100,336900
Tripura,2010,Motor Vehicles - Others - Property,4.3 Motor Vehicles - Other Motor Vehicles,0,0,0,0
Uttar Pradesh,2010,Motor Vehicles - Others - Property,4.3 Motor Vehicles - Other Motor Vehicles,8,18,820000,1102000
Uttarakhand,2010,Motor Vehicles - Others - Property,4.3 Motor Vehicles - Other Motor Vehicles,0,0,0,0
West Bengal,2010,Motor Vehicles - Others - Property,4.3 Motor Vehicles - Other Motor Vehicles,7,89,247527,4387960
Andaman & Nicobar Islands,2001,Motor Vehicles - Property,4. Motor Vehicles,0,0,0,0
Andhra Pradesh,2001,Motor Vehicles - Property,4. Motor Vehicles,0,3,0,20000
Arunachal Pradesh,2001,Motor Vehicles - Property,4. Motor Vehicles,1,1,650,650
Assam,2001,Motor Vehicles - Property,4. Motor Vehicles,0,0,0,0
Bihar,2001,Motor Vehicles - Property,4. Motor Vehicles,0,0,0,0
Chandigarh,2001,Motor Vehicles - Property,4. Motor Vehicles,0,0,0,0
Chhattisgarh,2001,Motor Vehicles - Property,4. Motor Vehicles,3,3,7500,7500
Dadra & Nagar Haveli,2001,Motor Vehicles - Property,4. Motor Vehicles,0,0,0,0
Daman & Diu,2001,Motor Vehicles - Property,4. Motor Vehicles,0,0,0,0
Delhi,2001,Motor Vehicles - Property,4. Motor Vehicles,0,0,0,0
Goa,2001,Motor Vehicles - Property,4. Motor Vehicles,0,0,0,0
Gujarat,2001,Motor Vehicles - Property,4. Motor Vehicles,7,18,145170,595000
Haryana,2001,Motor Vehicles - Property,4. Motor Vehicles,0,0,0,0
Himachal Pradesh,2001,Motor Vehicles - Property,4. Motor Vehicles,0,0,0,0
Jammu & Kashmir,2001,Motor Vehicles - Property,4. Motor Vehicles,0,0,0,0
Jharkhand,2001,Motor Vehicles - Property,4. Motor Vehicles,0,0,0,0
Karnataka,2001,Motor Vehicles - Property,4. Motor Vehicles,10,11,63180,99680
Kerala,2001,Motor Vehicles - Property,4. Motor Vehicles,0,0,0,0
Lakshadweep,2001,Motor Vehicles - Property,4. Motor Vehicles,0,0,0,0
Madhya Pradesh,2001,Motor Vehicles - Property,4. Motor Vehicles,7,7,7490,64910
Maharashtra,2001,Motor Vehicles - Property,4. Motor Vehicles,1,1,26280,121300
Manipur,2001,Motor Vehicles - Property,4. Motor Vehicles,0,1,0,30375
Meghalaya,2001,Motor Vehicles - Property,4. Motor Vehicles,0,4,0,20000
Mizoram,2001,Motor Vehicles - Property,4. Motor Vehicles,0,0,0,0
Nagaland,2001,Motor Vehicles - Property,4. Motor Vehicles,0,0,0,0
Odisha,2001,Motor Vehicles - Property,4. Motor Vehicles,0,0,0,0
Puducherry,2001,Motor Vehicles - Property,4. Motor Vehicles,0,0,0,0
Punjab,2001,Motor Vehicles - Property,4. Motor Vehicles,0,0,0,0
Rajasthan,2001,Motor Vehicles - Property,4. Motor Vehicles,0,1,0,50000
Sikkim,2001,Motor Vehicles - Property,4. Motor Vehicles,0,0,0,0
Tamil Nadu,2001,Motor Vehicles - Property,4. Motor Vehicles,0,0,0,0
Tripura,2001,Motor Vehicles - Property,4. Motor Vehicles,0,0,0,0
Uttar Pradesh,2001,Motor Vehicles - Property,4. Motor Vehicles,0,0,0,0
Uttarakhand,2001,Motor Vehicles - Property,4. Motor Vehicles,0,0,0,0
West Bengal,2001,Motor Vehicles - Property,4. Motor Vehicles,1,1,16911,80000
Andaman & Nicobar Islands,2002,Motor Vehicles - Property,4. Motor Vehicles,0,0,0,0
Andhra Pradesh,2002,Motor Vehicles - Property,4. Motor Vehicles,1,1,37000,37000
Arunachal Pradesh,2002,Motor Vehicles - Property,4. Motor Vehicles,1,1,12000,12000
Assam,2002,Motor Vehicles - Property,4. Motor Vehicles,2,7,9000,151920
Bihar,2002,Motor Vehicles - Property,4. Motor Vehicles,0,1,0,1200
Chandigarh,2002,Motor Vehicles - Property,4. Motor Vehicles,0,0,0,0
Chhattisgarh,2002,Motor Vehicles - Property,4. Motor Vehicles,0,0,0,0
Dadra & Nagar Haveli,2002,Motor Vehicles - Property,4. Motor Vehicles,0,0,0,0
Daman & Diu,2002,Motor Vehicles - Property,4. Motor Vehicles,0,0,0,0
Delhi,2002,Motor Vehicles - Property,4. Motor Vehicles,0,1,0,2000
Goa,2002,Motor Vehicles - Property,4. Motor Vehicles,0,0,0,0
Gujarat,2002,Motor Vehicles - Property,4. Motor Vehicles,0,0,0,0
Haryana,2002,Motor Vehicles - Property,4. Motor Vehicles,0,0,0,0
Himachal Pradesh,2002,Motor Vehicles - Property,4. Motor Vehicles,0,0,0,0
Jammu & Kashmir,2002,Motor Vehicles - Property,4. Motor Vehicles,0,0,0,0
Jharkhand,2002,Motor Vehicles - Property,4. Motor Vehicles,16,57,255000,270000
Karnataka,2002,Motor Vehicles - Property,4. Motor Vehicles,0,0,0,0
Kerala,2002,Motor Vehicles - Property,4. Motor Vehicles,0,0,0,0
Lakshadweep,2002,Motor Vehicles - Property,4. Motor Vehicles,0,0,0,0
Madhya Pradesh,2002,Motor Vehicles - Property,4. Motor Vehicles,0,0,0,0
Maharashtra,2002,Motor Vehicles - Property,4. Motor Vehicles,1,1,3530,3950
Manipur,2002,Motor Vehicles - Property,4. Motor Vehicles,0,0,0,0
Meghalaya,2002,Motor Vehicles - Property,4. Motor Vehicles,0,0,0,0
Mizoram,2002,Motor Vehicles - Property,4. Motor Vehicles,0,0,0,0
Nagaland,2002,Motor Vehicles - Property,4. Motor Vehicles,0,0,0,0
Odisha,2002,Motor Vehicles - Property,4. Motor Vehicles,0,0,0,0
Puducherry,2002,Motor Vehicles - Property,4. Motor Vehicles,0,0,0,0
Punjab,2002,Motor Vehicles - Property,4. Motor Vehicles,0,0,0,0
Rajasthan,2002,Motor Vehicles - Property,4. Motor Vehicles,1,1,15000,15000
Sikkim,2002,Motor Vehicles - Property,4. Motor Vehicles,0,0,0,0
Tamil Nadu,2002,Motor Vehicles - Property,4. Motor Vehicles,0,0,0,0
Tripura,2002,Motor Vehicles - Property,4. Motor Vehicles,0,0,0,0
Uttar Pradesh,2002,Motor Vehicles - Property,4. Motor Vehicles,0,0,0,0
Uttarakhand,2002,Motor Vehicles - Property,4. Motor Vehicles,0,0,0,0
West Bengal,2002,Motor Vehicles - Property,4. Motor Vehicles,2,4,20000,40000
Andaman & Nicobar Islands,2003,Motor Vehicles - Property,4. Motor Vehicles,0,0,0,0
Andhra Pradesh,2003,Motor Vehicles - Property,4. Motor Vehicles,1,1,61202,65000
Arunachal Pradesh,2003,Motor Vehicles - Property,4. Motor Vehicles,18,46,639621,3230961
Assam,2003,Motor Vehicles - Property,4. Motor Vehicles,23,103,13800,171700
Bihar,2003,Motor Vehicles - Property,4. Motor Vehicles,1,5,11400,38625
Chandigarh,2003,Motor Vehicles - Property,4. Motor Vehicles,0,0,0,0
Chhattisgarh,2003,Motor Vehicles - Property,4. Motor Vehicles,1,2,1056,30000
Dadra & Nagar Haveli,2003,Motor Vehicles - Property,4. Motor Vehicles,0,0,0,0
Daman & Diu,2003,Motor Vehicles - Property,4. Motor Vehicles,0,0,0,0
Delhi,2003,Motor Vehicles - Property,4. Motor Vehicles,0,0,0,0
Goa,2003,Motor Vehicles - Property,4. Motor Vehicles,0,0,0,0
Gujarat,2003,Motor Vehicles - Property,4. Motor Vehicles,0,0,0,0
Haryana,2003,Motor Vehicles - Property,4. Motor Vehicles,0,0,0,0
Himachal Pradesh,2003,Motor Vehicles - Property,4. Motor Vehicles,0,0,0,0
Jammu & Kashmir,2003,Motor Vehicles - Property,4. Motor Vehicles,0,0,0,0
Jharkhand,2003,Motor Vehicles - Property,4. Motor Vehicles,15,56,15000,105000
Karnataka,2003,Motor Vehicles - Property,4. Motor Vehicles,0,0,0,0
Kerala,2003,Motor Vehicles - Property,4. Motor Vehicles,0,0,0,0
Lakshadweep,2003,Motor Vehicles - Property,4. Motor Vehicles,0,0,0,0
Madhya Pradesh,2003,Motor Vehicles - Property,4. Motor Vehicles,0,0,0,0
Maharashtra,2003,Motor Vehicles - Property,4. Motor Vehicles,1,2,1950,2996
Manipur,2003,Motor Vehicles - Property,4. Motor Vehicles,0,0,0,0
Meghalaya,2003,Motor Vehicles - Property,4. Motor Vehicles,0,0,0,0
Mizoram,2003,Motor Vehicles - Property,4. Motor Vehicles,4,7,16900,73850
Nagaland,2003,Motor Vehicles - Property,4. Motor Vehicles,0,1,0,1750
Odisha,2003,Motor Vehicles - Property,4. Motor Vehicles,2,2,105200,105200
Puducherry,2003,Motor Vehicles - Property,4. Motor Vehicles,0,0,0,0
Punjab,2003,Motor Vehicles - Property,4. Motor Vehicles,0,0,0,0
Rajasthan,2003,Motor Vehicles - Property,4. Motor Vehicles,0,0,0,0
Sikkim,2003,Motor Vehicles - Property,4. Motor Vehicles,0,1,0,5000
Tamil Nadu,2003,Motor Vehicles - Property,4. Motor Vehicles,0,0,0,0
Tripura,2003,Motor Vehicles - Property,4. Motor Vehicles,0,0,0,0
Uttar Pradesh,2003,Motor Vehicles - Property,4. Motor Vehicles,0,1,0,24000
Uttarakhand,2003,Motor Vehicles - Property,4. Motor Vehicles,0,0,0,0
West Bengal,2003,Motor Vehicles - Property,4. Motor Vehicles,1,1,22800,22800
Andaman & Nicobar Islands,2004,Motor Vehicles - Property,4. Motor Vehicles,0,0,0,0
Andhra Pradesh,2004,Motor Vehicles - Property,4. Motor Vehicles,0,0,0,0
Arunachal Pradesh,2004,Motor Vehicles - Property,4. Motor Vehicles,0,0,0,0
Assam,2004,Motor Vehicles - Property,4. Motor Vehicles,0,0,0,0
Bihar,2004,Motor Vehicles - Property,4. Motor Vehicles,0,0,0,0
Chandigarh,2004,Motor Vehicles - Property,4. Motor Vehicles,0,0,0,0
Chhattisgarh,2004,Motor Vehicles - Property,4. Motor Vehicles,1,6,500,1900
Dadra & Nagar Haveli,2004,Motor Vehicles - Property,4. Motor Vehicles,0,0,0,0
Daman & Diu,2004,Motor Vehicles - Property,4. Motor Vehicles,0,0,0,0
Delhi,2004,Motor Vehicles - Property,4. Motor Vehicles,0,56,0,0
Goa,2004,Motor Vehicles - Property,4. Motor Vehicles,0,0,0,0
Gujarat,2004,Motor Vehicles - Property,4. Motor Vehicles,0,1,0,26688
Haryana,2004,Motor Vehicles - Property,4. Motor Vehicles,0,0,0,0
Himachal Pradesh,2004,Motor Vehicles - Property,4. Motor Vehicles,0,0,0,0
Jammu & Kashmir,2004,Motor Vehicles - Property,4. Motor Vehicles,0,0,0,0
Jharkhand,2004,Motor Vehicles - Property,4. Motor Vehicles,16,57,255000,270000
Karnataka,2004,Motor Vehicles - Property,4. Motor Vehicles,31,70,686235,1058584
Kerala,2004,Motor Vehicles - Property,4. Motor Vehicles,20,50,237572,1711474
Lakshadweep,2004,Motor Vehicles - Property,4. Motor Vehicles,0,0,0,0
Madhya Pradesh,2004,Motor Vehicles - Property,4. Motor Vehicles,1,1,68000,146500
Maharashtra,2004,Motor Vehicles - Property,4. Motor Vehicles,0,2,0,15015
Manipur,2004,Motor Vehicles - Property,4. Motor Vehicles,0,0,0,0
Meghalaya,2004,Motor Vehicles - Property,4. Motor Vehicles,0,0,0,0
Mizoram,2004,Motor Vehicles - Property,4. Motor Vehicles,0,0,0,0
Nagaland,2004,Motor Vehicles - Property,4. Motor Vehicles,2,2,500,510
Odisha,2004,Motor Vehicles - Property,4. Motor Vehicles,0,0,0,0
Puducherry,2004,Motor Vehicles - Property,4. Motor Vehicles,0,0,0,0
Punjab,2004,Motor Vehicles - Property,4. Motor Vehicles,0,0,0,0
Rajasthan,2004,Motor Vehicles - Property,4. Motor Vehicles,0,0,0,0
Sikkim,2004,Motor Vehicles - Property,4. Motor Vehicles,0,0,0,0
Tamil Nadu,2004,Motor Vehicles - Property,4. Motor Vehicles,0,0,0,0
Tripura,2004,Motor Vehicles - Property,4. Motor Vehicles,0,0,0,0
Uttar Pradesh,2004,Motor Vehicles - Property,4. Motor Vehicles,0,0,0,0
Uttarakhand,2004,Motor Vehicles - Property,4. Motor Vehicles,0,0,0,0
West Bengal,2004,Motor Vehicles - Property,4. Motor Vehicles,0,0,0,0
Andaman & Nicobar Islands,2005,Motor Vehicles - Property,4. Motor Vehicles,0,1,0,3000
Andhra Pradesh,2005,Motor Vehicles - Property,4. Motor Vehicles,0,0,0,0
Arunachal Pradesh,2005,Motor Vehicles - Property,4. Motor Vehicles,0,0,0,0
Assam,2005,Motor Vehicles - Property,4. Motor Vehicles,0,0,0,0
Bihar,2005,Motor Vehicles - Property,4. Motor Vehicles,0,0,0,0
Chandigarh,2005,Motor Vehicles - Property,4. Motor Vehicles,0,0,0,0
Chhattisgarh,2005,Motor Vehicles - Property,4. Motor Vehicles,1,4,500,5000
Dadra & Nagar Haveli,2005,Motor Vehicles - Property,4. Motor Vehicles,0,0,0,0
Daman & Diu,2005,Motor Vehicles - Property,4. Motor Vehicles,0,0,0,0
Delhi,2005,Motor Vehicles - Property,4. Motor Vehicles,0,60,0,0
Goa,2005,Motor Vehicles - Property,4. Motor Vehicles,0,0,0,0
Gujarat,2005,Motor Vehicles - Property,4. Motor Vehicles,0,0,0,0
Haryana,2005,Motor Vehicles - Property,4. Motor Vehicles,0,0,0,0
Himachal Pradesh,2005,Motor Vehicles - Property,4. Motor Vehicles,0,0,0,0
Jammu & Kashmir,2005,Motor Vehicles - Property,4. Motor Vehicles,0,0,0,0
Jharkhand,2005,Motor Vehicles - Property,4. Motor Vehicles,26,68,505200,607662
Karnataka,2005,Motor Vehicles - Property,4. Motor Vehicles,8,10,4216014,917606
Kerala,2005,Motor Vehicles - Property,4. Motor Vehicles,0,0,0,0
Lakshadweep,2005,Motor Vehicles - Property,4. Motor Vehicles,0,0,0,0
Madhya Pradesh,2005,Motor Vehicles - Property,4. Motor Vehicles,0,0,0,0
Maharashtra,2005,Motor Vehicles - Property,4. Motor Vehicles,0,3,0,18048
Manipur,2005,Motor Vehicles - Property,4. Motor Vehicles,0,0,0,0
Meghalaya,2005,Motor Vehicles - Property,4. Motor Vehicles,0,0,0,0
Mizoram,2005,Motor Vehicles - Property,4. Motor Vehicles,0,0,0,0
Nagaland,2005,Motor Vehicles - Property,4. Motor Vehicles,0,0,0,0
Odisha,2005,Motor Vehicles - Property,4. Motor Vehicles,0,3,0,26072
Puducherry,2005,Motor Vehicles - Property,4. Motor Vehicles,0,0,0,0
Punjab,2005,Motor Vehicles - Property,4. Motor Vehicles,0,0,0,0
Rajasthan,2005,Motor Vehicles - Property,4. Motor Vehicles,0,0,0,0
Sikkim,2005,Motor Vehicles - Property,4. Motor Vehicles,0,0,0,0
Tamil Nadu,2005,Motor Vehicles - Property,4. Motor Vehicles,0,0,0,0
Tripura,2005,Motor Vehicles - Property,4. Motor Vehicles,0,0,0,0
Uttar Pradesh,2005,Motor Vehicles - Property,4. Motor Vehicles,0,0,0,0
Uttarakhand,2005,Motor Vehicles - Property,4. Motor Vehicles,0,0,0,0
West Bengal,2005,Motor Vehicles - Property,4. Motor Vehicles,0,0,0,0
Andaman & Nicobar Islands,2006,Motor Vehicles - Property,4. Motor Vehicles,0,0,0,0
Andhra Pradesh,2006,Motor Vehicles - Property,4. Motor Vehicles,0,0,0,0
Arunachal Pradesh,2006,Motor Vehicles - Property,4. Motor Vehicles,0,0,0,0
Assam,2006,Motor Vehicles - Property,4. Motor Vehicles,0,0,0,0
Bihar,2006,Motor Vehicles - Property,4. Motor Vehicles,0,0,0,0
Chandigarh,2006,Motor Vehicles - Property,4. Motor Vehicles,0,0,0,0
Chhattisgarh,2006,Motor Vehicles - Property,4. Motor Vehicles,0,1,0,0
Dadra & Nagar Haveli,2006,Motor Vehicles - Property,4. Motor Vehicles,0,0,0,0
Daman & Diu,2006,Motor Vehicles - Property,4. Motor Vehicles,0,0,0,0
Delhi,2006,Motor Vehicles - Property,4. Motor Vehicles,43,44,0,0
Goa,2006,Motor Vehicles - Property,4. Motor Vehicles,0,0,0,0
Gujarat,2006,Motor Vehicles - Property,4. Motor Vehicles,0,0,0,0
Haryana,2006,Motor Vehicles - Property,4. Motor Vehicles,0,0,0,0
Himachal Pradesh,2006,Motor Vehicles - Property,4. Motor Vehicles,0,0,0,0
Jammu & Kashmir,2006,Motor Vehicles - Property,4. Motor Vehicles,0,0,0,0
Jharkhand,2006,Motor Vehicles - Property,4. Motor Vehicles,0,118,0,2024921
Karnataka,2006,Motor Vehicles - Property,4. Motor Vehicles,1,1,8000,8000
Kerala,2006,Motor Vehicles - Property,4. Motor Vehicles,0,0,0,0
Lakshadweep,2006,Motor Vehicles - Property,4. Motor Vehicles,0,0,0,0
Madhya Pradesh,2006,Motor Vehicles - Property,4. Motor Vehicles,0,0,0,0
Maharashtra,2006,Motor Vehicles - Property,4. Motor Vehicles,0,0,0,0
Manipur,2006,Motor Vehicles - Property,4. Motor Vehicles,0,0,0,0
Meghalaya,2006,Motor Vehicles - Property,4. Motor Vehicles,0,0,0,0
Mizoram,2006,Motor Vehicles - Property,4. Motor Vehicles,0,0,0,0
Nagaland,2006,Motor Vehicles - Property,4. Motor Vehicles,0,0,0,0
Odisha,2006,Motor Vehicles - Property,4. Motor Vehicles,3,3,153500,203500
Puducherry,2006,Motor Vehicles - Property,4. Motor Vehicles,0,0,0,0
Punjab,2006,Motor Vehicles - Property,4. Motor Vehicles,0,0,0,0
Rajasthan,2006,Motor Vehicles - Property,4. Motor Vehicles,0,0,0,0
Sikkim,2006,Motor Vehicles - Property,4. Motor Vehicles,0,0,0,0
Tamil Nadu,2006,Motor Vehicles - Property,4. Motor Vehicles,0,0,0,0
Tripura,2006,Motor Vehicles - Property,4. Motor Vehicles,0,0,0,0
Uttar Pradesh,2006,Motor Vehicles - Property,4. Motor Vehicles,0,0,0,0
Uttarakhand,2006,Motor Vehicles - Property,4. Motor Vehicles,0,0,0,0
West Bengal,2006,Motor Vehicles - Property,4. Motor Vehicles,0,3,0,45600
Andaman & Nicobar Islands,2007,Motor Vehicles - Property,4. Motor Vehicles,0,0,0,0
Andhra Pradesh,2007,Motor Vehicles - Property,4. Motor Vehicles,0,0,0,0
Arunachal Pradesh,2007,Motor Vehicles - Property,4. Motor Vehicles,0,0,0,0
Assam,2007,Motor Vehicles - Property,4. Motor Vehicles,0,0,0,0
Bihar,2007,Motor Vehicles - Property,4. Motor Vehicles,0,0,0,0
Chandigarh,2007,Motor Vehicles - Property,4. Motor Vehicles,0,0,0,0
Chhattisgarh,2007,Motor Vehicles - Property,4. Motor Vehicles,1,4,3400,11200
Dadra & Nagar Haveli,2007,Motor Vehicles - Property,4. Motor Vehicles,0,0,0,0
Daman & Diu,2007,Motor Vehicles - Property,4. Motor Vehicles,0,0,0,0
Delhi,2007,Motor Vehicles - Property,4. Motor Vehicles,0,0,0,0
Goa,2007,Motor Vehicles - Property,4. Motor Vehicles,0,0,0,0
Gujarat,2007,Motor Vehicles - Property,4. Motor Vehicles,0,0,0,0
Haryana,2007,Motor Vehicles - Property,4. Motor Vehicles,0,0,0,0
Himachal Pradesh,2007,Motor Vehicles - Property,4. Motor Vehicles,0,0,0,0
Jammu & Kashmir,2007,Motor Vehicles - Property,4. Motor Vehicles,0,0,0,0
Jharkhand,2007,Motor Vehicles - Property,4. Motor Vehicles,0,1,0,750
Karnataka,2007,Motor Vehicles - Property,4. Motor Vehicles,0,0,0,0
Kerala,2007,Motor Vehicles - Property,4. Motor Vehicles,9,18,151300,405301
Lakshadweep,2007,Motor Vehicles - Property,4. Motor Vehicles,0,0,0,0
Madhya Pradesh,2007,Motor Vehicles - Property,4. Motor Vehicles,5,9,130948,256748
Maharashtra,2007,Motor Vehicles - Property,4. Motor Vehicles,0,0,0,0
Manipur,2007,Motor Vehicles - Property,4. Motor Vehicles,0,0,0,0
Meghalaya,2007,Motor Vehicles - Property,4. Motor Vehicles,1,2,12250,12250
Mizoram,2007,Motor Vehicles - Property,4. Motor Vehicles,0,1,0,50
Nagaland,2007,Motor Vehicles - Property,4. Motor Vehicles,0,0,0,0
Odisha,2007,Motor Vehicles - Property,4. Motor Vehicles,2,4,27700,60500
Puducherry,2007,Motor Vehicles - Property,4. Motor Vehicles,0,0,0,0
Punjab,2007,Motor Vehicles - Property,4. Motor Vehicles,0,0,0,0
Rajasthan,2007,Motor Vehicles - Property,4. Motor Vehicles,0,0,0,0
Sikkim,2007,Motor Vehicles - Property,4. Motor Vehicles,0,0,0,0
Tamil Nadu,2007,Motor Vehicles - Property,4. Motor Vehicles,0,0,0,0
Tripura,2007,Motor Vehicles - Property,4. Motor Vehicles,0,0,0,0
Uttar Pradesh,2007,Motor Vehicles - Property,4. Motor Vehicles,0,0,0,0
Uttarakhand,2007,Motor Vehicles - Property,4. Motor Vehicles,0,0,0,0
West Bengal,2007,Motor Vehicles - Property,4. Motor Vehicles,2,5,10000,60000
Andaman & Nicobar Islands,2008,Motor Vehicles - Property,4. Motor Vehicles,0,0,0,0
Andhra Pradesh,2008,Motor Vehicles - Property,4. Motor Vehicles,1,1,27000,27000
Arunachal Pradesh,2008,Motor Vehicles - Property,4. Motor Vehicles,0,0,0,0
Assam,2008,Motor Vehicles - Property,4. Motor Vehicles,0,0,0,0
Bihar,2008,Motor Vehicles - Property,4. Motor Vehicles,0,0,0,0
Chandigarh,2008,Motor Vehicles - Property,4. Motor Vehicles,0,0,0,0
Chhattisgarh,2008,Motor Vehicles - Property,4. Motor Vehicles,0,0,0,0
Dadra & Nagar Haveli,2008,Motor Vehicles - Property,4. Motor Vehicles,0,0,0,0
Daman & Diu,2008,Motor Vehicles - Property,4. Motor Vehicles,0,0,0,0
Delhi,2008,Motor Vehicles - Property,4. Motor Vehicles,0,0,0,0
Goa,2008,Motor Vehicles - Property,4. Motor Vehicles,0,0,0,0
Gujarat,2008,Motor Vehicles - Property,4. Motor Vehicles,0,0,0,0
Haryana,2008,Motor Vehicles - Property,4. Motor Vehicles,0,0,0,0
Himachal Pradesh,2008,Motor Vehicles - Property,4. Motor Vehicles,0,0,0,0
Jammu & Kashmir,2008,Motor Vehicles - Property,4. Motor Vehicles,0,0,0,0
Jharkhand,2008,Motor Vehicles - Property,4. Motor Vehicles,0,0,0,0
Karnataka,2008,Motor Vehicles - Property,4. Motor Vehicles,1,2,40000,50000
Kerala,2008,Motor Vehicles - Property,4. Motor Vehicles,0,0,0,0
Lakshadweep,2008,Motor Vehicles - Property,4. Motor Vehicles,0,0,0,0
Madhya Pradesh,2008,Motor Vehicles - Property,4. Motor Vehicles,5,7,51701,62602
Maharashtra,2008,Motor Vehicles - Property,4. Motor Vehicles,1,4,4000,106450
Manipur,2008,Motor Vehicles - Property,4. Motor Vehicles,0,0,0,0
Meghalaya,2008,Motor Vehicles - Property,4. Motor Vehicles,0,1,0,80000
Mizoram,2008,Motor Vehicles - Property,4. Motor Vehicles,1,2,7000,20004
Nagaland,2008,Motor Vehicles - Property,4. Motor Vehicles,0,0,0,0
Odisha,2008,Motor Vehicles - Property,4. Motor Vehicles,0,0,0,0
Puducherry,2008,Motor Vehicles - Property,4. Motor Vehicles,0,0,0,0
Punjab,2008,Motor Vehicles - Property,4. Motor Vehicles,0,0,0,0
Rajasthan,2008,Motor Vehicles - Property,4. Motor Vehicles,0,2,0,900
Sikkim,2008,Motor Vehicles - Property,4. Motor Vehicles,0,0,0,0
Tamil Nadu,2008,Motor Vehicles - Property,4. Motor Vehicles,75,76,311662,377162
Tripura,2008,Motor Vehicles - Property,4. Motor Vehicles,0,0,0,0
Uttar Pradesh,2008,Motor Vehicles - Property,4. Motor Vehicles,0,0,0,0
Uttarakhand,2008,Motor Vehicles - Property,4. Motor Vehicles,0,0,0,0
West Bengal,2008,Motor Vehicles - Property,4. Motor Vehicles,0,0,0,0
Andaman & Nicobar Islands,2009,Motor Vehicles - Property,4. Motor Vehicles,0,0,0,0
Andhra Pradesh,2009,Motor Vehicles - Property,4. Motor Vehicles,36,51,1402000,2502000
Arunachal Pradesh,2009,Motor Vehicles - Property,4. Motor Vehicles,0,0,0,0
Assam,2009,Motor Vehicles - Property,4. Motor Vehicles,0,0,0,0
Bihar,2009,Motor Vehicles - Property,4. Motor Vehicles,3,11,22290,85000
Chandigarh,2009,Motor Vehicles - Property,4. Motor Vehicles,0,0,0,0
Chhattisgarh,2009,Motor Vehicles - Property,4. Motor Vehicles,6,24,257823,788603
Dadra & Nagar Haveli,2009,Motor Vehicles - Property,4. Motor Vehicles,0,0,0,0
Daman & Diu,2009,Motor Vehicles - Property,4. Motor Vehicles,0,0,0,0
Delhi,2009,Motor Vehicles - Property,4. Motor Vehicles,1,1,3000,3000
Goa,2009,Motor Vehicles - Property,4. Motor Vehicles,0,0,0,0
Gujarat,2009,Motor Vehicles - Property,4. Motor Vehicles,0,0,0,0
Haryana,2009,Motor Vehicles - Property,4. Motor Vehicles,0,0,0,0
Himachal Pradesh,2009,Motor Vehicles - Property,4. Motor Vehicles,0,0,0,0
Jammu & Kashmir,2009,Motor Vehicles - Property,4. Motor Vehicles,0,0,0,0
Jharkhand,2009,Motor Vehicles - Property,4. Motor Vehicles,0,0,0,0
Karnataka,2009,Motor Vehicles - Property,4. Motor Vehicles,6,13,228518,828052
Kerala,2009,Motor Vehicles - Property,4. Motor Vehicles,0,0,0,0
Lakshadweep,2009,Motor Vehicles - Property,4. Motor Vehicles,0,0,0,0
Madhya Pradesh,2009,Motor Vehicles - Property,4. Motor Vehicles,18,57,173584,1499360
Maharashtra,2009,Motor Vehicles - Property,4. Motor Vehicles,0,0,0,0
Manipur,2009,Motor Vehicles - Property,4. Motor Vehicles,0,0,0,0
Meghalaya,2009,Motor Vehicles - Property,4. Motor Vehicles,0,0,0,0
Mizoram,2009,Motor Vehicles - Property,4. Motor Vehicles,0,0,0,0
Nagaland,2009,Motor Vehicles - Property,4. Motor Vehicles,0,1,0,1500
Odisha,2009,Motor Vehicles - Property,4. Motor Vehicles,1,3,1750,5900
Puducherry,2009,Motor Vehicles - Property,4. Motor Vehicles,0,0,0,0
Punjab,2009,Motor Vehicles - Property,4. Motor Vehicles,0,0,0,0
Rajasthan,2009,Motor Vehicles - Property,4. Motor Vehicles,0,0,0,0
Sikkim,2009,Motor Vehicles - Property,4. Motor Vehicles,0,0,0,0
Tamil Nadu,2009,Motor Vehicles - Property,4. Motor Vehicles,0,0,0,0
Tripura,2009,Motor Vehicles - Property,4. Motor Vehicles,0,0,0,0
Uttar Pradesh,2009,Motor Vehicles - Property,4. Motor Vehicles,0,0,0,0
Uttarakhand,2009,Motor Vehicles - Property,4. Motor Vehicles,1,1,4560,4560
West Bengal,2009,Motor Vehicles - Property,4. Motor Vehicles,0,0,0,0
Andaman & Nicobar Islands,2010,Motor Vehicles - Property,4. Motor Vehicles,0,0,0,0
Andhra Pradesh,2010,Motor Vehicles - Property,4. Motor Vehicles,5,20,1000000,5000000
Arunachal Pradesh,2010,Motor Vehicles - Property,4. Motor Vehicles,0,0,0,0
Assam,2010,Motor Vehicles - Property,4. Motor Vehicles,0,0,0,0
Bihar,2010,Motor Vehicles - Property,4. Motor Vehicles,0,2,0,100000
Chandigarh,2010,Motor Vehicles - Property,4. Motor Vehicles,0,0,0,0
Chhattisgarh,2010,Motor Vehicles - Property,4. Motor Vehicles,0,3,0,12500
Dadra & Nagar Haveli,2010,Motor Vehicles - Property,4. Motor Vehicles,0,0,0,0
Daman & Diu,2010,Motor Vehicles - Property,4. Motor Vehicles,0,0,0,0
Delhi,2010,Motor Vehicles - Property,4. Motor Vehicles,0,1,0,50000
Goa,2010,Motor Vehicles - Property,4. Motor Vehicles,0,0,0,0
Gujarat,2010,Motor Vehicles - Property,4. Motor Vehicles,0,0,0,0
Haryana,2010,Motor Vehicles - Property,4. Motor Vehicles,0,0,0,0
Himachal Pradesh,2010,Motor Vehicles - Property,4. Motor Vehicles,0,1,0,17500
Jammu & Kashmir,2010,Motor Vehicles - Property,4. Motor Vehicles,0,0,0,0
Jharkhand,2010,Motor Vehicles - Property,4. Motor Vehicles,11,25,12000,27000
Karnataka,2010,Motor Vehicles - Property,4. Motor Vehicles,0,0,0,0
Kerala,2010,Motor Vehicles - Property,4. Motor Vehicles,0,1,0,6500
Lakshadweep,2010,Motor Vehicles - Property,4. Motor Vehicles,0,0,0,0
Madhya Pradesh,2010,Motor Vehicles - Property,4. Motor Vehicles,2,5,26000,37000
Maharashtra,2010,Motor Vehicles - Property,4. Motor Vehicles,0,1,0,20000
Manipur,2010,Motor Vehicles - Property,4. Motor Vehicles,0,2,0,56900
Meghalaya,2010,Motor Vehicles - Property,4. Motor Vehicles,0,5,0,205019
Mizoram,2010,Motor Vehicles - Property,4. Motor Vehicles,1,1,4000,4000
Nagaland,2010,Motor Vehicles - Property,4. Motor Vehicles,0,4,0,484300
Odisha,2010,Motor Vehicles - Property,4. Motor Vehicles,0,19,0,207500
Puducherry,2010,Motor Vehicles - Property,4. Motor Vehicles,0,0,0,0
Punjab,2010,Motor Vehicles - Property,4. Motor Vehicles,0,0,0,0
Rajasthan,2010,Motor Vehicles - Property,4. Motor Vehicles,0,0,0,0
Sikkim,2010,Motor Vehicles - Property,4. Motor Vehicles,0,0,0,0
Tamil Nadu,2010,Motor Vehicles - Property,4. Motor Vehicles,0,0,0,0
Tripura,2010,Motor Vehicles - Property,4. Motor Vehicles,0,0,0,0
Uttar Pradesh,2010,Motor Vehicles - Property,4. Motor Vehicles,0,0,0,0
Uttarakhand,2010,Motor Vehicles - Property,4. Motor Vehicles,0,0,0,0
West Bengal,2010,Motor Vehicles - Property,4. Motor Vehicles,0,1,0,20000
Andaman & Nicobar Islands,2001,"Motor Vehicles -	Motor Cycles/Scooters - Property",4.1 Motor Vehicles - Motor Cycle/Scooters,0,0,0,0
Andhra Pradesh,2001,"Motor Vehicles -	Motor Cycles/Scooters - Property",4.1 Motor Vehicles - Motor Cycle/Scooters,1,1,100000,100000
Arunachal Pradesh,2001,"Motor Vehicles -	Motor Cycles/Scooters - Property",4.1 Motor Vehicles - Motor Cycle/Scooters,2,4,58500,288500
Assam,2001,"Motor Vehicles -	Motor Cycles/Scooters - Property",4.1 Motor Vehicles - Motor Cycle/Scooters,3,10,144000,186795
Bihar,2001,"Motor Vehicles -	Motor Cycles/Scooters - Property",4.1 Motor Vehicles - Motor Cycle/Scooters,9,22,321700,659195
Chandigarh,2001,"Motor Vehicles -	Motor Cycles/Scooters - Property",4.1 Motor Vehicles - Motor Cycle/Scooters,0,1,0,50000
Chhattisgarh,2001,"Motor Vehicles -	Motor Cycles/Scooters - Property",4.1 Motor Vehicles - Motor Cycle/Scooters,0,3,0,4000
Dadra & Nagar Haveli,2001,"Motor Vehicles -	Motor Cycles/Scooters - Property",4.1 Motor Vehicles - Motor Cycle/Scooters,0,0,0,0
Daman & Diu,2001,"Motor Vehicles -	Motor Cycles/Scooters - Property",4.1 Motor Vehicles - Motor Cycle/Scooters,0,0,0,0
Delhi,2001,"Motor Vehicles -	Motor Cycles/Scooters - Property",4.1 Motor Vehicles - Motor Cycle/Scooters,2,20,100000,1039000
Goa,2001,"Motor Vehicles -	Motor Cycles/Scooters - Property",4.1 Motor Vehicles - Motor Cycle/Scooters,0,1,0,40000
Gujarat,2001,"Motor Vehicles -	Motor Cycles/Scooters - Property",4.1 Motor Vehicles - Motor Cycle/Scooters,4,6,219800,456650
Haryana,2001,"Motor Vehicles -	Motor Cycles/Scooters - Property",4.1 Motor Vehicles - Motor Cycle/Scooters,5,13,96000,399600
Himachal Pradesh,2001,"Motor Vehicles -	Motor Cycles/Scooters - Property",4.1 Motor Vehicles - Motor Cycle/Scooters,1,3,11000,60000
Jammu & Kashmir,2001,"Motor Vehicles -	Motor Cycles/Scooters - Property",4.1 Motor Vehicles - Motor Cycle/Scooters,0,11,0,10000
Jharkhand,2001,"Motor Vehicles -	Motor Cycles/Scooters - Property",4.1 Motor Vehicles - Motor Cycle/Scooters,3,7,5000,1074900
Karnataka,2001,"Motor Vehicles -	Motor Cycles/Scooters - Property",4.1 Motor Vehicles - Motor Cycle/Scooters,38,52,1475206,1714706
Kerala,2001,"Motor Vehicles -	Motor Cycles/Scooters - Property",4.1 Motor Vehicles - Motor Cycle/Scooters,0,3,0,98500
Lakshadweep,2001,"Motor Vehicles -	Motor Cycles/Scooters - Property",4.1 Motor Vehicles - Motor Cycle/Scooters,0,0,0,0
Madhya Pradesh,2001,"Motor Vehicles -	Motor Cycles/Scooters - Property",4.1 Motor Vehicles - Motor Cycle/Scooters,27,76,1195584,1531244
Maharashtra,2001,"Motor Vehicles -	Motor Cycles/Scooters - Property",4.1 Motor Vehicles - Motor Cycle/Scooters,4,12,175300,716540
Manipur,2001,"Motor Vehicles -	Motor Cycles/Scooters - Property",4.1 Motor Vehicles - Motor Cycle/Scooters,0,6,0,508800
Meghalaya,2001,"Motor Vehicles -	Motor Cycles/Scooters - Property",4.1 Motor Vehicles - Motor Cycle/Scooters,7,14,58500,165500
Mizoram,2001,"Motor Vehicles -	Motor Cycles/Scooters - Property",4.1 Motor Vehicles - Motor Cycle/Scooters,2,8,88000,309000
Nagaland,2001,"Motor Vehicles -	Motor Cycles/Scooters - Property",4.1 Motor Vehicles - Motor Cycle/Scooters,2,6,210000,317370
Odisha,2001,"Motor Vehicles -	Motor Cycles/Scooters - Property",4.1 Motor Vehicles - Motor Cycle/Scooters,0,0,0,0
Puducherry,2001,"Motor Vehicles -	Motor Cycles/Scooters - Property",4.1 Motor Vehicles - Motor Cycle/Scooters,0,0,0,0
Punjab,2001,"Motor Vehicles -	Motor Cycles/Scooters - Property",4.1 Motor Vehicles - Motor Cycle/Scooters,4,17,55260,702888
Rajasthan,2001,"Motor Vehicles -	Motor Cycles/Scooters - Property",4.1 Motor Vehicles - Motor Cycle/Scooters,5,30,178938,309888
Sikkim,2001,"Motor Vehicles -	Motor Cycles/Scooters - Property",4.1 Motor Vehicles - Motor Cycle/Scooters,0,0,0,0
Tamil Nadu,2001,"Motor Vehicles -	Motor Cycles/Scooters - Property",4.1 Motor Vehicles - Motor Cycle/Scooters,9,16,54125,130025
Tripura,2001,"Motor Vehicles -	Motor Cycles/Scooters - Property",4.1 Motor Vehicles - Motor Cycle/Scooters,0,0,0,0
Uttar Pradesh,2001,"Motor Vehicles -	Motor Cycles/Scooters - Property",4.1 Motor Vehicles - Motor Cycle/Scooters,30,102,1356326,4276850
Uttarakhand,2001,"Motor Vehicles -	Motor Cycles/Scooters - Property",4.1 Motor Vehicles - Motor Cycle/Scooters,1,2,30000,38000
West Bengal,2001,"Motor Vehicles -	Motor Cycles/Scooters - Property",4.1 Motor Vehicles - Motor Cycle/Scooters,0,6,0,151530
Andaman & Nicobar Islands,2002,"Motor Vehicles -	Motor Cycles/Scooters - Property",4.1 Motor Vehicles - Motor Cycle/Scooters,0,2,0,32375
Andhra Pradesh,2002,"Motor Vehicles -	Motor Cycles/Scooters - Property",4.1 Motor Vehicles - Motor Cycle/Scooters,0,0,0,0
Arunachal Pradesh,2002,"Motor Vehicles -	Motor Cycles/Scooters - Property",4.1 Motor Vehicles - Motor Cycle/Scooters,1,3,65000,275000
Assam,2002,"Motor Vehicles -	Motor Cycles/Scooters - Property",4.1 Motor Vehicles - Motor Cycle/Scooters,3,6,105000,178000
Bihar,2002,"Motor Vehicles -	Motor Cycles/Scooters - Property",4.1 Motor Vehicles - Motor Cycle/Scooters,15,37,370845,819323
Chandigarh,2002,"Motor Vehicles -	Motor Cycles/Scooters - Property",4.1 Motor Vehicles - Motor Cycle/Scooters,0,2,0,205000
Chhattisgarh,2002,"Motor Vehicles -	Motor Cycles/Scooters - Property",4.1 Motor Vehicles - Motor Cycle/Scooters,2,13,10000,50350
Dadra & Nagar Haveli,2002,"Motor Vehicles -	Motor Cycles/Scooters - Property",4.1 Motor Vehicles - Motor Cycle/Scooters,0,0,0,0
Daman & Diu,2002,"Motor Vehicles -	Motor Cycles/Scooters - Property",4.1 Motor Vehicles - Motor Cycle/Scooters,0,0,0,0
Delhi,2002,"Motor Vehicles -	Motor Cycles/Scooters - Property",4.1 Motor Vehicles - Motor Cycle/Scooters,4,20,170000,851600
Goa,2002,"Motor Vehicles -	Motor Cycles/Scooters - Property",4.1 Motor Vehicles - Motor Cycle/Scooters,0,2,0,5000
Gujarat,2002,"Motor Vehicles -	Motor Cycles/Scooters - Property",4.1 Motor Vehicles - Motor Cycle/Scooters,4,10,109570,1134800
Haryana,2002,"Motor Vehicles -	Motor Cycles/Scooters - Property",4.1 Motor Vehicles - Motor Cycle/Scooters,4,12,382192,689192
Himachal Pradesh,2002,"Motor Vehicles -	Motor Cycles/Scooters - Property",4.1 Motor Vehicles - Motor Cycle/Scooters,1,6,17000,48600
Jammu & Kashmir,2002,"Motor Vehicles -	Motor Cycles/Scooters - Property",4.1 Motor Vehicles - Motor Cycle/Scooters,0,9,0,11300
Jharkhand,2002,"Motor Vehicles -	Motor Cycles/Scooters - Property",4.1 Motor Vehicles - Motor Cycle/Scooters,13,21,420090,812100
Karnataka,2002,"Motor Vehicles -	Motor Cycles/Scooters - Property",4.1 Motor Vehicles - Motor Cycle/Scooters,0,1,0,35000
Kerala,2002,"Motor Vehicles -	Motor Cycles/Scooters - Property",4.1 Motor Vehicles - Motor Cycle/Scooters,0,0,0,0
Lakshadweep,2002,"Motor Vehicles -	Motor Cycles/Scooters - Property",4.1 Motor Vehicles - Motor Cycle/Scooters,0,0,0,0
Madhya Pradesh,2002,"Motor Vehicles -	Motor Cycles/Scooters - Property",4.1 Motor Vehicles - Motor Cycle/Scooters,22,56,95077,438577
Maharashtra,2002,"Motor Vehicles -	Motor Cycles/Scooters - Property",4.1 Motor Vehicles - Motor Cycle/Scooters,5,21,130369,957464
Manipur,2002,"Motor Vehicles -	Motor Cycles/Scooters - Property",4.1 Motor Vehicles - Motor Cycle/Scooters,1,3,20000,45000
Meghalaya,2002,"Motor Vehicles -	Motor Cycles/Scooters - Property",4.1 Motor Vehicles - Motor Cycle/Scooters,0,4,0,186000
Mizoram,2002,"Motor Vehicles -	Motor Cycles/Scooters - Property",4.1 Motor Vehicles - Motor Cycle/Scooters,2,7,53500,162250
Nagaland,2002,"Motor Vehicles -	Motor Cycles/Scooters - Property",4.1 Motor Vehicles - Motor Cycle/Scooters,0,0,0,0
Odisha,2002,"Motor Vehicles -	Motor Cycles/Scooters - Property",4.1 Motor Vehicles - Motor Cycle/Scooters,0,0,0,0
Puducherry,2002,"Motor Vehicles -	Motor Cycles/Scooters - Property",4.1 Motor Vehicles - Motor Cycle/Scooters,0,0,0,0
Punjab,2002,"Motor Vehicles -	Motor Cycles/Scooters - Property",4.1 Motor Vehicles - Motor Cycle/Scooters,9,17,226000,476085
Rajasthan,2002,"Motor Vehicles -	Motor Cycles/Scooters - Property",4.1 Motor Vehicles - Motor Cycle/Scooters,2,14,4700,143500
Sikkim,2002,"Motor Vehicles -	Motor Cycles/Scooters - Property",4.1 Motor Vehicles - Motor Cycle/Scooters,0,0,0,0
Tamil Nadu,2002,"Motor Vehicles -	Motor Cycles/Scooters - Property",4.1 Motor Vehicles - Motor Cycle/Scooters,16,18,228510,243650
Tripura,2002,"Motor Vehicles -	Motor Cycles/Scooters - Property",4.1 Motor Vehicles - Motor Cycle/Scooters,1,3,86478,857926
Uttar Pradesh,2002,"Motor Vehicles -	Motor Cycles/Scooters - Property",4.1 Motor Vehicles - Motor Cycle/Scooters,28,98,1578500,4122850
Uttarakhand,2002,"Motor Vehicles -	Motor Cycles/Scooters - Property",4.1 Motor Vehicles - Motor Cycle/Scooters,2,5,400000,762100
West Bengal,2002,"Motor Vehicles -	Motor Cycles/Scooters - Property",4.1 Motor Vehicles - Motor Cycle/Scooters,4,8,47275,114327
Andaman & Nicobar Islands,2003,"Motor Vehicles -	Motor Cycles/Scooters - Property",4.1 Motor Vehicles - Motor Cycle/Scooters,0,0,0,0
Andhra Pradesh,2003,"Motor Vehicles -	Motor Cycles/Scooters - Property",4.1 Motor Vehicles - Motor Cycle/Scooters,1,5,100000,343500
Arunachal Pradesh,2003,"Motor Vehicles -	Motor Cycles/Scooters - Property",4.1 Motor Vehicles - Motor Cycle/Scooters,3,13,25000,167800
Assam,2003,"Motor Vehicles -	Motor Cycles/Scooters - Property",4.1 Motor Vehicles - Motor Cycle/Scooters,2,5,21725,74490
Bihar,2003,"Motor Vehicles -	Motor Cycles/Scooters - Property",4.1 Motor Vehicles - Motor Cycle/Scooters,20,35,681750,1560740
Chandigarh,2003,"Motor Vehicles -	Motor Cycles/Scooters - Property",4.1 Motor Vehicles - Motor Cycle/Scooters,0,1,0,20000
Chhattisgarh,2003,"Motor Vehicles -	Motor Cycles/Scooters - Property",4.1 Motor Vehicles - Motor Cycle/Scooters,4,11,4100,29500
Dadra & Nagar Haveli,2003,"Motor Vehicles -	Motor Cycles/Scooters - Property",4.1 Motor Vehicles - Motor Cycle/Scooters,0,0,0,0
Daman & Diu,2003,"Motor Vehicles -	Motor Cycles/Scooters - Property",4.1 Motor Vehicles - Motor Cycle/Scooters,0,0,0,0
Delhi,2003,"Motor Vehicles -	Motor Cycles/Scooters - Property",4.1 Motor Vehicles - Motor Cycle/Scooters,0,9,0,649000
Goa,2003,"Motor Vehicles -	Motor Cycles/Scooters - Property",4.1 Motor Vehicles - Motor Cycle/Scooters,0,0,0,0
Gujarat,2003,"Motor Vehicles -	Motor Cycles/Scooters - Property",4.1 Motor Vehicles - Motor Cycle/Scooters,2,5,71532,364532
Haryana,2003,"Motor Vehicles -	Motor Cycles/Scooters - Property",4.1 Motor Vehicles - Motor Cycle/Scooters,6,14,1186000,1413000
Himachal Pradesh,2003,"Motor Vehicles -	Motor Cycles/Scooters - Property",4.1 Motor Vehicles - Motor Cycle/Scooters,1,4,10000,65200
Jammu & Kashmir,2003,"Motor Vehicles -	Motor Cycles/Scooters - Property",4.1 Motor Vehicles - Motor Cycle/Scooters,1,4,10000,20000
Jharkhand,2003,"Motor Vehicles -	Motor Cycles/Scooters - Property",4.1 Motor Vehicles - Motor Cycle/Scooters,13,16,1645447,2025166
Karnataka,2003,"Motor Vehicles -	Motor Cycles/Scooters - Property",4.1 Motor Vehicles - Motor Cycle/Scooters,0,1,0,45000
Kerala,2003,"Motor Vehicles -	Motor Cycles/Scooters - Property",4.1 Motor Vehicles - Motor Cycle/Scooters,0,1,0,42000
Lakshadweep,2003,"Motor Vehicles -	Motor Cycles/Scooters - Property",4.1 Motor Vehicles - Motor Cycle/Scooters,0,0,0,0
Madhya Pradesh,2003,"Motor Vehicles -	Motor Cycles/Scooters - Property",4.1 Motor Vehicles - Motor Cycle/Scooters,19,59,707700,1387325
Maharashtra,2003,"Motor Vehicles -	Motor Cycles/Scooters - Property",4.1 Motor Vehicles - Motor Cycle/Scooters,0,10,0,505340
Manipur,2003,"Motor Vehicles -	Motor Cycles/Scooters - Property",4.1 Motor Vehicles - Motor Cycle/Scooters,1,4,75000,660000
Meghalaya,2003,"Motor Vehicles -	Motor Cycles/Scooters - Property",4.1 Motor Vehicles - Motor Cycle/Scooters,1,2,20000,32000
Mizoram,2003,"Motor Vehicles -	Motor Cycles/Scooters - Property",4.1 Motor Vehicles - Motor Cycle/Scooters,1,4,15000,65000
Nagaland,2003,"Motor Vehicles -	Motor Cycles/Scooters - Property",4.1 Motor Vehicles - Motor Cycle/Scooters,2,2,47000,47000
Odisha,2003,"Motor Vehicles -	Motor Cycles/Scooters - Property",4.1 Motor Vehicles - Motor Cycle/Scooters,0,4,0,114847
Puducherry,2003,"Motor Vehicles -	Motor Cycles/Scooters - Property",4.1 Motor Vehicles - Motor Cycle/Scooters,0,0,0,0
Punjab,2003,"Motor Vehicles -	Motor Cycles/Scooters - Property",4.1 Motor Vehicles - Motor Cycle/Scooters,3,16,104170,465120
Rajasthan,2003,"Motor Vehicles -	Motor Cycles/Scooters - Property",4.1 Motor Vehicles - Motor Cycle/Scooters,2,9,5000,14500
Sikkim,2003,"Motor Vehicles -	Motor Cycles/Scooters - Property",4.1 Motor Vehicles - Motor Cycle/Scooters,0,0,0,0
Tamil Nadu,2003,"Motor Vehicles -	Motor Cycles/Scooters - Property",4.1 Motor Vehicles - Motor Cycle/Scooters,0,1,0,18500
Tripura,2003,"Motor Vehicles -	Motor Cycles/Scooters - Property",4.1 Motor Vehicles - Motor Cycle/Scooters,1,3,2266230,5943856
Uttar Pradesh,2003,"Motor Vehicles -	Motor Cycles/Scooters - Property",4.1 Motor Vehicles - Motor Cycle/Scooters,34,86,1333000,2950155
Uttarakhand,2003,"Motor Vehicles -	Motor Cycles/Scooters - Property",4.1 Motor Vehicles - Motor Cycle/Scooters,3,6,152000,282000
West Bengal,2003,"Motor Vehicles -	Motor Cycles/Scooters - Property",4.1 Motor Vehicles - Motor Cycle/Scooters,0,2,0,85000
Andaman & Nicobar Islands,2004,"Motor Vehicles -	Motor Cycles/Scooters - Property",4.1 Motor Vehicles - Motor Cycle/Scooters,0,0,0,0
Andhra Pradesh,2004,"Motor Vehicles -	Motor Cycles/Scooters - Property",4.1 Motor Vehicles - Motor Cycle/Scooters,1,1,222000,918000
Arunachal Pradesh,2004,"Motor Vehicles -	Motor Cycles/Scooters - Property",4.1 Motor Vehicles - Motor Cycle/Scooters,3,11,280000,470000
Assam,2004,"Motor Vehicles -	Motor Cycles/Scooters - Property",4.1 Motor Vehicles - Motor Cycle/Scooters,1,1,65000,65000
Bihar,2004,"Motor Vehicles -	Motor Cycles/Scooters - Property",4.1 Motor Vehicles - Motor Cycle/Scooters,4,23,211000,782032
Chandigarh,2004,"Motor Vehicles -	Motor Cycles/Scooters - Property",4.1 Motor Vehicles - Motor Cycle/Scooters,0,2,0,90000
Chhattisgarh,2004,"Motor Vehicles -	Motor Cycles/Scooters - Property",4.1 Motor Vehicles - Motor Cycle/Scooters,1,3,5000,106500
Dadra & Nagar Haveli,2004,"Motor Vehicles -	Motor Cycles/Scooters - Property",4.1 Motor Vehicles - Motor Cycle/Scooters,1,1,200000,200000
Daman & Diu,2004,"Motor Vehicles -	Motor Cycles/Scooters - Property",4.1 Motor Vehicles - Motor Cycle/Scooters,0,0,0,0
Delhi,2004,"Motor Vehicles -	Motor Cycles/Scooters - Property",4.1 Motor Vehicles - Motor Cycle/Scooters,0,5,0,365000
Goa,2004,"Motor Vehicles -	Motor Cycles/Scooters - Property",4.1 Motor Vehicles - Motor Cycle/Scooters,0,0,0,0
Gujarat,2004,"Motor Vehicles -	Motor Cycles/Scooters - Property",4.1 Motor Vehicles - Motor Cycle/Scooters,1,9,1500,129200
Haryana,2004,"Motor Vehicles -	Motor Cycles/Scooters - Property",4.1 Motor Vehicles - Motor Cycle/Scooters,6,10,200800,304690
Himachal Pradesh,2004,"Motor Vehicles -	Motor Cycles/Scooters - Property",4.1 Motor Vehicles - Motor Cycle/Scooters,0,3,0,37500
Jammu & Kashmir,2004,"Motor Vehicles -	Motor Cycles/Scooters - Property",4.1 Motor Vehicles - Motor Cycle/Scooters,0,10,0,20000
Jharkhand,2004,"Motor Vehicles -	Motor Cycles/Scooters - Property",4.1 Motor Vehicles - Motor Cycle/Scooters,13,21,420090,812100
Karnataka,2004,"Motor Vehicles -	Motor Cycles/Scooters - Property",4.1 Motor Vehicles - Motor Cycle/Scooters,83,998,7084471,32261179
Kerala,2004,"Motor Vehicles -	Motor Cycles/Scooters - Property",4.1 Motor Vehicles - Motor Cycle/Scooters,0,1,0,1500
Lakshadweep,2004,"Motor Vehicles -	Motor Cycles/Scooters - Property",4.1 Motor Vehicles - Motor Cycle/Scooters,0,0,0,0
Madhya Pradesh,2004,"Motor Vehicles -	Motor Cycles/Scooters - Property",4.1 Motor Vehicles - Motor Cycle/Scooters,13,49,325740,644075
Maharashtra,2004,"Motor Vehicles -	Motor Cycles/Scooters - Property",4.1 Motor Vehicles - Motor Cycle/Scooters,9,18,2005855,4200705
Manipur,2004,"Motor Vehicles -	Motor Cycles/Scooters - Property",4.1 Motor Vehicles - Motor Cycle/Scooters,1,5,120955,282485
Meghalaya,2004,"Motor Vehicles -	Motor Cycles/Scooters - Property",4.1 Motor Vehicles - Motor Cycle/Scooters,0,1,0,10000
Mizoram,2004,"Motor Vehicles -	Motor Cycles/Scooters - Property",4.1 Motor Vehicles - Motor Cycle/Scooters,0,0,0,0
Nagaland,2004,"Motor Vehicles -	Motor Cycles/Scooters - Property",4.1 Motor Vehicles - Motor Cycle/Scooters,0,1,0,100000
Odisha,2004,"Motor Vehicles -	Motor Cycles/Scooters - Property",4.1 Motor Vehicles - Motor Cycle/Scooters,0,2,0,30711
Puducherry,2004,"Motor Vehicles -	Motor Cycles/Scooters - Property",4.1 Motor Vehicles - Motor Cycle/Scooters,0,0,0,0
Punjab,2004,"Motor Vehicles -	Motor Cycles/Scooters - Property",4.1 Motor Vehicles - Motor Cycle/Scooters,6,23,316200,1487000
Rajasthan,2004,"Motor Vehicles -	Motor Cycles/Scooters - Property",4.1 Motor Vehicles - Motor Cycle/Scooters,1,12,200000,287000
Sikkim,2004,"Motor Vehicles -	Motor Cycles/Scooters - Property",4.1 Motor Vehicles - Motor Cycle/Scooters,1,1,50000,50000
Tamil Nadu,2004,"Motor Vehicles -	Motor Cycles/Scooters - Property",4.1 Motor Vehicles - Motor Cycle/Scooters,2,2,9200,9200
Tripura,2004,"Motor Vehicles -	Motor Cycles/Scooters - Property",4.1 Motor Vehicles - Motor Cycle/Scooters,2,4,4654085,5818856
Uttar Pradesh,2004,"Motor Vehicles -	Motor Cycles/Scooters - Property",4.1 Motor Vehicles - Motor Cycle/Scooters,34,93,2017500,4082042
Uttarakhand,2004,"Motor Vehicles -	Motor Cycles/Scooters - Property",4.1 Motor Vehicles - Motor Cycle/Scooters,0,5,0,240000
West Bengal,2004,"Motor Vehicles -	Motor Cycles/Scooters - Property",4.1 Motor Vehicles - Motor Cycle/Scooters,0,0,0,0
Andaman & Nicobar Islands,2005,"Motor Vehicles -	Motor Cycles/Scooters - Property",4.1 Motor Vehicles - Motor Cycle/Scooters,0,0,0,0
Andhra Pradesh,2005,"Motor Vehicles -	Motor Cycles/Scooters - Property",4.1 Motor Vehicles - Motor Cycle/Scooters,3,5,213000,421000
Arunachal Pradesh,2005,"Motor Vehicles -	Motor Cycles/Scooters - Property",4.1 Motor Vehicles - Motor Cycle/Scooters,1,4,28000,209169
Assam,2005,"Motor Vehicles -	Motor Cycles/Scooters - Property",4.1 Motor Vehicles - Motor Cycle/Scooters,1,1,45000,45000
Bihar,2005,"Motor Vehicles -	Motor Cycles/Scooters - Property",4.1 Motor Vehicles - Motor Cycle/Scooters,6,27,62625,668850
Chandigarh,2005,"Motor Vehicles -	Motor Cycles/Scooters - Property",4.1 Motor Vehicles - Motor Cycle/Scooters,0,2,0,15000
Chhattisgarh,2005,"Motor Vehicles -	Motor Cycles/Scooters - Property",4.1 Motor Vehicles - Motor Cycle/Scooters,1,3,35000,35500
Dadra & Nagar Haveli,2005,"Motor Vehicles -	Motor Cycles/Scooters - Property",4.1 Motor Vehicles - Motor Cycle/Scooters,0,0,0,0
Daman & Diu,2005,"Motor Vehicles -	Motor Cycles/Scooters - Property",4.1 Motor Vehicles - Motor Cycle/Scooters,0,0,0,0
Delhi,2005,"Motor Vehicles -	Motor Cycles/Scooters - Property",4.1 Motor Vehicles - Motor Cycle/Scooters,2,19,150000,864200
Goa,2005,"Motor Vehicles -	Motor Cycles/Scooters - Property",4.1 Motor Vehicles - Motor Cycle/Scooters,0,1,0,17650
Gujarat,2005,"Motor Vehicles -	Motor Cycles/Scooters - Property",4.1 Motor Vehicles - Motor Cycle/Scooters,3,5,113400,169760
Haryana,2005,"Motor Vehicles -	Motor Cycles/Scooters - Property",4.1 Motor Vehicles - Motor Cycle/Scooters,4,14,88000,351000
Himachal Pradesh,2005,"Motor Vehicles -	Motor Cycles/Scooters - Property",4.1 Motor Vehicles - Motor Cycle/Scooters,0,1,0,62000
Jammu & Kashmir,2005,"Motor Vehicles -	Motor Cycles/Scooters - Property",4.1 Motor Vehicles - Motor Cycle/Scooters,4,5,96840,96840
Jharkhand,2005,"Motor Vehicles -	Motor Cycles/Scooters - Property",4.1 Motor Vehicles - Motor Cycle/Scooters,1,24,1460,35000
Karnataka,2005,"Motor Vehicles -	Motor Cycles/Scooters - Property",4.1 Motor Vehicles - Motor Cycle/Scooters,14,108,4366014,305845
Kerala,2005,"Motor Vehicles -	Motor Cycles/Scooters - Property",4.1 Motor Vehicles - Motor Cycle/Scooters,1,2,700,5700
Lakshadweep,2005,"Motor Vehicles -	Motor Cycles/Scooters - Property",4.1 Motor Vehicles - Motor Cycle/Scooters,0,0,0,0
Madhya Pradesh,2005,"Motor Vehicles -	Motor Cycles/Scooters - Property",4.1 Motor Vehicles - Motor Cycle/Scooters,15,59,397061,864111
Maharashtra,2005,"Motor Vehicles -	Motor Cycles/Scooters - Property",4.1 Motor Vehicles - Motor Cycle/Scooters,4,15,29000,609909
Manipur,2005,"Motor Vehicles -	Motor Cycles/Scooters - Property",4.1 Motor Vehicles - Motor Cycle/Scooters,0,0,0,0
Meghalaya,2005,"Motor Vehicles -	Motor Cycles/Scooters - Property",4.1 Motor Vehicles - Motor Cycle/Scooters,3,6,118000,210000
Mizoram,2005,"Motor Vehicles -	Motor Cycles/Scooters - Property",4.1 Motor Vehicles - Motor Cycle/Scooters,0,0,0,0
Nagaland,2005,"Motor Vehicles -	Motor Cycles/Scooters - Property",4.1 Motor Vehicles - Motor Cycle/Scooters,0,0,0,0
Odisha,2005,"Motor Vehicles -	Motor Cycles/Scooters - Property",4.1 Motor Vehicles - Motor Cycle/Scooters,0,1,0,50000
Puducherry,2005,"Motor Vehicles -	Motor Cycles/Scooters - Property",4.1 Motor Vehicles - Motor Cycle/Scooters,0,0,0,0
Punjab,2005,"Motor Vehicles -	Motor Cycles/Scooters - Property",4.1 Motor Vehicles - Motor Cycle/Scooters,5,15,204000,634500
Rajasthan,2005,"Motor Vehicles -	Motor Cycles/Scooters - Property",4.1 Motor Vehicles - Motor Cycle/Scooters,2,6,111000,123200
Sikkim,2005,"Motor Vehicles -	Motor Cycles/Scooters - Property",4.1 Motor Vehicles - Motor Cycle/Scooters,1,1,50000,50000
Tamil Nadu,2005,"Motor Vehicles -	Motor Cycles/Scooters - Property",4.1 Motor Vehicles - Motor Cycle/Scooters,0,0,0,0
Tripura,2005,"Motor Vehicles -	Motor Cycles/Scooters - Property",4.1 Motor Vehicles - Motor Cycle/Scooters,4,5,1512095,2022750
Uttar Pradesh,2005,"Motor Vehicles -	Motor Cycles/Scooters - Property",4.1 Motor Vehicles - Motor Cycle/Scooters,19,74,1236620,3206750
Uttarakhand,2005,"Motor Vehicles -	Motor Cycles/Scooters - Property",4.1 Motor Vehicles - Motor Cycle/Scooters,0,1,0,11480
West Bengal,2005,"Motor Vehicles -	Motor Cycles/Scooters - Property",4.1 Motor Vehicles - Motor Cycle/Scooters,0,3,0,25500
Andaman & Nicobar Islands,2006,"Motor Vehicles -	Motor Cycles/Scooters - Property",4.1 Motor Vehicles - Motor Cycle/Scooters,0,0,0,0
Andhra Pradesh,2006,"Motor Vehicles -	Motor Cycles/Scooters - Property",4.1 Motor Vehicles - Motor Cycle/Scooters,2,4,375961,435000
Arunachal Pradesh,2006,"Motor Vehicles -	Motor Cycles/Scooters - Property",4.1 Motor Vehicles - Motor Cycle/Scooters,1,4,16000,286000
Assam,2006,"Motor Vehicles -	Motor Cycles/Scooters - Property",4.1 Motor Vehicles - Motor Cycle/Scooters,1,1,6000,6000
Bihar,2006,"Motor Vehicles -	Motor Cycles/Scooters - Property",4.1 Motor Vehicles - Motor Cycle/Scooters,32,50,370312,905015
Chandigarh,2006,"Motor Vehicles -	Motor Cycles/Scooters - Property",4.1 Motor Vehicles - Motor Cycle/Scooters,1,1,150000,220000
Chhattisgarh,2006,"Motor Vehicles -	Motor Cycles/Scooters - Property",4.1 Motor Vehicles - Motor Cycle/Scooters,0,1,0,0
Dadra & Nagar Haveli,2006,"Motor Vehicles -	Motor Cycles/Scooters - Property",4.1 Motor Vehicles - Motor Cycle/Scooters,0,0,0,0
Daman & Diu,2006,"Motor Vehicles -	Motor Cycles/Scooters - Property",4.1 Motor Vehicles - Motor Cycle/Scooters,0,0,0,0
Delhi,2006,"Motor Vehicles -	Motor Cycles/Scooters - Property",4.1 Motor Vehicles - Motor Cycle/Scooters,5,17,3000,639000
Goa,2006,"Motor Vehicles -	Motor Cycles/Scooters - Property",4.1 Motor Vehicles - Motor Cycle/Scooters,0,2,0,159581
Gujarat,2006,"Motor Vehicles -	Motor Cycles/Scooters - Property",4.1 Motor Vehicles - Motor Cycle/Scooters,1,5,19670,199620
Haryana,2006,"Motor Vehicles -	Motor Cycles/Scooters - Property",4.1 Motor Vehicles - Motor Cycle/Scooters,14,26,1503500,2010500
Himachal Pradesh,2006,"Motor Vehicles -	Motor Cycles/Scooters - Property",4.1 Motor Vehicles - Motor Cycle/Scooters,0,3,0,198500
Jammu & Kashmir,2006,"Motor Vehicles -	Motor Cycles/Scooters - Property",4.1 Motor Vehicles - Motor Cycle/Scooters,1,7,53052,73052
Jharkhand,2006,"Motor Vehicles -	Motor Cycles/Scooters - Property",4.1 Motor Vehicles - Motor Cycle/Scooters,2,7,20000,177700
Karnataka,2006,"Motor Vehicles -	Motor Cycles/Scooters - Property",4.1 Motor Vehicles - Motor Cycle/Scooters,1,3,20000,29000
Kerala,2006,"Motor Vehicles -	Motor Cycles/Scooters - Property",4.1 Motor Vehicles - Motor Cycle/Scooters,0,0,0,0
Lakshadweep,2006,"Motor Vehicles -	Motor Cycles/Scooters - Property",4.1 Motor Vehicles - Motor Cycle/Scooters,0,0,0,0
Madhya Pradesh,2006,"Motor Vehicles -	Motor Cycles/Scooters - Property",4.1 Motor Vehicles - Motor Cycle/Scooters,12,52,136640,688340
Maharashtra,2006,"Motor Vehicles -	Motor Cycles/Scooters - Property",4.1 Motor Vehicles - Motor Cycle/Scooters,4,8,82162,828449
Manipur,2006,"Motor Vehicles -	Motor Cycles/Scooters - Property",4.1 Motor Vehicles - Motor Cycle/Scooters,1,3,35200,155200
Meghalaya,2006,"Motor Vehicles -	Motor Cycles/Scooters - Property",4.1 Motor Vehicles - Motor Cycle/Scooters,1,3,30000,57000
Mizoram,2006,"Motor Vehicles -	Motor Cycles/Scooters - Property",4.1 Motor Vehicles - Motor Cycle/Scooters,4,6,78450,126765
Nagaland,2006,"Motor Vehicles -	Motor Cycles/Scooters - Property",4.1 Motor Vehicles - Motor Cycle/Scooters,0,1,0,10000
Odisha,2006,"Motor Vehicles -	Motor Cycles/Scooters - Property",4.1 Motor Vehicles - Motor Cycle/Scooters,2,13,115000,1000000
Puducherry,2006,"Motor Vehicles -	Motor Cycles/Scooters - Property",4.1 Motor Vehicles - Motor Cycle/Scooters,0,0,0,0
Punjab,2006,"Motor Vehicles -	Motor Cycles/Scooters - Property",4.1 Motor Vehicles - Motor Cycle/Scooters,5,13,356150,676970
Rajasthan,2006,"Motor Vehicles -	Motor Cycles/Scooters - Property",4.1 Motor Vehicles - Motor Cycle/Scooters,0,10,0,82000
Sikkim,2006,"Motor Vehicles -	Motor Cycles/Scooters - Property",4.1 Motor Vehicles - Motor Cycle/Scooters,0,0,0,0
Tamil Nadu,2006,"Motor Vehicles -	Motor Cycles/Scooters - Property",4.1 Motor Vehicles - Motor Cycle/Scooters,0,0,0,0
Tripura,2006,"Motor Vehicles -	Motor Cycles/Scooters - Property",4.1 Motor Vehicles - Motor Cycle/Scooters,0,4,0,286055
Uttar Pradesh,2006,"Motor Vehicles -	Motor Cycles/Scooters - Property",4.1 Motor Vehicles - Motor Cycle/Scooters,25,83,1377661,3840661
Uttarakhand,2006,"Motor Vehicles -	Motor Cycles/Scooters - Property",4.1 Motor Vehicles - Motor Cycle/Scooters,3,4,469500,640000
West Bengal,2006,"Motor Vehicles -	Motor Cycles/Scooters - Property",4.1 Motor Vehicles - Motor Cycle/Scooters,0,1,0,12000
Andaman & Nicobar Islands,2007,"Motor Vehicles -	Motor Cycles/Scooters - Property",4.1 Motor Vehicles - Motor Cycle/Scooters,0,0,0,0
Andhra Pradesh,2007,"Motor Vehicles -	Motor Cycles/Scooters - Property",4.1 Motor Vehicles - Motor Cycle/Scooters,0,0,0,0
Arunachal Pradesh,2007,"Motor Vehicles -	Motor Cycles/Scooters - Property",4.1 Motor Vehicles - Motor Cycle/Scooters,4,10,285000,482000
Assam,2007,"Motor Vehicles -	Motor Cycles/Scooters - Property",4.1 Motor Vehicles - Motor Cycle/Scooters,0,0,0,0
Bihar,2007,"Motor Vehicles -	Motor Cycles/Scooters - Property",4.1 Motor Vehicles - Motor Cycle/Scooters,16,43,280731,1277895
Chandigarh,2007,"Motor Vehicles -	Motor Cycles/Scooters - Property",4.1 Motor Vehicles - Motor Cycle/Scooters,2,4,250000,1530000
Chhattisgarh,2007,"Motor Vehicles -	Motor Cycles/Scooters - Property",4.1 Motor Vehicles - Motor Cycle/Scooters,0,3,0,5000
Dadra & Nagar Haveli,2007,"Motor Vehicles -	Motor Cycles/Scooters - Property",4.1 Motor Vehicles - Motor Cycle/Scooters,0,0,0,0
Daman & Diu,2007,"Motor Vehicles -	Motor Cycles/Scooters - Property",4.1 Motor Vehicles - Motor Cycle/Scooters,0,0,0,0
Delhi,2007,"Motor Vehicles -	Motor Cycles/Scooters - Property",4.1 Motor Vehicles - Motor Cycle/Scooters,3,17,52100,515000
Goa,2007,"Motor Vehicles -	Motor Cycles/Scooters - Property",4.1 Motor Vehicles - Motor Cycle/Scooters,0,0,0,0
Gujarat,2007,"Motor Vehicles -	Motor Cycles/Scooters - Property",4.1 Motor Vehicles - Motor Cycle/Scooters,1,6,5000,71683
Haryana,2007,"Motor Vehicles -	Motor Cycles/Scooters - Property",4.1 Motor Vehicles - Motor Cycle/Scooters,3,19,220000,482509
Himachal Pradesh,2007,"Motor Vehicles -	Motor Cycles/Scooters - Property",4.1 Motor Vehicles - Motor Cycle/Scooters,0,3,0,26500
Jammu & Kashmir,2007,"Motor Vehicles -	Motor Cycles/Scooters - Property",4.1 Motor Vehicles - Motor Cycle/Scooters,2,2,2000,2000
Jharkhand,2007,"Motor Vehicles -	Motor Cycles/Scooters - Property",4.1 Motor Vehicles - Motor Cycle/Scooters,0,1,0,60000
Karnataka,2007,"Motor Vehicles -	Motor Cycles/Scooters - Property",4.1 Motor Vehicles - Motor Cycle/Scooters,2,8,1000000,1119200
Kerala,2007,"Motor Vehicles -	Motor Cycles/Scooters - Property",4.1 Motor Vehicles - Motor Cycle/Scooters,0,0,0,0
Lakshadweep,2007,"Motor Vehicles -	Motor Cycles/Scooters - Property",4.1 Motor Vehicles - Motor Cycle/Scooters,0,0,0,0
Madhya Pradesh,2007,"Motor Vehicles -	Motor Cycles/Scooters - Property",4.1 Motor Vehicles - Motor Cycle/Scooters,14,54,566120,1235470
Maharashtra,2007,"Motor Vehicles -	Motor Cycles/Scooters - Property",4.1 Motor Vehicles - Motor Cycle/Scooters,4,10,62031,234711
Manipur,2007,"Motor Vehicles -	Motor Cycles/Scooters - Property",4.1 Motor Vehicles - Motor Cycle/Scooters,1,3,150000,421615
Meghalaya,2007,"Motor Vehicles -	Motor Cycles/Scooters - Property",4.1 Motor Vehicles - Motor Cycle/Scooters,0,2,0,32500
Mizoram,2007,"Motor Vehicles -	Motor Cycles/Scooters - Property",4.1 Motor Vehicles - Motor Cycle/Scooters,2,3,24500,34116
Nagaland,2007,"Motor Vehicles -	Motor Cycles/Scooters - Property",4.1 Motor Vehicles - Motor Cycle/Scooters,1,5,3000,467600
Odisha,2007,"Motor Vehicles -	Motor Cycles/Scooters - Property",4.1 Motor Vehicles - Motor Cycle/Scooters,0,0,0,0
Puducherry,2007,"Motor Vehicles -	Motor Cycles/Scooters - Property",4.1 Motor Vehicles - Motor Cycle/Scooters,0,0,0,0
Punjab,2007,"Motor Vehicles -	Motor Cycles/Scooters - Property",4.1 Motor Vehicles - Motor Cycle/Scooters,9,19,233745,1497745
Rajasthan,2007,"Motor Vehicles -	Motor Cycles/Scooters - Property",4.1 Motor Vehicles - Motor Cycle/Scooters,1,11,52000,88700
Sikkim,2007,"Motor Vehicles -	Motor Cycles/Scooters - Property",4.1 Motor Vehicles - Motor Cycle/Scooters,0,0,0,0
Tamil Nadu,2007,"Motor Vehicles -	Motor Cycles/Scooters - Property",4.1 Motor Vehicles - Motor Cycle/Scooters,0,0,0,0
Tripura,2007,"Motor Vehicles -	Motor Cycles/Scooters - Property",4.1 Motor Vehicles - Motor Cycle/Scooters,3,4,2000,10000
Uttar Pradesh,2007,"Motor Vehicles -	Motor Cycles/Scooters - Property",4.1 Motor Vehicles - Motor Cycle/Scooters,31,74,1236700,3691500
Uttarakhand,2007,"Motor Vehicles -	Motor Cycles/Scooters - Property",4.1 Motor Vehicles - Motor Cycle/Scooters,0,5,0,310000
West Bengal,2007,"Motor Vehicles -	Motor Cycles/Scooters - Property",4.1 Motor Vehicles - Motor Cycle/Scooters,1,4,5000,107417
Andaman & Nicobar Islands,2008,"Motor Vehicles -	Motor Cycles/Scooters - Property",4.1 Motor Vehicles - Motor Cycle/Scooters,0,0,0,0
Andhra Pradesh,2008,"Motor Vehicles -	Motor Cycles/Scooters - Property",4.1 Motor Vehicles - Motor Cycle/Scooters,0,1,0,1000
Arunachal Pradesh,2008,"Motor Vehicles -	Motor Cycles/Scooters - Property",4.1 Motor Vehicles - Motor Cycle/Scooters,1,4,17000,307000
Assam,2008,"Motor Vehicles -	Motor Cycles/Scooters - Property",4.1 Motor Vehicles - Motor Cycle/Scooters,0,0,0,0
Bihar,2008,"Motor Vehicles -	Motor Cycles/Scooters - Property",4.1 Motor Vehicles - Motor Cycle/Scooters,186,326,1025280,6314894
Chandigarh,2008,"Motor Vehicles -	Motor Cycles/Scooters - Property",4.1 Motor Vehicles - Motor Cycle/Scooters,0,0,0,0
Chhattisgarh,2008,"Motor Vehicles -	Motor Cycles/Scooters - Property",4.1 Motor Vehicles - Motor Cycle/Scooters,6,23,283125,832500
Dadra & Nagar Haveli,2008,"Motor Vehicles -	Motor Cycles/Scooters - Property",4.1 Motor Vehicles - Motor Cycle/Scooters,0,0,0,0
Daman & Diu,2008,"Motor Vehicles -	Motor Cycles/Scooters - Property",4.1 Motor Vehicles - Motor Cycle/Scooters,0,0,0,0
Delhi,2008,"Motor Vehicles -	Motor Cycles/Scooters - Property",4.1 Motor Vehicles - Motor Cycle/Scooters,0,10,0,565000
Goa,2008,"Motor Vehicles -	Motor Cycles/Scooters - Property",4.1 Motor Vehicles - Motor Cycle/Scooters,1,1,300000,300000
Gujarat,2008,"Motor Vehicles -	Motor Cycles/Scooters - Property",4.1 Motor Vehicles - Motor Cycle/Scooters,1,5,283300,320300
Haryana,2008,"Motor Vehicles -	Motor Cycles/Scooters - Property",4.1 Motor Vehicles - Motor Cycle/Scooters,8,11,1046000,1108000
Himachal Pradesh,2008,"Motor Vehicles -	Motor Cycles/Scooters - Property",4.1 Motor Vehicles - Motor Cycle/Scooters,0,0,0,0
Jammu & Kashmir,2008,"Motor Vehicles -	Motor Cycles/Scooters - Property",4.1 Motor Vehicles - Motor Cycle/Scooters,0,0,0,0
Jharkhand,2008,"Motor Vehicles -	Motor Cycles/Scooters - Property",4.1 Motor Vehicles - Motor Cycle/Scooters,1,5,15000,40000
Karnataka,2008,"Motor Vehicles -	Motor Cycles/Scooters - Property",4.1 Motor Vehicles - Motor Cycle/Scooters,4,6,80500,568000
Kerala,2008,"Motor Vehicles -	Motor Cycles/Scooters - Property",4.1 Motor Vehicles - Motor Cycle/Scooters,2,6,10000,79000
Lakshadweep,2008,"Motor Vehicles -	Motor Cycles/Scooters - Property",4.1 Motor Vehicles - Motor Cycle/Scooters,0,0,0,0
Madhya Pradesh,2008,"Motor Vehicles -	Motor Cycles/Scooters - Property",4.1 Motor Vehicles - Motor Cycle/Scooters,19,56,513050,1432350
Maharashtra,2008,"Motor Vehicles -	Motor Cycles/Scooters - Property",4.1 Motor Vehicles - Motor Cycle/Scooters,8,13,210327,500129
Manipur,2008,"Motor Vehicles -	Motor Cycles/Scooters - Property",4.1 Motor Vehicles - Motor Cycle/Scooters,1,2,10000,45000
Meghalaya,2008,"Motor Vehicles -	Motor Cycles/Scooters - Property",4.1 Motor Vehicles - Motor Cycle/Scooters,0,11,0,441700
Mizoram,2008,"Motor Vehicles -	Motor Cycles/Scooters - Property",4.1 Motor Vehicles - Motor Cycle/Scooters,3,3,42800,42800
Nagaland,2008,"Motor Vehicles -	Motor Cycles/Scooters - Property",4.1 Motor Vehicles - Motor Cycle/Scooters,3,6,121500,679000
Odisha,2008,"Motor Vehicles -	Motor Cycles/Scooters - Property",4.1 Motor Vehicles - Motor Cycle/Scooters,0,3,0,8630000
Puducherry,2008,"Motor Vehicles -	Motor Cycles/Scooters - Property",4.1 Motor Vehicles - Motor Cycle/Scooters,0,0,0,0
Punjab,2008,"Motor Vehicles -	Motor Cycles/Scooters - Property",4.1 Motor Vehicles - Motor Cycle/Scooters,8,22,152000,809937
Rajasthan,2008,"Motor Vehicles -	Motor Cycles/Scooters - Property",4.1 Motor Vehicles - Motor Cycle/Scooters,2,12,115000,217400
Sikkim,2008,"Motor Vehicles -	Motor Cycles/Scooters - Property",4.1 Motor Vehicles - Motor Cycle/Scooters,0,0,0,0
Tamil Nadu,2008,"Motor Vehicles -	Motor Cycles/Scooters - Property",4.1 Motor Vehicles - Motor Cycle/Scooters,0,0,0,0
Tripura,2008,"Motor Vehicles -	Motor Cycles/Scooters - Property",4.1 Motor Vehicles - Motor Cycle/Scooters,0,1,0,10000
Uttar Pradesh,2008,"Motor Vehicles -	Motor Cycles/Scooters - Property",4.1 Motor Vehicles - Motor Cycle/Scooters,32,91,1460000,4642177
Uttarakhand,2008,"Motor Vehicles -	Motor Cycles/Scooters - Property",4.1 Motor Vehicles - Motor Cycle/Scooters,1,4,200000,810000
West Bengal,2008,"Motor Vehicles -	Motor Cycles/Scooters - Property",4.1 Motor Vehicles - Motor Cycle/Scooters,2,3,16000,23500
Andaman & Nicobar Islands,2009,"Motor Vehicles -	Motor Cycles/Scooters - Property",4.1 Motor Vehicles - Motor Cycle/Scooters,0,0,0,0
Andhra Pradesh,2009,"Motor Vehicles -	Motor Cycles/Scooters - Property",4.1 Motor Vehicles - Motor Cycle/Scooters,15,25,1300000,2500000
Arunachal Pradesh,2009,"Motor Vehicles -	Motor Cycles/Scooters - Property",4.1 Motor Vehicles - Motor Cycle/Scooters,2,7,365000,1143000
Assam,2009,"Motor Vehicles -	Motor Cycles/Scooters - Property",4.1 Motor Vehicles - Motor Cycle/Scooters,0,0,0,0
Bihar,2009,"Motor Vehicles -	Motor Cycles/Scooters - Property",4.1 Motor Vehicles - Motor Cycle/Scooters,177,349,926716,7486716
Chandigarh,2009,"Motor Vehicles -	Motor Cycles/Scooters - Property",4.1 Motor Vehicles - Motor Cycle/Scooters,0,1,0,12000
Chhattisgarh,2009,"Motor Vehicles -	Motor Cycles/Scooters - Property",4.1 Motor Vehicles - Motor Cycle/Scooters,0,0,0,0
Dadra & Nagar Haveli,2009,"Motor Vehicles -	Motor Cycles/Scooters - Property",4.1 Motor Vehicles - Motor Cycle/Scooters,0,0,0,0
Daman & Diu,2009,"Motor Vehicles -	Motor Cycles/Scooters - Property",4.1 Motor Vehicles - Motor Cycle/Scooters,0,0,0,0
Delhi,2009,"Motor Vehicles -	Motor Cycles/Scooters - Property",4.1 Motor Vehicles - Motor Cycle/Scooters,2,12,110000,915000
Goa,2009,"Motor Vehicles -	Motor Cycles/Scooters - Property",4.1 Motor Vehicles - Motor Cycle/Scooters,0,2,0,31700
Gujarat,2009,"Motor Vehicles -	Motor Cycles/Scooters - Property",4.1 Motor Vehicles - Motor Cycle/Scooters,0,2,0,8500
Haryana,2009,"Motor Vehicles -	Motor Cycles/Scooters - Property",4.1 Motor Vehicles - Motor Cycle/Scooters,2,15,87000,691700
Himachal Pradesh,2009,"Motor Vehicles -	Motor Cycles/Scooters - Property",4.1 Motor Vehicles - Motor Cycle/Scooters,1,4,20000,61283
Jammu & Kashmir,2009,"Motor Vehicles -	Motor Cycles/Scooters - Property",4.1 Motor Vehicles - Motor Cycle/Scooters,0,1,0,15371
Jharkhand,2009,"Motor Vehicles -	Motor Cycles/Scooters - Property",4.1 Motor Vehicles - Motor Cycle/Scooters,0,0,0,0
Karnataka,2009,"Motor Vehicles -	Motor Cycles/Scooters - Property",4.1 Motor Vehicles - Motor Cycle/Scooters,2,4,35000,90000
Kerala,2009,"Motor Vehicles -	Motor Cycles/Scooters - Property",4.1 Motor Vehicles - Motor Cycle/Scooters,0,0,0,0
Lakshadweep,2009,"Motor Vehicles -	Motor Cycles/Scooters - Property",4.1 Motor Vehicles - Motor Cycle/Scooters,0,0,0,0
Madhya Pradesh,2009,"Motor Vehicles -	Motor Cycles/Scooters - Property",4.1 Motor Vehicles - Motor Cycle/Scooters,19,41,635765,1527045
Maharashtra,2009,"Motor Vehicles -	Motor Cycles/Scooters - Property",4.1 Motor Vehicles - Motor Cycle/Scooters,5,14,155560,789980
Manipur,2009,"Motor Vehicles -	Motor Cycles/Scooters - Property",4.1 Motor Vehicles - Motor Cycle/Scooters,0,2,0,40000
Meghalaya,2009,"Motor Vehicles -	Motor Cycles/Scooters - Property",4.1 Motor Vehicles - Motor Cycle/Scooters,1,1,25000,25000
Mizoram,2009,"Motor Vehicles -	Motor Cycles/Scooters - Property",4.1 Motor Vehicles - Motor Cycle/Scooters,0,0,0,0
Nagaland,2009,"Motor Vehicles -	Motor Cycles/Scooters - Property",4.1 Motor Vehicles - Motor Cycle/Scooters,2,6,135000,834200
Odisha,2009,"Motor Vehicles -	Motor Cycles/Scooters - Property",4.1 Motor Vehicles - Motor Cycle/Scooters,3,14,45000,147000
Puducherry,2009,"Motor Vehicles -	Motor Cycles/Scooters - Property",4.1 Motor Vehicles - Motor Cycle/Scooters,0,0,0,0
Punjab,2009,"Motor Vehicles -	Motor Cycles/Scooters - Property",4.1 Motor Vehicles - Motor Cycle/Scooters,12,22,641936,993236
Rajasthan,2009,"Motor Vehicles -	Motor Cycles/Scooters - Property",4.1 Motor Vehicles - Motor Cycle/Scooters,1,5,17000,137000
Sikkim,2009,"Motor Vehicles -	Motor Cycles/Scooters - Property",4.1 Motor Vehicles - Motor Cycle/Scooters,0,0,0,0
Tamil Nadu,2009,"Motor Vehicles -	Motor Cycles/Scooters - Property",4.1 Motor Vehicles - Motor Cycle/Scooters,0,1,0,5000
Tripura,2009,"Motor Vehicles -	Motor Cycles/Scooters - Property",4.1 Motor Vehicles - Motor Cycle/Scooters,0,1,0,26000
Uttar Pradesh,2009,"Motor Vehicles -	Motor Cycles/Scooters - Property",4.1 Motor Vehicles - Motor Cycle/Scooters,19,67,1185000,3315000
Uttarakhand,2009,"Motor Vehicles -	Motor Cycles/Scooters - Property",4.1 Motor Vehicles - Motor Cycle/Scooters,1,5,150000,447000
West Bengal,2009,"Motor Vehicles -	Motor Cycles/Scooters - Property",4.1 Motor Vehicles - Motor Cycle/Scooters,4,18,76051,299000
Andaman & Nicobar Islands,2010,"Motor Vehicles -	Motor Cycles/Scooters - Property",4.1 Motor Vehicles - Motor Cycle/Scooters,0,0,0,0
Andhra Pradesh,2010,"Motor Vehicles -	Motor Cycles/Scooters - Property",4.1 Motor Vehicles - Motor Cycle/Scooters,3,7,1304000,2504000
Arunachal Pradesh,2010,"Motor Vehicles -	Motor Cycles/Scooters - Property",4.1 Motor Vehicles - Motor Cycle/Scooters,3,4,239000,1035000
Assam,2010,"Motor Vehicles -	Motor Cycles/Scooters - Property",4.1 Motor Vehicles - Motor Cycle/Scooters,0,0,0,0
Bihar,2010,"Motor Vehicles -	Motor Cycles/Scooters - Property",4.1 Motor Vehicles - Motor Cycle/Scooters,26,214,1385465,8360917
Chandigarh,2010,"Motor Vehicles -	Motor Cycles/Scooters - Property",4.1 Motor Vehicles - Motor Cycle/Scooters,1,1,100000,100000
Chhattisgarh,2010,"Motor Vehicles -	Motor Cycles/Scooters - Property",4.1 Motor Vehicles - Motor Cycle/Scooters,3,13,176180,261800
Dadra & Nagar Haveli,2010,"Motor Vehicles -	Motor Cycles/Scooters - Property",4.1 Motor Vehicles - Motor Cycle/Scooters,0,0,0,0
Daman & Diu,2010,"Motor Vehicles -	Motor Cycles/Scooters - Property",4.1 Motor Vehicles - Motor Cycle/Scooters,0,0,0,0
Delhi,2010,"Motor Vehicles -	Motor Cycles/Scooters - Property",4.1 Motor Vehicles - Motor Cycle/Scooters,0,13,0,213000
Goa,2010,"Motor Vehicles -	Motor Cycles/Scooters - Property",4.1 Motor Vehicles - Motor Cycle/Scooters,0,0,0,0
Gujarat,2010,"Motor Vehicles -	Motor Cycles/Scooters - Property",4.1 Motor Vehicles - Motor Cycle/Scooters,0,2,0,5700
Haryana,2010,"Motor Vehicles -	Motor Cycles/Scooters - Property",4.1 Motor Vehicles - Motor Cycle/Scooters,181,347,4798888,12638930
Himachal Pradesh,2010,"Motor Vehicles -	Motor Cycles/Scooters - Property",4.1 Motor Vehicles - Motor Cycle/Scooters,0,1,0,1600
Jammu & Kashmir,2010,"Motor Vehicles -	Motor Cycles/Scooters - Property",4.1 Motor Vehicles - Motor Cycle/Scooters,1,1,16000,20000
Jharkhand,2010,"Motor Vehicles -	Motor Cycles/Scooters - Property",4.1 Motor Vehicles - Motor Cycle/Scooters,0,0,0,0
Karnataka,2010,"Motor Vehicles -	Motor Cycles/Scooters - Property",4.1 Motor Vehicles - Motor Cycle/Scooters,4,8,194000,239066
Kerala,2010,"Motor Vehicles -	Motor Cycles/Scooters - Property",4.1 Motor Vehicles - Motor Cycle/Scooters,1,1,20000,20000
Lakshadweep,2010,"Motor Vehicles -	Motor Cycles/Scooters - Property",4.1 Motor Vehicles - Motor Cycle/Scooters,0,0,0,0
Madhya Pradesh,2010,"Motor Vehicles -	Motor Cycles/Scooters - Property",4.1 Motor Vehicles - Motor Cycle/Scooters,12,46,535580,1428336
Maharashtra,2010,"Motor Vehicles -	Motor Cycles/Scooters - Property",4.1 Motor Vehicles - Motor Cycle/Scooters,5,16,399985,1160025
Manipur,2010,"Motor Vehicles -	Motor Cycles/Scooters - Property",4.1 Motor Vehicles - Motor Cycle/Scooters,2,4,106900,286900
Meghalaya,2010,"Motor Vehicles -	Motor Cycles/Scooters - Property",4.1 Motor Vehicles - Motor Cycle/Scooters,2,2,225000,225000
Mizoram,2010,"Motor Vehicles -	Motor Cycles/Scooters - Property",4.1 Motor Vehicles - Motor Cycle/Scooters,9,15,172005,388646
Nagaland,2010,"Motor Vehicles -	Motor Cycles/Scooters - Property",4.1 Motor Vehicles - Motor Cycle/Scooters,0,5,0,259000
Odisha,2010,"Motor Vehicles -	Motor Cycles/Scooters - Property",4.1 Motor Vehicles - Motor Cycle/Scooters,6,54,57000,523000
Puducherry,2010,"Motor Vehicles -	Motor Cycles/Scooters - Property",4.1 Motor Vehicles - Motor Cycle/Scooters,0,0,0,0
Punjab,2010,"Motor Vehicles -	Motor Cycles/Scooters - Property",4.1 Motor Vehicles - Motor Cycle/Scooters,6,24,151036,915966
Rajasthan,2010,"Motor Vehicles -	Motor Cycles/Scooters - Property",4.1 Motor Vehicles - Motor Cycle/Scooters,3,9,250500,337000
Sikkim,2010,"Motor Vehicles -	Motor Cycles/Scooters - Property",4.1 Motor Vehicles - Motor Cycle/Scooters,0,0,0,0
Tamil Nadu,2010,"Motor Vehicles -	Motor Cycles/Scooters - Property",4.1 Motor Vehicles - Motor Cycle/Scooters,0,0,0,0
Tripura,2010,"Motor Vehicles -	Motor Cycles/Scooters - Property",4.1 Motor Vehicles - Motor Cycle/Scooters,0,0,0,0
Uttar Pradesh,2010,"Motor Vehicles -	Motor Cycles/Scooters - Property",4.1 Motor Vehicles - Motor Cycle/Scooters,22,69,1188000,4163119
Uttarakhand,2010,"Motor Vehicles -	Motor Cycles/Scooters - Property",4.1 Motor Vehicles - Motor Cycle/Scooters,0,3,0,340000
West Bengal,2010,"Motor Vehicles -	Motor Cycles/Scooters - Property",4.1 Motor Vehicles - Motor Cycle/Scooters,2,18,23000,388000
Andaman & Nicobar Islands,2001,Other Nature of Property,9. Other kinds of Property,42,113,991879,2895807
Andhra Pradesh,2001,Other Nature of Property,9. Other kinds of Property,7647,16048,112630185,343181861
Arunachal Pradesh,2001,Other Nature of Property,9. Other kinds of Property,218,691,6799900,51870167
Assam,2001,Other Nature of Property,9. Other kinds of Property,1543,8072,18034256,90183237
Bihar,2001,Other Nature of Property,9. Other kinds of Property,2598,15703,25704755,330584864
Chandigarh,2001,Other Nature of Property,9. Other kinds of Property,377,966,8483442,17082984
Chhattisgarh,2001,Other Nature of Property,9. Other kinds of Property,2388,7585,20599582,79904267
Dadra & Nagar Haveli,2001,Other Nature of Property,9. Other kinds of Property,25,61,4603354,9993694
Daman & Diu,2001,Other Nature of Property,9. Other kinds of Property,11,57,1333300,12317005
Delhi,2001,Other Nature of Property,9. Other kinds of Property,3583,15784,120254556,1475117571
Goa,2001,Other Nature of Property,9. Other kinds of Property,166,661,3153079,225784677
Gujarat,2001,Other Nature of Property,9. Other kinds of Property,4958,16188,144565069,901016024
Haryana,2001,Other Nature of Property,9. Other kinds of Property,2625,5377,84649153,157897945
Himachal Pradesh,2001,Other Nature of Property,9. Other kinds of Property,198,1168,11451711,36579293
Jammu & Kashmir,2001,Other Nature of Property,9. Other kinds of Property,653,2764,14331779,52543280
Jharkhand,2001,Other Nature of Property,9. Other kinds of Property,1176,4754,9383804,107906813
Karnataka,2001,Other Nature of Property,9. Other kinds of Property,3633,13013,114484139,361138111
Kerala,2001,Other Nature of Property,9. Other kinds of Property,2467,7763,51053557,239829765
Lakshadweep,2001,Other Nature of Property,9. Other kinds of Property,4,11,33100,106990
Madhya Pradesh,2001,Other Nature of Property,9. Other kinds of Property,8579,28408,110941026,304441499
Maharashtra,2001,Other Nature of Property,9. Other kinds of Property,16140,46392,595077470,3201062816
Manipur,2001,Other Nature of Property,9. Other kinds of Property,30,325,3109060,24635548
Meghalaya,2001,Other Nature of Property,9. Other kinds of Property,151,605,1564212,10010735
Mizoram,2001,Other Nature of Property,9. Other kinds of Property,798,1432,7832997,16310107
Nagaland,2001,Other Nature of Property,9. Other kinds of Property,80,302,2907345,66156074
Odisha,2001,Other Nature of Property,9. Other kinds of Property,4207,8078,39385516,189920592
Puducherry,2001,Other Nature of Property,9. Other kinds of Property,100,233,1439324,4039618
Punjab,2001,Other Nature of Property,9. Other kinds of Property,2536,4549,178803526,362795137
Rajasthan,2001,Other Nature of Property,9. Other kinds of Property,6273,19093,145995414,270574017
Sikkim,2001,Other Nature of Property,9. Other kinds of Property,30,112,73645,717557
Tamil Nadu,2001,Other Nature of Property,9. Other kinds of Property,10175,15365,218591730,584236962
Tripura,2001,Other Nature of Property,9. Other kinds of Property,119,540,565420,11983678
Uttar Pradesh,2001,Other Nature of Property,9. Other kinds of Property,6478,26097,736851220,1189853005
Uttarakhand,2001,Other Nature of Property,9. Other kinds of Property,410,1872,8383184,68960350
West Bengal,2001,Other Nature of Property,9. Other kinds of Property,3133,13583,54857772,258036380
Andaman & Nicobar Islands,2002,Other Nature of Property,9. Other kinds of Property,31,89,594784,1554671
Andhra Pradesh,2002,Other Nature of Property,9. Other kinds of Property,8323,18765,139284034,420881419
Arunachal Pradesh,2002,Other Nature of Property,9. Other kinds of Property,228,673,10361187,32462362
Assam,2002,Other Nature of Property,9. Other kinds of Property,1323,7913,15025211,94125138
Bihar,2002,Other Nature of Property,9. Other kinds of Property,2479,16443,21372222,168558363
Chandigarh,2002,Other Nature of Property,9. Other kinds of Property,287,934,3362222,24490856
Chhattisgarh,2002,Other Nature of Property,9. Other kinds of Property,2259,6435,22016009,134578227
Dadra & Nagar Haveli,2002,Other Nature of Property,9. Other kinds of Property,32,57,5021620,8182889
Daman & Diu,2002,Other Nature of Property,9. Other kinds of Property,17,82,1896486,12004893
Delhi,2002,Other Nature of Property,9. Other kinds of Property,6309,14001,39053187,1311814181
Goa,2002,Other Nature of Property,9. Other kinds of Property,136,641,4149901,56740131
Gujarat,2002,Other Nature of Property,9. Other kinds of Property,4918,15716,115874567,5135921357
Haryana,2002,Other Nature of Property,9. Other kinds of Property,2844,5437,102384688,187962188
Himachal Pradesh,2002,Other Nature of Property,9. Other kinds of Property,237,997,6441278,102839654
Jammu & Kashmir,2002,Other Nature of Property,9. Other kinds of Property,760,2796,13556205,58052922
Jharkhand,2002,Other Nature of Property,9. Other kinds of Property,1384,5847,17197596,115117635
Karnataka,2002,Other Nature of Property,9. Other kinds of Property,4988,15508,185800607,396702549
Kerala,2002,Other Nature of Property,9. Other kinds of Property,2465,8373,55214425,448763784
Lakshadweep,2002,Other Nature of Property,9. Other kinds of Property,5,19,66795,191235
Madhya Pradesh,2002,Other Nature of Property,9. Other kinds of Property,9573,27529,123935697,360459861
Maharashtra,2002,Other Nature of Property,9. Other kinds of Property,15492,43945,1054790737,8966811123
Manipur,2002,Other Nature of Property,9. Other kinds of Property,9,234,184705,10670797
Meghalaya,2002,Other Nature of Property,9. Other kinds of Property,118,610,3823546,11979107
Mizoram,2002,Other Nature of Property,9. Other kinds of Property,905,1427,5059336,27363369
Nagaland,2002,Other Nature of Property,9. Other kinds of Property,177,339,2234772,5730316
Odisha,2002,Other Nature of Property,9. Other kinds of Property,3261,7366,60680202,175355374
Puducherry,2002,Other Nature of Property,9. Other kinds of Property,120,292,2386127,7980502
Punjab,2002,Other Nature of Property,9. Other kinds of Property,2671,4626,254627872,451980739
Rajasthan,2002,Other Nature of Property,9. Other kinds of Property,5071,16199,132961676,270166583
Sikkim,2002,Other Nature of Property,9. Other kinds of Property,22,103,125485,191255
Tamil Nadu,2002,Other Nature of Property,9. Other kinds of Property,11398,15859,263812252,531420258
Tripura,2002,Other Nature of Property,9. Other kinds of Property,52,525,750000,27083912
Uttar Pradesh,2002,Other Nature of Property,9. Other kinds of Property,5644,18782,351069562,514407258
Uttarakhand,2002,Other Nature of Property,9. Other kinds of Property,467,1464,10361121,35050704
West Bengal,2002,Other Nature of Property,9. Other kinds of Property,3212,14634,66129151,203100089
Andaman & Nicobar Islands,2003,Other Nature of Property,9. Other kinds of Property,30,88,882887,2665750
Andhra Pradesh,2003,Other Nature of Property,9. Other kinds of Property,9136,22571,174451859,476795421
Arunachal Pradesh,2003,Other Nature of Property,9. Other kinds of Property,181,553,5337709,26472463
Assam,2003,Other Nature of Property,9. Other kinds of Property,1435,7595,38964265,132441752
Bihar,2003,Other Nature of Property,9. Other kinds of Property,2300,16416,20489974,201762338
Chandigarh,2003,Other Nature of Property,9. Other kinds of Property,307,639,3702721,16323255
Chhattisgarh,2003,Other Nature of Property,9. Other kinds of Property,2036,6586,20137621,47327601
Dadra & Nagar Haveli,2003,Other Nature of Property,9. Other kinds of Property,41,93,6415591,73300476
Daman & Diu,2003,Other Nature of Property,9. Other kinds of Property,14,57,7115718,16188035
Delhi,2003,Other Nature of Property,9. Other kinds of Property,6161,12622,36923730,1316144708
Goa,2003,Other Nature of Property,9. Other kinds of Property,210,575,4134184,264865894
Gujarat,2003,Other Nature of Property,9. Other kinds of Property,5863,19165,200579771,2906421430
Haryana,2003,Other Nature of Property,9. Other kinds of Property,3059,5101,162679628,250720310
Himachal Pradesh,2003,Other Nature of Property,9. Other kinds of Property,236,950,6073341,35447056
Jammu & Kashmir,2003,Other Nature of Property,9. Other kinds of Property,914,2930,24399108,73514707
Jharkhand,2003,Other Nature of Property,9. Other kinds of Property,1304,5677,17837236,113721531
Karnataka,2003,Other Nature of Property,9. Other kinds of Property,4308,15236,140736961,502956855
Kerala,2003,Other Nature of Property,9. Other kinds of Property,2222,6508,64854755,308577224
Lakshadweep,2003,Other Nature of Property,9. Other kinds of Property,1,8,13650,70650
Madhya Pradesh,2003,Other Nature of Property,9. Other kinds of Property,8707,26002,121794358,375191085
Maharashtra,2003,Other Nature of Property,9. Other kinds of Property,16061,44139,506008171,3099201589
Manipur,2003,Other Nature of Property,9. Other kinds of Property,13,248,360714,10509573
Meghalaya,2003,Other Nature of Property,9. Other kinds of Property,76,577,1350649,259546209
Mizoram,2003,Other Nature of Property,9. Other kinds of Property,1046,1574,3432604,6293499
Nagaland,2003,Other Nature of Property,9. Other kinds of Property,99,201,980790,3131335
Odisha,2003,Other Nature of Property,9. Other kinds of Property,3760,7383,53822018,146153911
Puducherry,2003,Other Nature of Property,9. Other kinds of Property,155,318,3764169,12773500
Punjab,2003,Other Nature of Property,9. Other kinds of Property,3139,5082,327731045,595970730
Rajasthan,2003,Other Nature of Property,9. Other kinds of Property,5098,16188,227945729,308586123
Sikkim,2003,Other Nature of Property,9. Other kinds of Property,19,87,706629,7608725
Tamil Nadu,2003,Other Nature of Property,9. Other kinds of Property,11281,14770,246027411,392599182
Tripura,2003,Other Nature of Property,9. Other kinds of Property,82,480,255675,4037035
Uttar Pradesh,2003,Other Nature of Property,9. Other kinds of Property,4132,11581,365349958,552512120
Uttarakhand,2003,Other Nature of Property,9. Other kinds of Property,499,1477,8952012,34817377
West Bengal,2003,Other Nature of Property,9. Other kinds of Property,3100,10542,38141259,276274391
Andaman & Nicobar Islands,2004,Other Nature of Property,9. Other kinds of Property,67,131,1583881,2622736
Andhra Pradesh,2004,Other Nature of Property,9. Other kinds of Property,9475,21650,175268778,577252275
Arunachal Pradesh,2004,Other Nature of Property,9. Other kinds of Property,114,554,3127395,21678421
Assam,2004,Other Nature of Property,9. Other kinds of Property,1530,8143,23642527,152981483
Bihar,2004,Other Nature of Property,9. Other kinds of Property,2501,15035,28875283,212868079
Chandigarh,2004,Other Nature of Property,9. Other kinds of Property,361,665,21655371,25717608
Chhattisgarh,2004,Other Nature of Property,9. Other kinds of Property,2492,8272,47557334,159893764
Dadra & Nagar Haveli,2004,Other Nature of Property,9. Other kinds of Property,31,78,5189287,615188955
Daman & Diu,2004,Other Nature of Property,9. Other kinds of Property,13,42,376300,3493125
Delhi,2004,Other Nature of Property,9. Other kinds of Property,7707,15193,69100947,1502351950
Goa,2004,Other Nature of Property,9. Other kinds of Property,211,579,5449466,83582624
Gujarat,2004,Other Nature of Property,9. Other kinds of Property,5465,18836,199598265,6291962440
Haryana,2004,Other Nature of Property,9. Other kinds of Property,3084,5560,118462355,204537525
Himachal Pradesh,2004,Other Nature of Property,9. Other kinds of Property,304,1100,6539275,50083013
Jammu & Kashmir,2004,Other Nature of Property,9. Other kinds of Property,791,2693,22791353,66055529
Jharkhand,2004,Other Nature of Property,9. Other kinds of Property,1384,5847,17197596,115117635
Karnataka,2004,Other Nature of Property,9. Other kinds of Property,4422,14763,207065817,524488144
Kerala,2004,Other Nature of Property,9. Other kinds of Property,2791,8145,56966407,335551945
Lakshadweep,2004,Other Nature of Property,9. Other kinds of Property,3,7,3410,7770
Madhya Pradesh,2004,Other Nature of Property,9. Other kinds of Property,9643,26289,125461409,372582313
Maharashtra,2004,Other Nature of Property,9. Other kinds of Property,16603,49041,524107758,4187702334
Manipur,2004,Other Nature of Property,9. Other kinds of Property,21,242,4149728,32747227
Meghalaya,2004,Other Nature of Property,9. Other kinds of Property,72,444,7869284,54556069
Mizoram,2004,Other Nature of Property,9. Other kinds of Property,637,873,873450,1347740
Nagaland,2004,Other Nature of Property,9. Other kinds of Property,78,204,972205,5048548
Odisha,2004,Other Nature of Property,9. Other kinds of Property,3941,8087,69369864,181938830
Puducherry,2004,Other Nature of Property,9. Other kinds of Property,168,272,2323326,6992736
Punjab,2004,Other Nature of Property,9. Other kinds of Property,2328,3919,319890679,976443246
Rajasthan,2004,Other Nature of Property,9. Other kinds of Property,4544,16080,165530546,296068194
Sikkim,2004,Other Nature of Property,9. Other kinds of Property,26,131,735135,12271581
Tamil Nadu,2004,Other Nature of Property,9. Other kinds of Property,11226,13778,223720013,404005205
Tripura,2004,Other Nature of Property,9. Other kinds of Property,68,516,266950,7431487
Uttar Pradesh,2004,Other Nature of Property,9. Other kinds of Property,5602,15603,433675579,724488424
Uttarakhand,2004,Other Nature of Property,9. Other kinds of Property,484,1596,9689768,39115963
West Bengal,2004,Other Nature of Property,9. Other kinds of Property,3807,12887,72735033,348639250
Andaman & Nicobar Islands,2005,Other Nature of Property,9. Other kinds of Property,46,116,3516083,260851260
Andhra Pradesh,2005,Other Nature of Property,9. Other kinds of Property,11188,22055,251151182,583686638
Arunachal Pradesh,2005,Other Nature of Property,9. Other kinds of Property,171,714,7925848,90205514
Assam,2005,Other Nature of Property,9. Other kinds of Property,2175,8865,36659645,169646937
Bihar,2005,Other Nature of Property,9. Other kinds of Property,2683,16381,27832469,181593821
Chandigarh,2005,Other Nature of Property,9. Other kinds of Property,461,945,6069941,19154609
Chhattisgarh,2005,Other Nature of Property,9. Other kinds of Property,2800,7759,105713115,200084949
Dadra & Nagar Haveli,2005,Other Nature of Property,9. Other kinds of Property,46,85,13018140,19188440
Daman & Diu,2005,Other Nature of Property,9. Other kinds of Property,14,55,416343,5113428
Delhi,2005,Other Nature of Property,9. Other kinds of Property,7895,14496,51021657,1362120222
Goa,2005,Other Nature of Property,9. Other kinds of Property,186,566,7992793,74385423
Gujarat,2005,Other Nature of Property,9. Other kinds of Property,5870,17118,269991607,3498650858
Haryana,2005,Other Nature of Property,9. Other kinds of Property,3463,6202,553897132,651519346
Himachal Pradesh,2005,Other Nature of Property,9. Other kinds of Property,294,1082,8024344,37337941
Jammu & Kashmir,2005,Other Nature of Property,9. Other kinds of Property,793,2868,20709341,70038632
Jharkhand,2005,Other Nature of Property,9. Other kinds of Property,1577,7069,22577943,60477577
Karnataka,2005,Other Nature of Property,9. Other kinds of Property,5416,16167,240493132,2486314642
Kerala,2005,Other Nature of Property,9. Other kinds of Property,2703,8410,42718425,459150396
Lakshadweep,2005,Other Nature of Property,9. Other kinds of Property,2,8,9410,259340
Madhya Pradesh,2005,Other Nature of Property,9. Other kinds of Property,8784,23631,133045345,388391041
Maharashtra,2005,Other Nature of Property,9. Other kinds of Property,19043,52714,588723650,5352592445
Manipur,2005,Other Nature of Property,9. Other kinds of Property,22,214,566640,106169836
Meghalaya,2005,Other Nature of Property,9. Other kinds of Property,108,541,3909712,24164884
Mizoram,2005,Other Nature of Property,9. Other kinds of Property,963,1270,12239706,18816636
Nagaland,2005,Other Nature of Property,9. Other kinds of Property,67,219,520935,5075566
Odisha,2005,Other Nature of Property,9. Other kinds of Property,4577,8749,72216738,194506901
Puducherry,2005,Other Nature of Property,9. Other kinds of Property,166,238,10395584,12894565
Punjab,2005,Other Nature of Property,9. Other kinds of Property,2657,4115,514964808,686484792
Rajasthan,2005,Other Nature of Property,9. Other kinds of Property,4952,11606,189675172,328976608
Sikkim,2005,Other Nature of Property,9. Other kinds of Property,27,114,167860,3018478
Tamil Nadu,2005,Other Nature of Property,9. Other kinds of Property,10614,12524,195672026,298901869
Tripura,2005,Other Nature of Property,9. Other kinds of Property,85,554,1537350,17880698
Uttar Pradesh,2005,Other Nature of Property,9. Other kinds of Property,5191,14021,401423520,652317195
Uttarakhand,2005,Other Nature of Property,9. Other kinds of Property,547,1585,12545394,40108994
West Bengal,2005,Other Nature of Property,9. Other kinds of Property,3294,10470,54044570,276509228
Andaman & Nicobar Islands,2006,Other Nature of Property,9. Other kinds of Property,59,141,1528623,5860840
Andhra Pradesh,2006,Other Nature of Property,9. Other kinds of Property,9983,20715,292127059,740480006
Arunachal Pradesh,2006,Other Nature of Property,9. Other kinds of Property,259,682,8553231,38484079
Assam,2006,Other Nature of Property,9. Other kinds of Property,2173,9752,67266455,244800380
Bihar,2006,Other Nature of Property,9. Other kinds of Property,2524,16890,22955678,201833430
Chandigarh,2006,Other Nature of Property,9. Other kinds of Property,512,826,19624339,34450531
Chhattisgarh,2006,Other Nature of Property,9. Other kinds of Property,2583,7146,47222681,267178068
Dadra & Nagar Haveli,2006,Other Nature of Property,9. Other kinds of Property,43,124,9113050,68757310
Daman & Diu,2006,Other Nature of Property,9. Other kinds of Property,15,81,2313340,13563015
Delhi,2006,Other Nature of Property,9. Other kinds of Property,7365,13665,76737288,1696855089
Goa,2006,Other Nature of Property,9. Other kinds of Property,139,471,8265282,94065683
Gujarat,2006,Other Nature of Property,9. Other kinds of Property,6423,17497,222856588,2310864184
Haryana,2006,Other Nature of Property,9. Other kinds of Property,4059,7151,212240062,411258755
Himachal Pradesh,2006,Other Nature of Property,9. Other kinds of Property,290,1122,15464126,87784248
Jammu & Kashmir,2006,Other Nature of Property,9. Other kinds of Property,828,2804,27947148,77852005
Jharkhand,2006,Other Nature of Property,9. Other kinds of Property,1196,7276,16662030,115341231
Karnataka,2006,Other Nature of Property,9. Other kinds of Property,5273,14568,212534737,654738201
Kerala,2006,Other Nature of Property,9. Other kinds of Property,2296,7971,73978384,1193171948
Lakshadweep,2006,Other Nature of Property,9. Other kinds of Property,6,10,25800,57300
Madhya Pradesh,2006,Other Nature of Property,9. Other kinds of Property,8579,23017,162064563,756865816
Maharashtra,2006,Other Nature of Property,9. Other kinds of Property,18927,52305,660251245,5818930391
Manipur,2006,Other Nature of Property,9. Other kinds of Property,24,334,951005,48708928
Meghalaya,2006,Other Nature of Property,9. Other kinds of Property,110,497,3728209,24232914
Mizoram,2006,Other Nature of Property,9. Other kinds of Property,624,831,3955514,28322179
Nagaland,2006,Other Nature of Property,9. Other kinds of Property,98,299,2267992,142718904
Odisha,2006,Other Nature of Property,9. Other kinds of Property,4956,9115,108527657,331204385
Puducherry,2006,Other Nature of Property,9. Other kinds of Property,152,242,14524160,18049949
Punjab,2006,Other Nature of Property,9. Other kinds of Property,3231,5492,214167342,415032424
Rajasthan,2006,Other Nature of Property,9. Other kinds of Property,5158,14046,189440989,223335565
Sikkim,2006,Other Nature of Property,9. Other kinds of Property,41,169,792600,6604804
Tamil Nadu,2006,Other Nature of Property,9. Other kinds of Property,9830,11451,224418079,342181149
Tripura,2006,Other Nature of Property,9. Other kinds of Property,212,803,4915023,18777075
Uttar Pradesh,2006,Other Nature of Property,9. Other kinds of Property,5044,13696,844516216,734030200
Uttarakhand,2006,Other Nature of Property,9. Other kinds of Property,546,1336,9788600,38307352
West Bengal,2006,Other Nature of Property,9. Other kinds of Property,2615,10558,61817434,310671078
Andaman & Nicobar Islands,2007,Other Nature of Property,9. Other kinds of Property,44,184,1965416,8891456
Andhra Pradesh,2007,Other Nature of Property,9. Other kinds of Property,10796,20886,268190565,633527565
Arunachal Pradesh,2007,Other Nature of Property,9. Other kinds of Property,258,609,12084234,67102417
Assam,2007,Other Nature of Property,9. Other kinds of Property,2256,14629,26295008,141308369
Bihar,2007,Other Nature of Property,9. Other kinds of Property,2174,15728,36091629,228106474
Chandigarh,2007,Other Nature of Property,9. Other kinds of Property,452,1021,10421910,25140207
Chhattisgarh,2007,Other Nature of Property,9. Other kinds of Property,2464,6964,100619759,249669468
Dadra & Nagar Haveli,2007,Other Nature of Property,9. Other kinds of Property,41,86,8587200,25640293
Daman & Diu,2007,Other Nature of Property,9. Other kinds of Property,5,55,3850000,22689005
Delhi,2007,Other Nature of Property,9. Other kinds of Property,6326,13755,36729437,1134704423
Goa,2007,Other Nature of Property,9. Other kinds of Property,138,497,10148330,100960501
Gujarat,2007,Other Nature of Property,9. Other kinds of Property,6161,15747,286889493,1339940597
Haryana,2007,Other Nature of Property,9. Other kinds of Property,4507,8431,263125692,453571898
Himachal Pradesh,2007,Other Nature of Property,9. Other kinds of Property,313,1337,14928396,85222208
Jammu & Kashmir,2007,Other Nature of Property,9. Other kinds of Property,1013,3049,44536015,148795051
Jharkhand,2007,Other Nature of Property,9. Other kinds of Property,1056,7398,25040236,149713320
Karnataka,2007,Other Nature of Property,9. Other kinds of Property,6586,13814,197260767,845135881
Kerala,2007,Other Nature of Property,9. Other kinds of Property,2773,10053,60428941,1274565759
Lakshadweep,2007,Other Nature of Property,9. Other kinds of Property,0,15,0,105626
Madhya Pradesh,2007,Other Nature of Property,9. Other kinds of Property,8791,23530,189051899,494469615
Maharashtra,2007,Other Nature of Property,9. Other kinds of Property,19878,53252,1109506035,8628117587
Manipur,2007,Other Nature of Property,9. Other kinds of Property,5,493,69200,101095501
Meghalaya,2007,Other Nature of Property,9. Other kinds of Property,276,667,6306807,18019144
Mizoram,2007,Other Nature of Property,9. Other kinds of Property,817,1063,24457351,47747846
Nagaland,2007,Other Nature of Property,9. Other kinds of Property,68,280,6745970,15826417
Odisha,2007,Other Nature of Property,9. Other kinds of Property,4849,10471,104914555,407919312
Puducherry,2007,Other Nature of Property,9. Other kinds of Property,165,298,4941471,16488654
Punjab,2007,Other Nature of Property,9. Other kinds of Property,4133,6733,360757108,620358302
Rajasthan,2007,Other Nature of Property,9. Other kinds of Property,5400,15257,279719381,364654830
Sikkim,2007,Other Nature of Property,9. Other kinds of Property,37,129,847330,6503459
Tamil Nadu,2007,Other Nature of Property,9. Other kinds of Property,9803,11716,314187493,481753069
Tripura,2007,Other Nature of Property,9. Other kinds of Property,88,606,2660510,47421559
Uttar Pradesh,2007,Other Nature of Property,9. Other kinds of Property,5973,15459,273407844,572423071
Uttarakhand,2007,Other Nature of Property,9. Other kinds of Property,595,1552,20211196,65895539
West Bengal,2007,Other Nature of Property,9. Other kinds of Property,2460,12559,80026789,584485119
Andaman & Nicobar Islands,2008,Other Nature of Property,9. Other kinds of Property,89,187,2655455,10750983
Andhra Pradesh,2008,Other Nature of Property,9. Other kinds of Property,10969,21812,338928821,850857453
Arunachal Pradesh,2008,Other Nature of Property,9. Other kinds of Property,302,669,19348986,74222304
Assam,2008,Other Nature of Property,9. Other kinds of Property,2210,9447,46129977,196022196
Bihar,2008,Other Nature of Property,9. Other kinds of Property,2359,16267,33047233,310508316
Chandigarh,2008,Other Nature of Property,9. Other kinds of Property,433,1076,19946111,43802388
Chhattisgarh,2008,Other Nature of Property,9. Other kinds of Property,2688,8058,86586061,277219787
Dadra & Nagar Haveli,2008,Other Nature of Property,9. Other kinds of Property,44,86,4291014,19548931
Daman & Diu,2008,Other Nature of Property,9. Other kinds of Property,13,65,1776000,39911190
Delhi,2008,Other Nature of Property,9. Other kinds of Property,4063,12491,53173062,2788440775
Goa,2008,Other Nature of Property,9. Other kinds of Property,163,589,11606817,73872265
Gujarat,2008,Other Nature of Property,9. Other kinds of Property,6330,16413,268716000,2117668488
Haryana,2008,Other Nature of Property,9. Other kinds of Property,4511,9211,273730112,501673726
Himachal Pradesh,2008,Other Nature of Property,9. Other kinds of Property,395,1468,24715186,89062166
Jammu & Kashmir,2008,Other Nature of Property,9. Other kinds of Property,881,2821,36473442,91940325
Jharkhand,2008,Other Nature of Property,9. Other kinds of Property,1127,6916,18697098,250860790
Karnataka,2008,Other Nature of Property,9. Other kinds of Property,5381,15895,400276367,1401282198
Kerala,2008,Other Nature of Property,9. Other kinds of Property,2925,9690,78375098,2353801527
Lakshadweep,2008,Other Nature of Property,9. Other kinds of Property,3,9,99000,177000
Madhya Pradesh,2008,Other Nature of Property,9. Other kinds of Property,9129,23338,168939453,637550684
Maharashtra,2008,Other Nature of Property,9. Other kinds of Property,22109,57390,1037408101,14297876010
Manipur,2008,Other Nature of Property,9. Other kinds of Property,9,431,634500,67992127
Meghalaya,2008,Other Nature of Property,9. Other kinds of Property,235,962,2477551,39812879
Mizoram,2008,Other Nature of Property,9. Other kinds of Property,753,948,16716262,23986546
Nagaland,2008,Other Nature of Property,9. Other kinds of Property,49,272,1150700,105491667
Odisha,2008,Other Nature of Property,9. Other kinds of Property,4872,9429,144444394,447049968
Puducherry,2008,Other Nature of Property,9. Other kinds of Property,177,306,7836546,17488802
Punjab,2008,Other Nature of Property,9. Other kinds of Property,4683,7031,400898762,603528670
Rajasthan,2008,Other Nature of Property,9. Other kinds of Property,5083,13611,247069936,444288690
Sikkim,2008,Other Nature of Property,9. Other kinds of Property,40,140,1694111,160539252
Tamil Nadu,2008,Other Nature of Property,9. Other kinds of Property,10006,12513,305169884,451036898
Tripura,2008,Other Nature of Property,9. Other kinds of Property,244,689,353063,43847071
Uttar Pradesh,2008,Other Nature of Property,9. Other kinds of Property,6765,17061,636016700,1083100338
Uttarakhand,2008,Other Nature of Property,9. Other kinds of Property,534,1283,18331901,63618860
West Bengal,2008,Other Nature of Property,9. Other kinds of Property,2946,16384,78449844,604493693
Andaman & Nicobar Islands,2009,Other Nature of Property,9. Other kinds of Property,68,153,3510280,7519116
Andhra Pradesh,2009,Other Nature of Property,9. Other kinds of Property,10250,21011,369553342,1006266650
Arunachal Pradesh,2009,Other Nature of Property,9. Other kinds of Property,221,471,164872585,229821744
Assam,2009,Other Nature of Property,9. Other kinds of Property,1981,9474,60455840,260549263
Bihar,2009,Other Nature of Property,9. Other kinds of Property,2478,17693,42020289,277613235
Chandigarh,2009,Other Nature of Property,9. Other kinds of Property,283,842,12104245,34017128
Chhattisgarh,2009,Other Nature of Property,9. Other kinds of Property,2836,7842,79957549,273157094
Dadra & Nagar Haveli,2009,Other Nature of Property,9. Other kinds of Property,44,106,5143695,43413258
Daman & Diu,2009,Other Nature of Property,9. Other kinds of Property,9,39,3275900,7498467
Delhi,2009,Other Nature of Property,9. Other kinds of Property,4151,12288,169068715,6812388037
Goa,2009,Other Nature of Property,9. Other kinds of Property,196,739,13622901,617970285
Gujarat,2009,Other Nature of Property,9. Other kinds of Property,5214,14818,343253618,2193213616
Haryana,2009,Other Nature of Property,9. Other kinds of Property,4443,9230,275871440,550696790
Himachal Pradesh,2009,Other Nature of Property,9. Other kinds of Property,307,1203,19976161,261729360
Jammu & Kashmir,2009,Other Nature of Property,9. Other kinds of Property,1224,3290,38949002,117566204
Jharkhand,2009,Other Nature of Property,9. Other kinds of Property,1163,7579,28547088,184479762
Karnataka,2009,Other Nature of Property,9. Other kinds of Property,5712,17999,634263479,1875157515
Kerala,2009,Other Nature of Property,9. Other kinds of Property,3420,9357,226747738,2547587189
Lakshadweep,2009,Other Nature of Property,9. Other kinds of Property,4,40,98000,2221000
Madhya Pradesh,2009,Other Nature of Property,9. Other kinds of Property,8275,22360,200270077,566842220
Maharashtra,2009,Other Nature of Property,9. Other kinds of Property,19966,54905,908969950,10739100371
Manipur,2009,Other Nature of Property,9. Other kinds of Property,17,302,46801730,93560084
Meghalaya,2009,Other Nature of Property,9. Other kinds of Property,145,620,4431230,35984684
Mizoram,2009,Other Nature of Property,9. Other kinds of Property,664,997,9024062,64252483
Nagaland,2009,Other Nature of Property,9. Other kinds of Property,35,514,11967610,697841194
Odisha,2009,Other Nature of Property,9. Other kinds of Property,3840,8971,162967605,2622503656
Puducherry,2009,Other Nature of Property,9. Other kinds of Property,190,253,9035410,16183609
Punjab,2009,Other Nature of Property,9. Other kinds of Property,4025,6427,437453395,616222467
Rajasthan,2009,Other Nature of Property,9. Other kinds of Property,2105,5009,363331137,675402391
Sikkim,2009,Other Nature of Property,9. Other kinds of Property,30,106,322570,7363225
Tamil Nadu,2009,Other Nature of Property,9. Other kinds of Property,10240,13269,398258351,660217720
Tripura,2009,Other Nature of Property,9. Other kinds of Property,166,616,3504112,37368146
Uttar Pradesh,2009,Other Nature of Property,9. Other kinds of Property,5643,16244,321548185,699339906
Uttarakhand,2009,Other Nature of Property,9. Other kinds of Property,563,1029,12201324,45658922
West Bengal,2009,Other Nature of Property,9. Other kinds of Property,3298,14729,135292741,624944200
Andaman & Nicobar Islands,2010,Other Nature of Property,9. Other kinds of Property,55,149,1446491,7119926
Andhra Pradesh,2010,Other Nature of Property,9. Other kinds of Property,11739,25384,519468922,1213810417
Arunachal Pradesh,2010,Other Nature of Property,9. Other kinds of Property,186,527,36507707,166017854
Assam,2010,Other Nature of Property,9. Other kinds of Property,1313,11424,85484584,367407910
Bihar,2010,Other Nature of Property,9. Other kinds of Property,2380,16506,39573880,272040928
Chandigarh,2010,Other Nature of Property,9. Other kinds of Property,392,919,10233713,33323759
Chhattisgarh,2010,Other Nature of Property,9. Other kinds of Property,2734,7636,75164783,333386434
Dadra & Nagar Haveli,2010,Other Nature of Property,9. Other kinds of Property,30,66,2648477,23062162
Daman & Diu,2010,Other Nature of Property,9. Other kinds of Property,13,44,2276500,7050985
Delhi,2010,Other Nature of Property,9. Other kinds of Property,4299,11983,123069300,3088669818
Goa,2010,Other Nature of Property,9. Other kinds of Property,228,898,10007455,177751898
Gujarat,2010,Other Nature of Property,9. Other kinds of Property,4812,12801,320157958,2974493312
Haryana,2010,Other Nature of Property,9. Other kinds of Property,4083,9489,433985639,716967979
Himachal Pradesh,2010,Other Nature of Property,9. Other kinds of Property,298,1086,33482609,116654421
Jammu & Kashmir,2010,Other Nature of Property,9. Other kinds of Property,1050,2857,45625373,120460138
Jharkhand,2010,Other Nature of Property,9. Other kinds of Property,1539,6782,39124852,332217834
Karnataka,2010,Other Nature of Property,9. Other kinds of Property,6575,18184,643679075,1846862989
Kerala,2010,Other Nature of Property,9. Other kinds of Property,2919,7830,147124001,2536670258
Lakshadweep,2010,Other Nature of Property,9. Other kinds of Property,0,4,0,21000
Madhya Pradesh,2010,Other Nature of Property,9. Other kinds of Property,7302,19030,7252715942,7752217801
Maharashtra,2010,Other Nature of Property,9. Other kinds of Property,22043,58125,1460920104,21432675781
Manipur,2010,Other Nature of Property,9. Other kinds of Property,6,244,211960,64369889
Meghalaya,2010,Other Nature of Property,9. Other kinds of Property,157,724,5803460,41945821
Mizoram,2010,Other Nature of Property,9. Other kinds of Property,797,980,19718342,39878023
Nagaland,2010,Other Nature of Property,9. Other kinds of Property,84,471,26417560,352722191
Odisha,2010,Other Nature of Property,9. Other kinds of Property,4665,10091,237917007,931234705
Puducherry,2010,Other Nature of Property,9. Other kinds of Property,137,201,12268932,19298994
Punjab,2010,Other Nature of Property,9. Other kinds of Property,4574,6648,504920509,745616593
Rajasthan,2010,Other Nature of Property,9. Other kinds of Property,5966,13898,386623827,626068885
Sikkim,2010,Other Nature of Property,9. Other kinds of Property,26,96,338190,6371946
Tamil Nadu,2010,Other Nature of Property,9. Other kinds of Property,10507,13775,475352275,1082458060
Tripura,2010,Other Nature of Property,9. Other kinds of Property,109,682,3506652,23978171
Uttar Pradesh,2010,Other Nature of Property,9. Other kinds of Property,5955,16873,379748891,888114517
Uttarakhand,2010,Other Nature of Property,9. Other kinds of Property,663,1307,25967085,61939540
West Bengal,2010,Other Nature of Property,9. Other kinds of Property,2823,15768,485302833,2596508179
Andaman & Nicobar Islands,2001,Total Property(Nature),Total Property Stolen & Recovered,54,143,1192179,3184477
Andhra Pradesh,2001,Total Property(Nature),Total Property Stolen & Recovered,13418,25070,186103403,476038316
Arunachal Pradesh,2001,Total Property(Nature),Total Property Stolen & Recovered,300,858,9652850,58483056
Assam,2001,Total Property(Nature),Total Property Stolen & Recovered,2149,9778,24989343,121602215
Bihar,2001,Total Property(Nature),Total Property Stolen & Recovered,3357,18503,47713186,422706220
Chandigarh,2001,Total Property(Nature),Total Property Stolen & Recovered,714,1948,21114612,49527109
Chhattisgarh,2001,Total Property(Nature),Total Property Stolen & Recovered,3298,9894,37331973,112242456
Dadra & Nagar Haveli,2001,Total Property(Nature),Total Property Stolen & Recovered,43,106,5314436,11604547
Daman & Diu,2001,Total Property(Nature),Total Property Stolen & Recovered,21,94,2323494,14151158
Delhi,2001,Total Property(Nature),Total Property Stolen & Recovered,5893,25170,218254594,2127553393
Goa,2001,Total Property(Nature),Total Property Stolen & Recovered,289,1004,9521526,239891783
Gujarat,2001,Total Property(Nature),Total Property Stolen & Recovered,7385,24410,227693256,1149816876
Haryana,2001,Total Property(Nature),Total Property Stolen & Recovered,5103,10536,257829983,404891438
Himachal Pradesh,2001,Total Property(Nature),Total Property Stolen & Recovered,367,1573,24625652,59011695
Jammu & Kashmir,2001,Total Property(Nature),Total Property Stolen & Recovered,833,3531,33575768,100502822
Jharkhand,2001,Total Property(Nature),Total Property Stolen & Recovered,1411,5764,14052425,126668437
Karnataka,2001,Total Property(Nature),Total Property Stolen & Recovered,6652,21039,218531303,583882867
Kerala,2001,Total Property(Nature),Total Property Stolen & Recovered,3320,10442,99493533,433136856
Lakshadweep,2001,Total Property(Nature),Total Property Stolen & Recovered,5,12,35400,109290
Madhya Pradesh,2001,Total Property(Nature),Total Property Stolen & Recovered,11779,37554,203882247,501301044
Maharashtra,2001,Total Property(Nature),Total Property Stolen & Recovered,20787,60173,856697065,4001169316
Manipur,2001,Total Property(Nature),Total Property Stolen & Recovered,47,455,3658556,31017310
Meghalaya,2001,Total Property(Nature),Total Property Stolen & Recovered,191,713,3662712,13868800
Mizoram,2001,Total Property(Nature),Total Property Stolen & Recovered,866,1516,10038622,18857452
Nagaland,2001,Total Property(Nature),Total Property Stolen & Recovered,120,463,6805838,81016077
Odisha,2001,Total Property(Nature),Total Property Stolen & Recovered,5068,10167,52527851,220741872
Puducherry,2001,Total Property(Nature),Total Property Stolen & Recovered,303,651,4421759,10439367
Punjab,2001,Total Property(Nature),Total Property Stolen & Recovered,3045,5950,225006524,465830826
Rajasthan,2001,Total Property(Nature),Total Property Stolen & Recovered,7854,25326,358218186,582726219
Sikkim,2001,Total Property(Nature),Total Property Stolen & Recovered,40,129,1158845,3351263
Tamil Nadu,2001,Total Property(Nature),Total Property Stolen & Recovered,17295,24606,333439558,735013778
Tripura,2001,Total Property(Nature),Total Property Stolen & Recovered,130,579,724170,13759600
Uttar Pradesh,2001,Total Property(Nature),Total Property Stolen & Recovered,9376,36711,846220887,1485857593
Uttarakhand,2001,Total Property(Nature),Total Property Stolen & Recovered,549,2346,15855404,84480844
West Bengal,2001,Total Property(Nature),Total Property Stolen & Recovered,4359,18204,111594745,427887883
Andaman & Nicobar Islands,2002,Total Property(Nature),Total Property Stolen & Recovered,37,110,666759,1842721
Andhra Pradesh,2002,Total Property(Nature),Total Property Stolen & Recovered,14067,28340,216606581,550010981
Arunachal Pradesh,2002,Total Property(Nature),Total Property Stolen & Recovered,295,819,14786088,39483510
Assam,2002,Total Property(Nature),Total Property Stolen & Recovered,2258,10269,29712976,139977748
Bihar,2002,Total Property(Nature),Total Property Stolen & Recovered,3217,19333,47271522,254239400
Chandigarh,2002,Total Property(Nature),Total Property Stolen & Recovered,604,2055,23029062,71383551
Chhattisgarh,2002,Total Property(Nature),Total Property Stolen & Recovered,3068,8687,40621866,173008693
Dadra & Nagar Haveli,2002,Total Property(Nature),Total Property Stolen & Recovered,69,132,6083651,14931390
Daman & Diu,2002,Total Property(Nature),Total Property Stolen & Recovered,44,130,5347636,16411977
Delhi,2002,Total Property(Nature),Total Property Stolen & Recovered,8250,22681,100376887,1968908241
Goa,2002,Total Property(Nature),Total Property Stolen & Recovered,220,951,9847158,70067569
Gujarat,2002,Total Property(Nature),Total Property Stolen & Recovered,7433,24958,199710393,5415280620
Haryana,2002,Total Property(Nature),Total Property Stolen & Recovered,5230,10266,277900567,426332721
Himachal Pradesh,2002,Total Property(Nature),Total Property Stolen & Recovered,372,1350,22929845,130545075
Jammu & Kashmir,2002,Total Property(Nature),Total Property Stolen & Recovered,1059,3637,35295212,102159196
Jharkhand,2002,Total Property(Nature),Total Property Stolen & Recovered,1743,7668,25211240,155701111
Karnataka,2002,Total Property(Nature),Total Property Stolen & Recovered,7397,22219,264284974,638855643
Kerala,2002,Total Property(Nature),Total Property Stolen & Recovered,3386,11246,117814390,631615977
Lakshadweep,2002,Total Property(Nature),Total Property Stolen & Recovered,7,21,85295,209735
Madhya Pradesh,2002,Total Property(Nature),Total Property Stolen & Recovered,13122,37451,226088417,576014559
Maharashtra,2002,Total Property(Nature),Total Property Stolen & Recovered,19944,57544,1300723470,9816576492
Manipur,2002,Total Property(Nature),Total Property Stolen & Recovered,28,429,1814255,23206932
Meghalaya,2002,Total Property(Nature),Total Property Stolen & Recovered,158,758,5095486,17988692
Mizoram,2002,Total Property(Nature),Total Property Stolen & Recovered,961,1499,9221035,32811874
Nagaland,2002,Total Property(Nature),Total Property Stolen & Recovered,216,529,5752775,27644441
Odisha,2002,Total Property(Nature),Total Property Stolen & Recovered,4014,9287,76089944,212601484
Puducherry,2002,Total Property(Nature),Total Property Stolen & Recovered,255,675,4897427,13995944
Punjab,2002,Total Property(Nature),Total Property Stolen & Recovered,3498,6038,330784701,563501865
Rajasthan,2002,Total Property(Nature),Total Property Stolen & Recovered,6745,22730,338610258,570166500
Sikkim,2002,Total Property(Nature),Total Property Stolen & Recovered,29,118,398485,836030
Tamil Nadu,2002,Total Property(Nature),Total Property Stolen & Recovered,19263,25825,391752230,695528915
Tripura,2002,Total Property(Nature),Total Property Stolen & Recovered,123,619,1443478,30801738
Uttar Pradesh,2002,Total Property(Nature),Total Property Stolen & Recovered,8642,27826,486575305,782197250
Uttarakhand,2002,Total Property(Nature),Total Property Stolen & Recovered,623,1939,16294408,51953575
West Bengal,2002,Total Property(Nature),Total Property Stolen & Recovered,4274,19012,141080560,455513698
Andaman & Nicobar Islands,2003,Total Property(Nature),Total Property Stolen & Recovered,40,128,1001787,3183650
Andhra Pradesh,2003,Total Property(Nature),Total Property Stolen & Recovered,14975,33315,268491192,660684437
Arunachal Pradesh,2003,Total Property(Nature),Total Property Stolen & Recovered,265,776,17151100,44089224
Assam,2003,Total Property(Nature),Total Property Stolen & Recovered,2272,10298,51941294,182583864
Bihar,2003,Total Property(Nature),Total Property Stolen & Recovered,2976,19211,41222925,275325321
Chandigarh,2003,Total Property(Nature),Total Property Stolen & Recovered,775,1578,27951461,63722359
Chhattisgarh,2003,Total Property(Nature),Total Property Stolen & Recovered,2757,8592,42417804,146930510
Dadra & Nagar Haveli,2003,Total Property(Nature),Total Property Stolen & Recovered,58,132,6909142,74116906
Daman & Diu,2003,Total Property(Nature),Total Property Stolen & Recovered,32,107,7758679,18174225
Delhi,2003,Total Property(Nature),Total Property Stolen & Recovered,7847,20953,76625398,1938163132
Goa,2003,Total Property(Nature),Total Property Stolen & Recovered,325,847,8566930,275404206
Gujarat,2003,Total Property(Nature),Total Property Stolen & Recovered,8716,29407,308623233,3241929941
Haryana,2003,Total Property(Nature),Total Property Stolen & Recovered,5541,10024,335546082,491144301
Himachal Pradesh,2003,Total Property(Nature),Total Property Stolen & Recovered,406,1392,26443221,71797484
Jammu & Kashmir,2003,Total Property(Nature),Total Property Stolen & Recovered,1143,3768,57110184,130153108
Jharkhand,2003,Total Property(Nature),Total Property Stolen & Recovered,1827,7211,29646414,144100978
Karnataka,2003,Total Property(Nature),Total Property Stolen & Recovered,6708,22463,218541891,700067515
Kerala,2003,Total Property(Nature),Total Property Stolen & Recovered,3349,9843,125595872,570632818
Lakshadweep,2003,Total Property(Nature),Total Property Stolen & Recovered,3,14,96650,178650
Madhya Pradesh,2003,Total Property(Nature),Total Property Stolen & Recovered,12178,35947,235335412,600151731
Maharashtra,2003,Total Property(Nature),Total Property Stolen & Recovered,20159,57118,749453074,3874559515
Manipur,2003,Total Property(Nature),Total Property Stolen & Recovered,29,423,2323464,17190467
Meghalaya,2003,Total Property(Nature),Total Property Stolen & Recovered,103,728,2537849,268521456
Mizoram,2003,Total Property(Nature),Total Property Stolen & Recovered,1348,2063,11824395,18953062
Nagaland,2003,Total Property(Nature),Total Property Stolen & Recovered,163,437,4032287,9666617
Odisha,2003,Total Property(Nature),Total Property Stolen & Recovered,4607,9462,73064104,187440215
Puducherry,2003,Total Property(Nature),Total Property Stolen & Recovered,288,720,5686424,20367570
Punjab,2003,Total Property(Nature),Total Property Stolen & Recovered,3895,6806,392322250,727447197
Rajasthan,2003,Total Property(Nature),Total Property Stolen & Recovered,6845,23652,319666328,617440643
Sikkim,2003,Total Property(Nature),Total Property Stolen & Recovered,30,127,1270754,8579505
Tamil Nadu,2003,Total Property(Nature),Total Property Stolen & Recovered,18758,24082,368499696,539833082
Tripura,2003,Total Property(Nature),Total Property Stolen & Recovered,108,576,2965911,14532819
Uttar Pradesh,2003,Total Property(Nature),Total Property Stolen & Recovered,6363,18012,506787481,805220837
Uttarakhand,2003,Total Property(Nature),Total Property Stolen & Recovered,672,1948,16482052,51537513
West Bengal,2003,Total Property(Nature),Total Property Stolen & Recovered,4340,15618,132050530,556555474
Andaman & Nicobar Islands,2004,Total Property(Nature),Total Property Stolen & Recovered,95,175,3070433,5083318
Andhra Pradesh,2004,Total Property(Nature),Total Property Stolen & Recovered,15744,32463,282645926,776046128
Arunachal Pradesh,2004,Total Property(Nature),Total Property Stolen & Recovered,182,730,6137283,27988747
Assam,2004,Total Property(Nature),Total Property Stolen & Recovered,2264,10575,34821706,205124349
Bihar,2004,Total Property(Nature),Total Property Stolen & Recovered,3228,21673,60787255,382437886
Chandigarh,2004,Total Property(Nature),Total Property Stolen & Recovered,849,1775,36215872,75067586
Chhattisgarh,2004,Total Property(Nature),Total Property Stolen & Recovered,3383,10548,67401154,202799512
Dadra & Nagar Haveli,2004,Total Property(Nature),Total Property Stolen & Recovered,50,112,7241446,618751642
Daman & Diu,2004,Total Property(Nature),Total Property Stolen & Recovered,22,72,803600,4972825
Delhi,2004,Total Property(Nature),Total Property Stolen & Recovered,9593,24902,115582547,2294356956
Goa,2004,Total Property(Nature),Total Property Stolen & Recovered,312,846,9454256,95000374
Gujarat,2004,Total Property(Nature),Total Property Stolen & Recovered,8292,28241,288923468,6575355355
Haryana,2004,Total Property(Nature),Total Property Stolen & Recovered,5474,10821,286452866,462879255
Himachal Pradesh,2004,Total Property(Nature),Total Property Stolen & Recovered,481,1541,19122864,86940050
Jammu & Kashmir,2004,Total Property(Nature),Total Property Stolen & Recovered,1039,3621,47110376,111024669
Jharkhand,2004,Total Property(Nature),Total Property Stolen & Recovered,1743,7668,25211240,155701111
Karnataka,2004,Total Property(Nature),Total Property Stolen & Recovered,7106,24265,303383721,812326481
Kerala,2004,Total Property(Nature),Total Property Stolen & Recovered,3824,10598,118246729,467846875
Lakshadweep,2004,Total Property(Nature),Total Property Stolen & Recovered,3,7,3410,7770
Madhya Pradesh,2004,Total Property(Nature),Total Property Stolen & Recovered,13442,37646,241735232,627039527
Maharashtra,2004,Total Property(Nature),Total Property Stolen & Recovered,21721,65025,810624001,5206095253
Manipur,2004,Total Property(Nature),Total Property Stolen & Recovered,31,392,5450783,40213990
Meghalaya,2004,Total Property(Nature),Total Property Stolen & Recovered,135,711,14458164,127591156
Mizoram,2004,Total Property(Nature),Total Property Stolen & Recovered,640,876,880200,1354490
Nagaland,2004,Total Property(Nature),Total Property Stolen & Recovered,99,281,2491525,11990446
Odisha,2004,Total Property(Nature),Total Property Stolen & Recovered,4759,10415,87102662,228543539
Puducherry,2004,Total Property(Nature),Total Property Stolen & Recovered,464,730,7984326,14967498
Punjab,2004,Total Property(Nature),Total Property Stolen & Recovered,2935,5355,378750565,1102678622
Rajasthan,2004,Total Property(Nature),Total Property Stolen & Recovered,6796,24551,339005144,628070424
Sikkim,2004,Total Property(Nature),Total Property Stolen & Recovered,42,168,2086835,14489542
Tamil Nadu,2004,Total Property(Nature),Total Property Stolen & Recovered,18546,22489,356073796,554827854
Tripura,2004,Total Property(Nature),Total Property Stolen & Recovered,94,577,6652735,16328043
Uttar Pradesh,2004,Total Property(Nature),Total Property Stolen & Recovered,8479,26487,578303988,1038790881
Uttarakhand,2004,Total Property(Nature),Total Property Stolen & Recovered,658,2181,16075668,58231731
West Bengal,2004,Total Property(Nature),Total Property Stolen & Recovered,4854,17679,134405024,586035607
Andaman & Nicobar Islands,2005,Total Property(Nature),Total Property Stolen & Recovered,80,172,4202483,261703281
Andhra Pradesh,2005,Total Property(Nature),Total Property Stolen & Recovered,17962,32858,384024399,835804568
Arunachal Pradesh,2005,Total Property(Nature),Total Property Stolen & Recovered,247,949,10650151,103453293
Assam,2005,Total Property(Nature),Total Property Stolen & Recovered,2881,10589,53159940,226208836
Bihar,2005,Total Property(Nature),Total Property Stolen & Recovered,3206,20015,50933407,308853991
Chandigarh,2005,Total Property(Nature),Total Property Stolen & Recovered,806,1796,23799716,68882824
Chhattisgarh,2005,Total Property(Nature),Total Property Stolen & Recovered,3744,10154,144020041,284057082
Dadra & Nagar Haveli,2005,Total Property(Nature),Total Property Stolen & Recovered,66,126,15960625,24498525
Daman & Diu,2005,Total Property(Nature),Total Property Stolen & Recovered,24,100,1156843,8485596
Delhi,2005,Total Property(Nature),Total Property Stolen & Recovered,10505,24493,95162967,2059791640
Goa,2005,Total Property(Nature),Total Property Stolen & Recovered,273,854,14036795,97755667
Gujarat,2005,Total Property(Nature),Total Property Stolen & Recovered,8366,26642,354357628,3780550600
Haryana,2005,Total Property(Nature),Total Property Stolen & Recovered,6343,13584,750221865,969967442
Himachal Pradesh,2005,Total Property(Nature),Total Property Stolen & Recovered,479,1551,28142036,77410389
Jammu & Kashmir,2005,Total Property(Nature),Total Property Stolen & Recovered,979,3544,43064999,110658546
Jharkhand,2005,Total Property(Nature),Total Property Stolen & Recovered,1885,8814,35909015,196743782
Karnataka,2005,Total Property(Nature),Total Property Stolen & Recovered,7973,25185,357261516,2781334074
Kerala,2005,Total Property(Nature),Total Property Stolen & Recovered,3532,10952,95246439,672098935
Lakshadweep,2005,Total Property(Nature),Total Property Stolen & Recovered,2,9,9410,261658
Madhya Pradesh,2005,Total Property(Nature),Total Property Stolen & Recovered,12822,34691,277709045,695025291
Maharashtra,2005,Total Property(Nature),Total Property Stolen & Recovered,23704,70162,885513709,6472818409
Manipur,2005,Total Property(Nature),Total Property Stolen & Recovered,34,389,886110,115514363
Meghalaya,2005,Total Property(Nature),Total Property Stolen & Recovered,154,747,6766862,36733679
Mizoram,2005,Total Property(Nature),Total Property Stolen & Recovered,963,1270,12239706,18816636
Nagaland,2005,Total Property(Nature),Total Property Stolen & Recovered,130,492,10038405,24030333
Odisha,2005,Total Property(Nature),Total Property Stolen & Recovered,5528,11276,120929669,303393660
Puducherry,2005,Total Property(Nature),Total Property Stolen & Recovered,377,549,14721134,19654615
Punjab,2005,Total Property(Nature),Total Property Stolen & Recovered,3406,5700,562267445,803333365
Rajasthan,2005,Total Property(Nature),Total Property Stolen & Recovered,6921,19690,410789941,736101719
Sikkim,2005,Total Property(Nature),Total Property Stolen & Recovered,40,166,1267560,5335878
Tamil Nadu,2005,Total Property(Nature),Total Property Stolen & Recovered,17227,20352,313875556,434945098
Tripura,2005,Total Property(Nature),Total Property Stolen & Recovered,107,640,4924595,24059098
Uttar Pradesh,2005,Total Property(Nature),Total Property Stolen & Recovered,7898,23644,547115327,965375333
Uttarakhand,2005,Total Property(Nature),Total Property Stolen & Recovered,717,2186,20230893,69814936
West Bengal,2005,Total Property(Nature),Total Property Stolen & Recovered,4435,15448,109385164,496521039
Andaman & Nicobar Islands,2006,Total Property(Nature),Total Property Stolen & Recovered,81,191,2216709,7080770
Andhra Pradesh,2006,Total Property(Nature),Total Property Stolen & Recovered,16837,32815,436102758,996024721
Arunachal Pradesh,2006,Total Property(Nature),Total Property Stolen & Recovered,334,871,11115684,46993246
Assam,2006,Total Property(Nature),Total Property Stolen & Recovered,3159,12583,181939717,517377449
Bihar,2006,Total Property(Nature),Total Property Stolen & Recovered,3182,20326,45435277,283145127
Chandigarh,2006,Total Property(Nature),Total Property Stolen & Recovered,834,1648,29172639,61267281
Chhattisgarh,2006,Total Property(Nature),Total Property Stolen & Recovered,3515,9688,79645052,349906478
Dadra & Nagar Haveli,2006,Total Property(Nature),Total Property Stolen & Recovered,57,152,9943910,70488560
Daman & Diu,2006,Total Property(Nature),Total Property Stolen & Recovered,26,144,3033840,19301080
Delhi,2006,Total Property(Nature),Total Property Stolen & Recovered,9851,24041,135236686,2548624593
Goa,2006,Total Property(Nature),Total Property Stolen & Recovered,240,801,18044619,128964711
Gujarat,2006,Total Property(Nature),Total Property Stolen & Recovered,8903,27217,311989512,2588819656
Haryana,2006,Total Property(Nature),Total Property Stolen & Recovered,7695,16375,440261907,793943325
Himachal Pradesh,2006,Total Property(Nature),Total Property Stolen & Recovered,504,1752,40052403,141066404
Jammu & Kashmir,2006,Total Property(Nature),Total Property Stolen & Recovered,1068,3531,58372605,132745856
Jharkhand,2006,Total Property(Nature),Total Property Stolen & Recovered,1730,9625,27779882,170093250
Karnataka,2006,Total Property(Nature),Total Property Stolen & Recovered,7752,23164,327583403,976059874
Kerala,2006,Total Property(Nature),Total Property Stolen & Recovered,3087,10564,122680460,1441512632
Lakshadweep,2006,Total Property(Nature),Total Property Stolen & Recovered,12,19,111200,376300
Madhya Pradesh,2006,Total Property(Nature),Total Property Stolen & Recovered,12874,35604,323758170,1112553051
Maharashtra,2006,Total Property(Nature),Total Property Stolen & Recovered,24180,70004,1038628130,7247492694
Manipur,2006,Total Property(Nature),Total Property Stolen & Recovered,36,538,1393005,55464597
Meghalaya,2006,Total Property(Nature),Total Property Stolen & Recovered,161,758,6506859,46353666
Mizoram,2006,Total Property(Nature),Total Property Stolen & Recovered,895,1203,10827472,51113034
Nagaland,2006,Total Property(Nature),Total Property Stolen & Recovered,196,511,10480827,178771972
Odisha,2006,Total Property(Nature),Total Property Stolen & Recovered,5927,11465,136889225,410264680
Puducherry,2006,Total Property(Nature),Total Property Stolen & Recovered,347,657,22257370,28496009
Punjab,2006,Total Property(Nature),Total Property Stolen & Recovered,3998,7388,276979875,560219626
Rajasthan,2006,Total Property(Nature),Total Property Stolen & Recovered,7192,22623,454715661,805113937
Sikkim,2006,Total Property(Nature),Total Property Stolen & Recovered,61,216,2802200,9314414
Tamil Nadu,2006,Total Property(Nature),Total Property Stolen & Recovered,15620,17787,357485712,488594368
Tripura,2006,Total Property(Nature),Total Property Stolen & Recovered,228,898,6384673,27870880
Uttar Pradesh,2006,Total Property(Nature),Total Property Stolen & Recovered,8133,23845,1000583842,1087334791
Uttarakhand,2006,Total Property(Nature),Total Property Stolen & Recovered,723,1922,20570400,69956644
West Bengal,2006,Total Property(Nature),Total Property Stolen & Recovered,3600,15721,121322464,586751748
Andaman & Nicobar Islands,2007,Total Property(Nature),Total Property Stolen & Recovered,63,223,2627416,10346456
Andhra Pradesh,2007,Total Property(Nature),Total Property Stolen & Recovered,17746,32739,463292906,946145497
Arunachal Pradesh,2007,Total Property(Nature),Total Property Stolen & Recovered,386,896,19622170,98711949
Assam,2007,Total Property(Nature),Total Property Stolen & Recovered,3407,17809,57835155,221355879
Bihar,2007,Total Property(Nature),Total Property Stolen & Recovered,2778,19494,53220988,327832613
Chandigarh,2007,Total Property(Nature),Total Property Stolen & Recovered,808,2201,30425210,99772207
Chhattisgarh,2007,Total Property(Nature),Total Property Stolen & Recovered,3605,9837,142302236,344666888
Dadra & Nagar Haveli,2007,Total Property(Nature),Total Property Stolen & Recovered,63,146,38924810,68476623
Daman & Diu,2007,Total Property(Nature),Total Property Stolen & Recovered,16,105,6122750,32104265
Delhi,2007,Total Property(Nature),Total Property Stolen & Recovered,8449,23713,100794714,1849610325
Goa,2007,Total Property(Nature),Total Property Stolen & Recovered,237,845,17147274,129339357
Gujarat,2007,Total Property(Nature),Total Property Stolen & Recovered,8735,26069,402552487,1693060148
Haryana,2007,Total Property(Nature),Total Property Stolen & Recovered,7895,17536,503716384,889795438
Himachal Pradesh,2007,Total Property(Nature),Total Property Stolen & Recovered,557,2114,44316726,159234517
Jammu & Kashmir,2007,Total Property(Nature),Total Property Stolen & Recovered,1267,3808,76286462,205535168
Jharkhand,2007,Total Property(Nature),Total Property Stolen & Recovered,1582,10245,37075425,228644383
Karnataka,2007,Total Property(Nature),Total Property Stolen & Recovered,9429,22130,334206596,1238690783
Kerala,2007,Total Property(Nature),Total Property Stolen & Recovered,3763,12938,132700991,1538477397
Lakshadweep,2007,Total Property(Nature),Total Property Stolen & Recovered,3,26,66597,848323
Madhya Pradesh,2007,Total Property(Nature),Total Property Stolen & Recovered,13069,36934,424700650,959574841
Maharashtra,2007,Total Property(Nature),Total Property Stolen & Recovered,25106,71909,1462054517,10224489784
Manipur,2007,Total Property(Nature),Total Property Stolen & Recovered,24,893,1125910,114393817
Meghalaya,2007,Total Property(Nature),Total Property Stolen & Recovered,331,862,8370357,33349690
Mizoram,2007,Total Property(Nature),Total Property Stolen & Recovered,950,1281,29277424,57842771
Nagaland,2007,Total Property(Nature),Total Property Stolen & Recovered,116,576,13297970,51881342
Odisha,2007,Total Property(Nature),Total Property Stolen & Recovered,5667,12945,125979222,485922479
Puducherry,2007,Total Property(Nature),Total Property Stolen & Recovered,419,891,12566834,29524932
Punjab,2007,Total Property(Nature),Total Property Stolen & Recovered,5104,9213,448320542,830886540
Rajasthan,2007,Total Property(Nature),Total Property Stolen & Recovered,7725,25019,567313354,983019394
Sikkim,2007,Total Property(Nature),Total Property Stolen & Recovered,73,214,3310680,10673509
Tamil Nadu,2007,Total Property(Nature),Total Property Stolen & Recovered,15374,17875,495527011,680515631
Tripura,2007,Total Property(Nature),Total Property Stolen & Recovered,132,744,5015325,51376269
Uttar Pradesh,2007,Total Property(Nature),Total Property Stolen & Recovered,9068,26858,733279256,1259783227
Uttarakhand,2007,Total Property(Nature),Total Property Stolen & Recovered,780,2185,33282046,103755889
West Bengal,2007,Total Property(Nature),Total Property Stolen & Recovered,3568,17277,138824494,848181023
Andaman & Nicobar Islands,2008,Total Property(Nature),Total Property Stolen & Recovered,112,232,3878055,12614678
Andhra Pradesh,2008,Total Property(Nature),Total Property Stolen & Recovered,18274,34242,560320881,1208118982
Arunachal Pradesh,2008,Total Property(Nature),Total Property Stolen & Recovered,401,871,24196386,88071518
Assam,2008,Total Property(Nature),Total Property Stolen & Recovered,3857,13896,76895325,343487013
Bihar,2008,Total Property(Nature),Total Property Stolen & Recovered,3414,21324,55371417,464392646
Chandigarh,2008,Total Property(Nature),Total Property Stolen & Recovered,810,2529,42022211,119337288
Chhattisgarh,2008,Total Property(Nature),Total Property Stolen & Recovered,3671,11111,131722842,383749576
Dadra & Nagar Haveli,2008,Total Property(Nature),Total Property Stolen & Recovered,66,138,7828080,37855040
Daman & Diu,2008,Total Property(Nature),Total Property Stolen & Recovered,31,107,4230400,46597505
Delhi,2008,Total Property(Nature),Total Property Stolen & Recovered,5674,24583,100513072,3585385648
Goa,2008,Total Property(Nature),Total Property Stolen & Recovered,293,1021,24414356,116536210
Gujarat,2008,Total Property(Nature),Total Property Stolen & Recovered,9316,28840,401438417,2542202074
Haryana,2008,Total Property(Nature),Total Property Stolen & Recovered,7704,19382,508379848,964429164
Himachal Pradesh,2008,Total Property(Nature),Total Property Stolen & Recovered,658,2214,44637193,162707882
Jammu & Kashmir,2008,Total Property(Nature),Total Property Stolen & Recovered,1098,3694,61033622,163989540
Jharkhand,2008,Total Property(Nature),Total Property Stolen & Recovered,1657,10132,35320406,359861979
Karnataka,2008,Total Property(Nature),Total Property Stolen & Recovered,8160,26727,609152500,1921058853
Kerala,2008,Total Property(Nature),Total Property Stolen & Recovered,3879,12318,139104039,2577732881
Lakshadweep,2008,Total Property(Nature),Total Property Stolen & Recovered,3,11,99000,244000
Madhya Pradesh,2008,Total Property(Nature),Total Property Stolen & Recovered,13504,39064,334055917,1090769341
Maharashtra,2008,Total Property(Nature),Total Property Stolen & Recovered,26935,78569,1344884834,15469344396
Manipur,2008,Total Property(Nature),Total Property Stolen & Recovered,29,910,1988250,107265774
Meghalaya,2008,Total Property(Nature),Total Property Stolen & Recovered,296,1238,8349971,79852320
Mizoram,2008,Total Property(Nature),Total Property Stolen & Recovered,893,1154,21015932,29367749
Nagaland,2008,Total Property(Nature),Total Property Stolen & Recovered,80,563,3743186,419727342
Odisha,2008,Total Property(Nature),Total Property Stolen & Recovered,5905,12182,175265891,560367972
Puducherry,2008,Total Property(Nature),Total Property Stolen & Recovered,375,813,15247896,30018652
Punjab,2008,Total Property(Nature),Total Property Stolen & Recovered,5702,9642,507056563,845629659
Rajasthan,2008,Total Property(Nature),Total Property Stolen & Recovered,7409,24813,590556997,1049255128
Sikkim,2008,Total Property(Nature),Total Property Stolen & Recovered,76,222,4275311,164361102
Tamil Nadu,2008,Total Property(Nature),Total Property Stolen & Recovered,16221,19918,495235732,679476182
Tripura,2008,Total Property(Nature),Total Property Stolen & Recovered,307,902,3145635,49011382
Uttar Pradesh,2008,Total Property(Nature),Total Property Stolen & Recovered,9846,29291,1161786732,1820103969
Uttarakhand,2008,Total Property(Nature),Total Property Stolen & Recovered,759,2033,32982620,109696729
West Bengal,2008,Total Property(Nature),Total Property Stolen & Recovered,4109,21809,151338168,926940952
Andaman & Nicobar Islands,2009,Total Property(Nature),Total Property Stolen & Recovered,106,238,6081185,10328590
Andhra Pradesh,2009,Total Property(Nature),Total Property Stolen & Recovered,17384,33162,637818133,1399488392
Arunachal Pradesh,2009,Total Property(Nature),Total Property Stolen & Recovered,327,715,168882335,246090594
Assam,2009,Total Property(Nature),Total Property Stolen & Recovered,3171,13289,144813019,525464095
Bihar,2009,Total Property(Nature),Total Property Stolen & Recovered,3400,23314,72473571,507723195
Chandigarh,2009,Total Property(Nature),Total Property Stolen & Recovered,669,2275,26839645,108099228
Chhattisgarh,2009,Total Property(Nature),Total Property Stolen & Recovered,3792,10776,144046856,414738010
Dadra & Nagar Haveli,2009,Total Property(Nature),Total Property Stolen & Recovered,62,154,10178408,53048623
Daman & Diu,2009,Total Property(Nature),Total Property Stolen & Recovered,19,84,4521340,13412092
Delhi,2009,Total Property(Nature),Total Property Stolen & Recovered,6367,26693,244579475,7785717012
Goa,2009,Total Property(Nature),Total Property Stolen & Recovered,319,1242,26756962,656580967
Gujarat,2009,Total Property(Nature),Total Property Stolen & Recovered,8487,27407,483489012,2731563586
Haryana,2009,Total Property(Nature),Total Property Stolen & Recovered,7569,19595,482839759,990054398
Himachal Pradesh,2009,Total Property(Nature),Total Property Stolen & Recovered,536,1804,43091787,327419480
Jammu & Kashmir,2009,Total Property(Nature),Total Property Stolen & Recovered,1522,4341,85958912,214105545
Jharkhand,2009,Total Property(Nature),Total Property Stolen & Recovered,1953,10989,50457871,317553840
Karnataka,2009,Total Property(Nature),Total Property Stolen & Recovered,8933,30575,873516628,2511469442
Kerala,2009,Total Property(Nature),Total Property Stolen & Recovered,4479,11943,384303742,2812836460
Lakshadweep,2009,Total Property(Nature),Total Property Stolen & Recovered,11,58,300000,3077000
Madhya Pradesh,2009,Total Property(Nature),Total Property Stolen & Recovered,12714,37513,431865921,1101317559
Maharashtra,2009,Total Property(Nature),Total Property Stolen & Recovered,26097,77240,1352937107,12613758173
Manipur,2009,Total Property(Nature),Total Property Stolen & Recovered,33,698,48045570,119195331
Meghalaya,2009,Total Property(Nature),Total Property Stolen & Recovered,201,895,9579430,53628510
Mizoram,2009,Total Property(Nature),Total Property Stolen & Recovered,820,1213,42121387,151610184
Nagaland,2009,Total Property(Nature),Total Property Stolen & Recovered,88,770,21476025,736004694
Odisha,2009,Total Property(Nature),Total Property Stolen & Recovered,4873,12250,221987559,2775976092
Puducherry,2009,Total Property(Nature),Total Property Stolen & Recovered,484,807,17989480,29088679
Punjab,2009,Total Property(Nature),Total Property Stolen & Recovered,5297,9626,551202680,872707482
Rajasthan,2009,Total Property(Nature),Total Property Stolen & Recovered,4519,18178,814204198,1475572408
Sikkim,2009,Total Property(Nature),Total Property Stolen & Recovered,54,163,1992410,11445805
Tamil Nadu,2009,Total Property(Nature),Total Property Stolen & Recovered,16645,21489,593385049,894346136
Tripura,2009,Total Property(Nature),Total Property Stolen & Recovered,242,826,7188915,55631705
Uttar Pradesh,2009,Total Property(Nature),Total Property Stolen & Recovered,8588,32243,501281580,1240903869
Uttarakhand,2009,Total Property(Nature),Total Property Stolen & Recovered,836,1791,31904184,94997882
West Bengal,2009,Total Property(Nature),Total Property Stolen & Recovered,4801,21586,223031097,1095102416
Andaman & Nicobar Islands,2010,Total Property(Nature),Total Property Stolen & Recovered,90,219,1877591,8005476
Andhra Pradesh,2010,Total Property(Nature),Total Property Stolen & Recovered,19848,36407,725079668,1533054566
Arunachal Pradesh,2010,Total Property(Nature),Total Property Stolen & Recovered,287,831,41183072,194577564
Assam,2010,Total Property(Nature),Total Property Stolen & Recovered,1974,13694,104395362,424234339
Bihar,2010,Total Property(Nature),Total Property Stolen & Recovered,3180,22727,74962835,547924668
Chandigarh,2010,Total Property(Nature),Total Property Stolen & Recovered,725,2055,52203913,120437559
Chhattisgarh,2010,Total Property(Nature),Total Property Stolen & Recovered,3623,10569,136704392,472964216
Dadra & Nagar Haveli,2010,Total Property(Nature),Total Property Stolen & Recovered,51,123,4187591,29755928
Daman & Diu,2010,Total Property(Nature),Total Property Stolen & Recovered,32,85,5469085,14016402
Delhi,2010,Total Property(Nature),Total Property Stolen & Recovered,6500,28118,201822779,4195381977
Goa,2010,Total Property(Nature),Total Property Stolen & Recovered,434,1483,23233792,231265838
Gujarat,2010,Total Property(Nature),Total Property Stolen & Recovered,7689,23839,472276132,3496820849
Haryana,2010,Total Property(Nature),Total Property Stolen & Recovered,8106,23549,659378421,1247668627
Himachal Pradesh,2010,Total Property(Nature),Total Property Stolen & Recovered,539,1709,60928343,190373429
Jammu & Kashmir,2010,Total Property(Nature),Total Property Stolen & Recovered,1351,3978,97683758,226297520
Jharkhand,2010,Total Property(Nature),Total Property Stolen & Recovered,2153,10318,63504472,472956236
Karnataka,2010,Total Property(Nature),Total Property Stolen & Recovered,10293,29717,999646710,2411483345
Kerala,2010,Total Property(Nature),Total Property Stolen & Recovered,3914,9982,200163315,2685755183
Lakshadweep,2010,Total Property(Nature),Total Property Stolen & Recovered,3,7,22000,43000
Madhya Pradesh,2010,Total Property(Nature),Total Property Stolen & Recovered,11549,34358,7470011363,8265789122
Maharashtra,2010,Total Property(Nature),Total Property Stolen & Recovered,27960,80663,2337827896,23776254525
Manipur,2010,Total Property(Nature),Total Property Stolen & Recovered,37,665,1728760,92424968
Meghalaya,2010,Total Property(Nature),Total Property Stolen & Recovered,232,952,10255264,61353634
Mizoram,2010,Total Property(Nature),Total Property Stolen & Recovered,1112,1371,25117966,49795319
Nagaland,2010,Total Property(Nature),Total Property Stolen & Recovered,125,785,35836810,373911241
Odisha,2010,Total Property(Nature),Total Property Stolen & Recovered,5690,12691,311033656,1116660883
Puducherry,2010,Total Property(Nature),Total Property Stolen & Recovered,325,625,18752582,30249484
Punjab,2010,Total Property(Nature),Total Property Stolen & Recovered,5885,9873,646232099,1056728815
Rajasthan,2010,Total Property(Nature),Total Property Stolen & Recovered,8551,28152,854388626,1395764020
Sikkim,2010,Total Property(Nature),Total Property Stolen & Recovered,38,134,1444190,9445146
Tamil Nadu,2010,Total Property(Nature),Total Property Stolen & Recovered,16125,21509,660311804,1317919190
Tripura,2010,Total Property(Nature),Total Property Stolen & Recovered,192,879,5666102,33032746
Uttar Pradesh,2010,Total Property(Nature),Total Property Stolen & Recovered,9130,35068,577591772,1442670414
Uttarakhand,2010,Total Property(Nature),Total Property Stolen & Recovered,964,2234,47135685,123398840
West Bengal,2010,Total Property(Nature),Total Property Stolen & Recovered,4548,23759,1168242161,5015168687
Andaman & Nicobar Islands,2001,Burglary - Property,3. Burglary,27,64,755858,1321961
Andhra Pradesh,2001,Burglary - Property,3. Burglary,3321,7134,51483437,147019348
Arunachal Pradesh,2001,Burglary - Property,3. Burglary,66,248,825115,4931904
Assam,2001,Burglary - Property,3. Burglary,539,2423,3722850,21466955
Bihar,2001,Burglary - Property,3. Burglary,367,3231,2327135,17023937
Chandigarh,2001,Burglary - Property,3. Burglary,119,364,1804823,10217378
Chhattisgarh,2001,Burglary - Property,3. Burglary,1169,4144,6518261,30457033
Dadra & Nagar Haveli,2001,Burglary - Property,3. Burglary,10,34,247140,1333389
Daman & Diu,2001,Burglary - Property,3. Burglary,7,43,479300,2084845
Delhi,2001,Burglary - Property,3. Burglary,642,3029,39632177,150033824
Goa,2001,Burglary - Property,3. Burglary,65,347,895875,9991574
Gujarat,2001,Burglary - Property,3. Burglary,1124,4928,20821285,141650158
Haryana,2001,Burglary - Property,3. Burglary,1257,3098,27369980,64576543
Himachal Pradesh,2001,Burglary - Property,3. Burglary,93,812,2936881,17092490
Jammu & Kashmir,2001,Burglary - Property,3. Burglary,161,1345,2905184,27222163
Jharkhand,2001,Burglary - Property,3. Burglary,186,1150,757019,9552273
Karnataka,2001,Burglary - Property,3. Burglary,1768,6394,42221208,139393376
Kerala,2001,Burglary - Property,3. Burglary,815,4185,21414046,131614945
Lakshadweep,2001,Burglary - Property,3. Burglary,0,1,0,12000
Madhya Pradesh,2001,Burglary - Property,3. Burglary,3526,13549,31332930,118549565
Maharashtra,2001,Burglary - Property,3. Burglary,3595,13881,62519296,444283747
Manipur,2001,Burglary - Property,3. Burglary,3,75,58311,2658341
Meghalaya,2001,Burglary - Property,3. Burglary,50,170,324600,1354414
Mizoram,2001,Burglary - Property,3. Burglary,188,417,1595997,3249203
Nagaland,2001,Burglary - Property,3. Burglary,21,84,1413954,6922133
Odisha,2001,Burglary - Property,3. Burglary,1388,3061,8474685,46361453
Puducherry,2001,Burglary - Property,3. Burglary,34,111,549650,2857023
Punjab,2001,Burglary - Property,3. Burglary,721,1902,14056644,73809455
Rajasthan,2001,Burglary - Property,3. Burglary,1926,6867,35754908,117399424
Sikkim,2001,Burglary - Property,3. Burglary,16,71,217600,861706
Tamil Nadu,2001,Burglary - Property,3. Burglary,3227,5919,51446376,124908287
Tripura,2001,Burglary - Property,3. Burglary,42,198,358200,3156795
Uttar Pradesh,2001,Burglary - Property,3. Burglary,1081,6953,542439850,664903989
Uttarakhand,2001,Burglary - Property,3. Burglary,78,533,1005993,9915454
West Bengal,2001,Burglary - Property,3. Burglary,100,426,3066048,12787328
Andaman & Nicobar Islands,2002,Burglary - Property,3. Burglary,13,49,201275,491892
Andhra Pradesh,2002,Burglary - Property,3. Burglary,3166,7581,61296964,176224716
Arunachal Pradesh,2002,Burglary - Property,3. Burglary,66,249,4414636,8057641
Assam,2002,Burglary - Property,3. Burglary,484,2504,3594961,22146550
Bihar,2002,Burglary - Property,3. Burglary,371,3182,2490854,20176572
Chandigarh,2002,Burglary - Property,3. Burglary,83,336,3310301,13967262
Chhattisgarh,2002,Burglary - Property,3. Burglary,902,3731,6998830,30830441
Dadra & Nagar Haveli,2002,Burglary - Property,3. Burglary,13,38,1145571,2525660
Daman & Diu,2002,Burglary - Property,3. Burglary,14,56,2429100,4539519
Delhi,2002,Burglary - Property,3. Burglary,843,2360,7695881,131034713
Goa,2002,Burglary - Property,3. Burglary,74,359,1753917,12622949
Gujarat,2002,Burglary - Property,3. Burglary,1183,5153,21424048,181149074
Haryana,2002,Burglary - Property,3. Burglary,1360,3048,28293801,66317650
Himachal Pradesh,2002,Burglary - Property,3. Burglary,121,642,1595224,84519165
Jammu & Kashmir,2002,Burglary - Property,3. Burglary,167,1321,3479429,31854450
Jharkhand,2002,Burglary - Property,3. Burglary,220,1419,1208261,10289240
Karnataka,2002,Burglary - Property,3. Burglary,1987,6480,61391062,178997480
Kerala,2002,Burglary - Property,3. Burglary,928,4447,20039092,197320724
Lakshadweep,2002,Burglary - Property,3. Burglary,2,9,26795,115645
Madhya Pradesh,2002,Burglary - Property,3. Burglary,4107,13344,31684582,139525244
Maharashtra,2002,Burglary - Property,3. Burglary,3634,13273,73463306,468021474
Manipur,2002,Burglary - Property,3. Burglary,1,44,9525,4136635
Meghalaya,2002,Burglary - Property,3. Burglary,18,153,235630,2883366
Mizoram,2002,Burglary - Property,3. Burglary,217,446,2257657,13007402
Nagaland,2002,Burglary - Property,3. Burglary,34,110,413370,4121381
Odisha,2002,Burglary - Property,3. Burglary,1087,2755,11344562,44470276
Puducherry,2002,Burglary - Property,3. Burglary,38,129,1135868,3208215
Punjab,2002,Burglary - Property,3. Burglary,770,1928,18281270,77239545
Rajasthan,2002,Burglary - Property,3. Burglary,1855,6300,38679925,112170907
Sikkim,2002,Burglary - Property,3. Burglary,9,45,24600,171030
Tamil Nadu,2002,Burglary - Property,3. Burglary,2953,5492,45654971,115086173
Tripura,2002,Burglary - Property,3. Burglary,39,192,276519,3096253
Uttar Pradesh,2002,Burglary - Property,3. Burglary,1028,4861,36078709,121312730
Uttarakhand,2002,Burglary - Property,3. Burglary,113,496,3509806,14733698
West Bengal,2002,Burglary - Property,3. Burglary,128,348,1701319,14912291
Andaman & Nicobar Islands,2003,Burglary - Property,3. Burglary,16,56,681962,1068059
Andhra Pradesh,2003,Burglary - Property,3. Burglary,3475,8969,64794798,195788844
Arunachal Pradesh,2003,Burglary - Property,3. Burglary,83,253,12276582,18114179
Assam,2003,Burglary - Property,3. Burglary,509,2606,4036694,19841323
Bihar,2003,Burglary - Property,3. Burglary,305,2986,1719760,19821137
Chandigarh,2003,Burglary - Property,3. Burglary,85,204,1336159,7223758
Chhattisgarh,2003,Burglary - Property,3. Burglary,968,3621,8190813,38433339
Dadra & Nagar Haveli,2003,Burglary - Property,3. Burglary,12,41,3336861,6259345
Daman & Diu,2003,Burglary - Property,3. Burglary,5,41,141411,1419192
Delhi,2003,Burglary - Property,3. Burglary,758,1898,4268081,84069640
Goa,2003,Burglary - Property,3. Burglary,109,244,2170727,10457254
Gujarat,2003,Burglary - Property,3. Burglary,1334,5684,27303140,186884277
Haryana,2003,Burglary - Property,3. Burglary,1411,2967,35400318,68528246
Himachal Pradesh,2003,Burglary - Property,3. Burglary,105,645,1556198,13237009
Jammu & Kashmir,2003,Burglary - Property,3. Burglary,224,1526,5203336,40211927
Jharkhand,2003,Burglary - Property,3. Burglary,192,1374,1175731,10735942
Karnataka,2003,Burglary - Property,3. Burglary,1530,6049,36028899,147855476
Kerala,2003,Burglary - Property,3. Burglary,1053,4164,18605342,136448825
Lakshadweep,2003,Burglary - Property,3. Burglary,0,6,0,65000
Madhya Pradesh,2003,Burglary - Property,3. Burglary,3589,12641,29830876,155291507
Maharashtra,2003,Burglary - Property,3. Burglary,3766,13202,65230975,635796246
Manipur,2003,Burglary - Property,3. Burglary,1,68,1800,3049066
Meghalaya,2003,Burglary - Property,3. Burglary,13,160,156430,75269392
Mizoram,2003,Burglary - Property,3. Burglary,268,487,3079379,4920998
Nagaland,2003,Burglary - Property,3. Burglary,19,82,603404,2172262
Odisha,2003,Burglary - Property,3. Burglary,1231,2910,13996401,48730506
Puducherry,2003,Burglary - Property,3. Burglary,56,126,1679750,6744373
Punjab,2003,Burglary - Property,3. Burglary,797,2094,19620531,86923821
Rajasthan,2003,Burglary - Property,3. Burglary,1588,5779,50150183,129565091
Sikkim,2003,Burglary - Property,3. Burglary,7,48,318439,1546492
Tamil Nadu,2003,Burglary - Property,3. Burglary,2877,4849,55816582,111017636
Tripura,2003,Burglary - Property,3. Burglary,19,167,246425,2391169
Uttar Pradesh,2003,Burglary - Property,3. Burglary,752,2928,142320613,190722347
Uttarakhand,2003,Burglary - Property,3. Burglary,122,513,3045988,11715052
West Bengal,2003,Burglary - Property,3. Burglary,101,342,2966663,11762330
Andaman & Nicobar Islands,2004,Burglary - Property,3. Burglary,30,69,1779879,3208951
Andhra Pradesh,2004,Burglary - Property,3. Burglary,3451,8041,61730107,216381714
Arunachal Pradesh,2004,Burglary - Property,3. Burglary,41,215,1129291,6750572
Assam,2004,Burglary - Property,3. Burglary,414,2544,6262774,46224544
Bihar,2004,Burglary - Property,3. Burglary,277,3175,2380067,24846468
Chandigarh,2004,Burglary - Property,3. Burglary,75,186,1438860,11436390
Chhattisgarh,2004,Burglary - Property,3. Burglary,1151,3720,6060825,40581456
Dadra & Nagar Haveli,2004,Burglary - Property,3. Burglary,5,20,350014,1038871
Daman & Diu,2004,Burglary - Property,3. Burglary,8,35,99100,2489725
Delhi,2004,Burglary - Property,3. Burglary,772,1875,3181843,133196885
Goa,2004,Burglary - Property,3. Burglary,81,245,2210814,14288368
Gujarat,2004,Burglary - Property,3. Burglary,1308,5670,34432089,211383452
Haryana,2004,Burglary - Property,3. Burglary,1245,2779,32863180,67073579
Himachal Pradesh,2004,Burglary - Property,3. Burglary,148,722,4852642,20825219
Jammu & Kashmir,2004,Burglary - Property,3. Burglary,235,1420,8519470,34785380
Jharkhand,2004,Burglary - Property,3. Burglary,220,1419,1208261,10289240
Karnataka,2004,Burglary - Property,3. Burglary,1695,6093,50828582,174253060
Kerala,2004,Burglary - Property,3. Burglary,1126,4359,26572753,151987763
Lakshadweep,2004,Burglary - Property,3. Burglary,0,2,0,2160
Madhya Pradesh,2004,Burglary - Property,3. Burglary,3943,12130,33345035,145505628
Maharashtra,2004,Burglary - Property,3. Burglary,3952,13896,141098005,544644465
Manipur,2004,Burglary - Property,3. Burglary,6,66,851177,2760756
Meghalaya,2004,Burglary - Property,3. Burglary,19,130,245154,1991361
Mizoram,2004,Burglary - Property,3. Burglary,180,250,575000,758220
Nagaland,2004,Burglary - Property,3. Burglary,13,52,140245,1246138
Odisha,2004,Burglary - Property,3. Burglary,1127,2990,13227198,52807227
Puducherry,2004,Burglary - Property,3. Burglary,48,86,1419510,2828010
Punjab,2004,Burglary - Property,3. Burglary,666,1766,16682669,91624075
Rajasthan,2004,Burglary - Property,3. Burglary,1588,5619,39415095,108989033
Sikkim,2004,Burglary - Property,3. Burglary,12,64,397673,1054933
Tamil Nadu,2004,Burglary - Property,3. Burglary,2679,4147,76752113,124839785
Tripura,2004,Burglary - Property,3. Burglary,36,166,1348165,4918835
Uttar Pradesh,2004,Burglary - Property,3. Burglary,972,4192,99202552,173330606
Uttarakhand,2004,Burglary - Property,3. Burglary,100,516,3700267,14665091
West Bengal,2004,Burglary - Property,3. Burglary,129,547,3076728,12198178
Andaman & Nicobar Islands,2005,Burglary - Property,3. Burglary,25,68,705419,3418391
Andhra Pradesh,2005,Burglary - Property,3. Burglary,3578,7894,92930221,240127856
Arunachal Pradesh,2005,Burglary - Property,3. Burglary,56,263,1185696,7275247
Assam,2005,Burglary - Property,3. Burglary,523,2255,7068609,29458429
Bihar,2005,Burglary - Property,3. Burglary,311,3117,3584517,34869204
Chandigarh,2005,Burglary - Property,3. Burglary,105,223,2806616,7108230
Chhattisgarh,2005,Burglary - Property,3. Burglary,1186,3621,11063089,51741764
Dadra & Nagar Haveli,2005,Burglary - Property,3. Burglary,9,25,5162150,6257250
Daman & Diu,2005,Burglary - Property,3. Burglary,5,37,365000,2514680
Delhi,2005,Burglary - Property,3. Burglary,871,2093,8172281,198019747
Goa,2005,Burglary - Property,3. Burglary,71,257,1909368,13803082
Gujarat,2005,Burglary - Property,3. Burglary,1188,5140,67616775,254373304
Haryana,2005,Burglary - Property,3. Burglary,1527,3425,42714747,81885034
Himachal Pradesh,2005,Burglary - Property,3. Burglary,136,691,4125018,22867849
Jammu & Kashmir,2005,Burglary - Property,3. Burglary,209,1397,4920818,36077553
Jharkhand,2005,Burglary - Property,3. Burglary,259,1600,2045450,39496852
Karnataka,2005,Burglary - Property,3. Burglary,1688,5986,59175016,261321837
Kerala,2005,Burglary - Property,3. Burglary,939,3914,18941597,187698662
Lakshadweep,2005,Burglary - Property,3. Burglary,1,2,8410,20410
Madhya Pradesh,2005,Burglary - Property,3. Burglary,3607,11192,43951572,154604344
Maharashtra,2005,Burglary - Property,3. Burglary,4058,14735,99149466,619891309
Manipur,2005,Burglary - Property,3. Burglary,3,62,95970,3075030
Meghalaya,2005,Burglary - Property,3. Burglary,19,137,186546,1263497
Mizoram,2005,Burglary - Property,3. Burglary,289,442,9467342,14738682
Nagaland,2005,Burglary - Property,3. Burglary,17,93,545015,1278742
Odisha,2005,Burglary - Property,3. Burglary,1308,3029,14704375,61917823
Puducherry,2005,Burglary - Property,3. Burglary,42,67,1183747,2103597
Punjab,2005,Burglary - Property,3. Burglary,922,1933,38668978,98977795
Rajasthan,2005,Burglary - Property,3. Burglary,1657,5003,46405671,116980671
Sikkim,2005,Burglary - Property,3. Burglary,13,79,150690,1518042
Tamil Nadu,2005,Burglary - Property,3. Burglary,2568,3738,54017794,94231495
Tripura,2005,Burglary - Property,3. Burglary,31,170,1295865,4725332
Uttar Pradesh,2005,Burglary - Property,3. Burglary,853,3496,87349812,166454751
Uttarakhand,2005,Burglary - Property,3. Burglary,99,489,1348660,12112071
West Bengal,2005,Burglary - Property,3. Burglary,137,739,3379931,19919581
Andaman & Nicobar Islands,2006,Burglary - Property,3. Burglary,25,82,888107,2605702
Andhra Pradesh,2006,Burglary - Property,3. Burglary,3450,8169,142717661,310621897
Arunachal Pradesh,2006,Burglary - Property,3. Burglary,87,257,2558587,12667956
Assam,2006,Burglary - Property,3. Burglary,557,2911,9818045,35783913
Bihar,2006,Burglary - Property,3. Burglary,362,3531,3180927,36841471
Chandigarh,2006,Burglary - Property,3. Burglary,98,189,2923970,6810631
Chhattisgarh,2006,Burglary - Property,3. Burglary,1070,3507,8717499,74386571
Dadra & Nagar Haveli,2006,Burglary - Property,3. Burglary,12,41,971220,3752927
Daman & Diu,2006,Burglary - Property,3. Burglary,8,60,1405190,6367320
Delhi,2006,Burglary - Property,3. Burglary,893,1950,14994976,114401072
Goa,2006,Burglary - Property,3. Burglary,48,230,3338956,18460149
Gujarat,2006,Burglary - Property,3. Burglary,1405,5363,32600847,299427287
Haryana,2006,Burglary - Property,3. Burglary,1760,3996,41950479,107827743
Himachal Pradesh,2006,Burglary - Property,3. Burglary,136,732,6597727,31873315
Jammu & Kashmir,2006,Burglary - Property,3. Burglary,189,1351,3765294,32683515
Jharkhand,2006,Burglary - Property,3. Burglary,234,1428,2129927,21269610
Karnataka,2006,Burglary - Property,3. Burglary,1775,5967,63562444,234363867
Kerala,2006,Burglary - Property,3. Burglary,846,3948,26865098,237675908
Lakshadweep,2006,Burglary - Property,3. Burglary,1,2,10000,28200
Madhya Pradesh,2006,Burglary - Property,3. Burglary,3140,10729,35645450,175701398
Maharashtra,2006,Burglary - Property,3. Burglary,4012,14723,99357595,688724735
Manipur,2006,Burglary - Property,3. Burglary,0,55,0,3800658
Meghalaya,2006,Burglary - Property,3. Burglary,27,140,290370,3771145
Mizoram,2006,Burglary - Property,3. Burglary,269,408,3274525,15662205
Nagaland,2006,Burglary - Property,3. Burglary,25,68,958091,42221157
Odisha,2006,Burglary - Property,3. Burglary,1425,3118,17798514,84174508
Puducherry,2006,Burglary - Property,3. Burglary,46,84,1104955,2477094
Punjab,2006,Burglary - Property,3. Burglary,955,2277,25846606,115272477
Rajasthan,2006,Burglary - Property,3. Burglary,1678,4879,51924184,136663767
Sikkim,2006,Burglary - Property,3. Burglary,13,84,100500,2703436
Tamil Nadu,2006,Burglary - Property,3. Burglary,2291,3300,79307801,125033409
Tripura,2006,Burglary - Property,3. Burglary,115,182,2210714,4891139
Uttar Pradesh,2006,Burglary - Property,3. Burglary,880,3545,119979317,231897742
Uttarakhand,2006,Burglary - Property,3. Burglary,114,410,4488841,14234550
West Bengal,2006,Burglary - Property,3. Burglary,138,601,3981448,13223258
Andaman & Nicobar Islands,2007,Burglary - Property,3. Burglary,21,90,715116,3173066
Andhra Pradesh,2007,Burglary - Property,3. Burglary,3827,7609,85999945,265927102
Arunachal Pradesh,2007,Burglary - Property,3. Burglary,90,240,4211030,11311656
Assam,2007,Burglary - Property,3. Burglary,491,2603,5730761,36285212
Bihar,2007,Burglary - Property,3. Burglary,294,3259,3910175,56610107
Chandigarh,2007,Burglary - Property,3. Burglary,63,191,2197700,8182250
Chhattisgarh,2007,Burglary - Property,3. Burglary,1164,3632,11248886,52170119
Dadra & Nagar Haveli,2007,Burglary - Property,3. Burglary,6,28,684570,5444419
Daman & Diu,2007,Burglary - Property,3. Burglary,4,46,1918200,10058460
Delhi,2007,Burglary - Property,3. Burglary,981,2055,8374449,142856412
Goa,2007,Burglary - Property,3. Burglary,49,271,1468865,26963400
Gujarat,2007,Burglary - Property,3. Burglary,1230,4747,44679310,240405506
Haryana,2007,Burglary - Property,3. Burglary,1762,4231,48001068,150481239
Himachal Pradesh,2007,Burglary - Property,3. Burglary,144,831,4843695,35526149
Jammu & Kashmir,2007,Burglary - Property,3. Burglary,295,1458,9884179,43615181
Jharkhand,2007,Burglary - Property,3. Burglary,194,1489,2212553,23190276
Karnataka,2007,Burglary - Property,3. Burglary,1985,5449,75589467,266947170
Kerala,2007,Burglary - Property,3. Burglary,1035,3824,19975794,326981272
Lakshadweep,2007,Burglary - Property,3. Burglary,0,2,0,21500
Madhya Pradesh,2007,Burglary - Property,3. Burglary,3445,11230,37539294,199867229
Maharashtra,2007,Burglary - Property,3. Burglary,4120,14771,231671814,1034246567
Manipur,2007,Burglary - Property,3. Burglary,1,70,12000,4379199
Meghalaya,2007,Burglary - Property,3. Burglary,121,203,878586,6501195
Mizoram,2007,Burglary - Property,3. Burglary,279,424,9553498,18614005
Nagaland,2007,Burglary - Property,3. Burglary,12,118,175860,3649018
Odisha,2007,Burglary - Property,3. Burglary,1342,3073,12767910,93810550
Puducherry,2007,Burglary - Property,3. Burglary,36,86,970520,6656261
Punjab,2007,Burglary - Property,3. Burglary,1032,2616,31338421,167088865
Rajasthan,2007,Burglary - Property,3. Burglary,1634,4951,72297141,166591147
Sikkim,2007,Burglary - Property,3. Burglary,17,83,529090,2796950
Tamil Nadu,2007,Burglary - Property,3. Burglary,2613,3717,79980333,132086451
Tripura,2007,Burglary - Property,3. Burglary,38,193,2386125,7024543
Uttar Pradesh,2007,Burglary - Property,3. Burglary,996,3869,39582906,119989378
Uttarakhand,2007,Burglary - Property,3. Burglary,146,508,5773177,23893784
West Bengal,2007,Burglary - Property,3. Burglary,87,399,1788155,24526576
Andaman & Nicobar Islands,2008,Burglary - Property,3. Burglary,35,78,1671141,2940686
Andhra Pradesh,2008,Burglary - Property,3. Burglary,3832,8219,105204037,320442778
Arunachal Pradesh,2008,Burglary - Property,3. Burglary,92,245,2926035,7156154
Assam,2008,Burglary - Property,3. Burglary,666,3147,17965749,66185132
Bihar,2008,Burglary - Property,3. Burglary,288,3414,3698886,43776678
Chandigarh,2008,Burglary - Property,3. Burglary,98,257,2380893,12238993
Chhattisgarh,2008,Burglary - Property,3. Burglary,1227,4112,17704020,80298616
Dadra & Nagar Haveli,2008,Burglary - Property,3. Burglary,19,49,1794785,6242259
Daman & Diu,2008,Burglary - Property,3. Burglary,9,45,1340800,22602575
Delhi,2008,Burglary - Property,3. Burglary,485,1926,5796997,109940832
Goa,2008,Burglary - Property,3. Burglary,84,291,3630962,19170722
Gujarat,2008,Burglary - Property,3. Burglary,1430,4932,59048428,339401791
Haryana,2008,Burglary - Property,3. Burglary,1579,4249,42033932,125403133
Himachal Pradesh,2008,Burglary - Property,3. Burglary,151,872,9661388,41861345
Jammu & Kashmir,2008,Burglary - Property,3. Burglary,272,1332,11130990,59730434
Jharkhand,2008,Burglary - Property,3. Burglary,188,1375,1795681,21482618
Karnataka,2008,Burglary - Property,3. Burglary,1766,6258,94543552,466383124
Kerala,2008,Burglary - Property,3. Burglary,1037,3533,25512674,229243049
Lakshadweep,2008,Burglary - Property,3. Burglary,1,3,90000,170000
Madhya Pradesh,2008,Burglary - Property,3. Burglary,3600,11072,41839086,211486284
Maharashtra,2008,Burglary - Property,3. Burglary,4383,15170,157981978,1032152787
Manipur,2008,Burglary - Property,3. Burglary,1,76,8000,5093017
Meghalaya,2008,Burglary - Property,3. Burglary,58,166,1669387,10597971
Mizoram,2008,Burglary - Property,3. Burglary,242,337,3117519,4783226
Nagaland,2008,Burglary - Property,3. Burglary,15,120,311600,67628375
Odisha,2008,Burglary - Property,3. Burglary,1232,3064,18652216,108586553
Puducherry,2008,Burglary - Property,3. Burglary,50,90,3810322,5486940
Punjab,2008,Burglary - Property,3. Burglary,1170,2621,66341932,176012188
Rajasthan,2008,Burglary - Property,3. Burglary,1591,4526,64937309,156179875
Sikkim,2008,Burglary - Property,3. Burglary,17,81,277651,2678956
Tamil Nadu,2008,Burglary - Property,3. Burglary,2460,3849,81315722,148377321
Tripura,2008,Burglary - Property,3. Burglary,71,218,411025,8867006
Uttar Pradesh,2008,Burglary - Property,3. Burglary,1182,4142,294258481,402284871
Uttarakhand,2008,Burglary - Property,3. Burglary,144,376,3439522,17604646
West Bengal,2008,Burglary - Property,3. Burglary,109,462,9090647,26328271
Andaman & Nicobar Islands,2009,Burglary - Property,3. Burglary,29,86,2269980,4793680
Andhra Pradesh,2009,Burglary - Property,3. Burglary,3416,7702,106540830,372576517
Arunachal Pradesh,2009,Burglary - Property,3. Burglary,89,201,156360345,159726496
Assam,2009,Burglary - Property,3. Burglary,445,3149,12984924,56531036
Bihar,2009,Burglary - Property,3. Burglary,329,3566,4157497,55027421
Chandigarh,2009,Burglary - Property,3. Burglary,48,241,1786400,15450340
Chhattisgarh,2009,Burglary - Property,3. Burglary,1278,3975,23436476,107702392
Dadra & Nagar Haveli,2009,Burglary - Property,3. Burglary,13,43,1270375,4853240
Daman & Diu,2009,Burglary - Property,3. Burglary,7,33,3242500,7972502
Delhi,2009,Burglary - Property,3. Burglary,521,1733,30852082,252397901
Goa,2009,Burglary - Property,3. Burglary,71,283,7598920,33425540
Gujarat,2009,Burglary - Property,3. Burglary,1269,4385,54175506,284188989
Haryana,2009,Burglary - Property,3. Burglary,1470,4077,45697180,157613697
Himachal Pradesh,2009,Burglary - Property,3. Burglary,136,779,4198707,48552609
Jammu & Kashmir,2009,Burglary - Property,3. Burglary,332,1550,14636419,68121065
Jharkhand,2009,Burglary - Property,3. Burglary,211,1392,2696624,24899098
Karnataka,2009,Burglary - Property,3. Burglary,1865,6629,243264403,463183202
Kerala,2009,Burglary - Property,3. Burglary,1186,3301,246436586,429911619
Lakshadweep,2009,Burglary - Property,3. Burglary,0,1,0,300000
Madhya Pradesh,2009,Burglary - Property,3. Burglary,3123,10661,43077627,243536207
Maharashtra,2009,Burglary - Property,3. Burglary,4194,15145,149327777,1039474153
Manipur,2009,Burglary - Property,3. Burglary,2,68,120000,6881996
Meghalaya,2009,Burglary - Property,3. Burglary,40,135,873070,3509319
Mizoram,2009,Burglary - Property,3. Burglary,198,381,20729355,34010675
Nagaland,2009,Burglary - Property,3. Burglary,5,82,208400,5215330
Odisha,2009,Burglary - Property,3. Burglary,1029,2937,19859140,201568864
Puducherry,2009,Burglary - Property,3. Burglary,46,71,3401445,5541789
Punjab,2009,Burglary - Property,3. Burglary,1017,2507,66717698,195157605
Rajasthan,2009,Burglary - Property,3. Burglary,1654,5022,113439012,257626988
Sikkim,2009,Burglary - Property,3. Burglary,23,93,474910,4691401
Tamil Nadu,2009,Burglary - Property,3. Burglary,2670,4221,95741975,187905915
Tripura,2009,Burglary - Property,3. Burglary,56,230,1981425,6880296
Uttar Pradesh,2009,Burglary - Property,3. Burglary,1070,4084,48291629,149793453
Uttarakhand,2009,Burglary - Property,3. Burglary,127,276,4102913,14014734
West Bengal,2009,Burglary - Property,3. Burglary,70,329,2366488,26868906
Andaman & Nicobar Islands,2010,Burglary - Property,3. Burglary,34,80,657512,1955919
Andhra Pradesh,2010,Burglary - Property,3. Burglary,4125,8126,167645552,455774882
Arunachal Pradesh,2010,Burglary - Property,3. Burglary,68,211,5064245,13423241
Assam,2010,Burglary - Property,3. Burglary,316,3458,5554079,36025717
Bihar,2010,Burglary - Property,3. Burglary,337,3437,5194263,55766542
Chandigarh,2010,Burglary - Property,3. Burglary,86,236,2908560,13877193
Chhattisgarh,2010,Burglary - Property,3. Burglary,1190,3711,21946160,107637049
Dadra & Nagar Haveli,2010,Burglary - Property,3. Burglary,15,25,864969,1563407
Daman & Diu,2010,Burglary - Property,3. Burglary,7,27,608500,4866090
Delhi,2010,Burglary - Property,3. Burglary,434,1502,9959580,187493962
Goa,2010,Burglary - Property,3. Burglary,63,344,2767165,35912213
Gujarat,2010,Burglary - Property,3. Burglary,1085,3850,57003755,280852404
Haryana,2010,Burglary - Property,3. Burglary,1442,4445,46370810,165957683
Himachal Pradesh,2010,Burglary - Property,3. Burglary,131,743,16611843,61646681
Jammu & Kashmir,2010,Burglary - Property,3. Burglary,325,1385,12268021,61950557
Jharkhand,2010,Burglary - Property,3. Burglary,230,1357,5143505,30538107
Karnataka,2010,Burglary - Property,3. Burglary,2053,6059,190809043,358763287
Kerala,2010,Burglary - Property,3. Burglary,956,2468,93602702,232893329
Lakshadweep,2010,Burglary - Property,3. Burglary,1,3,13000,25000
Madhya Pradesh,2010,Burglary - Property,3. Burglary,3092,9897,57395236,283085880
Maharashtra,2010,Burglary - Property,3. Burglary,4536,15724,195337676,1330713671
Manipur,2010,Burglary - Property,3. Burglary,2,66,12660,4992852
Meghalaya,2010,Burglary - Property,3. Burglary,36,154,562599,4513197
Mizoram,2010,Burglary - Property,3. Burglary,309,425,2942515,6957888
Nagaland,2010,Burglary - Property,3. Burglary,12,62,231350,10350604
Odisha,2010,Burglary - Property,3. Burglary,1194,2855,20486035,160459113
Puducherry,2010,Burglary - Property,3. Burglary,44,72,1855074,3593876
Punjab,2010,Burglary - Property,3. Burglary,1275,2660,56491870,191928824
Rajasthan,2010,Burglary - Property,3. Burglary,1513,4454,104650678,222873182
Sikkim,2010,Burglary - Property,3. Burglary,16,72,257190,5633540
Tamil Nadu,2010,Burglary - Property,3. Burglary,2953,4715,120836243,247787824
Tripura,2010,Burglary - Property,3. Burglary,37,217,975680,5192214
Uttar Pradesh,2010,Burglary - Property,3. Burglary,1174,4073,68265034,231223128
Uttarakhand,2010,Burglary - Property,3. Burglary,135,294,4352459,19245615
West Bengal,2010,Burglary - Property,3. Burglary,115,388,12437625,35775423
Andaman & Nicobar Islands,2001,Criminal Breach of Trust - Property,5. Criminal Breach of Trust,1,10,80000,1226967
Andhra Pradesh,2001,Criminal Breach of Trust - Property,5. Criminal Breach of Trust,40,316,3301479,45128264
Arunachal Pradesh,2001,Criminal Breach of Trust - Property,5. Criminal Breach of Trust,4,41,640000,31448136
Assam,2001,Criminal Breach of Trust - Property,5. Criminal Breach of Trust,37,374,1972335,18282901
Bihar,2001,Criminal Breach of Trust - Property,5. Criminal Breach of Trust,88,922,1340911,7779882
Chandigarh,2001,Criminal Breach of Trust - Property,5. Criminal Breach of Trust,18,26,1288000,1433500
Chhattisgarh,2001,Criminal Breach of Trust - Property,5. Criminal Breach of Trust,52,147,1672704,13069226
Dadra & Nagar Haveli,2001,Criminal Breach of Trust - Property,5. Criminal Breach of Trust,10,13,3702374,5411354
Daman & Diu,2001,Criminal Breach of Trust - Property,5. Criminal Breach of Trust,2,5,910000,6773576
Delhi,2001,Criminal Breach of Trust - Property,5. Criminal Breach of Trust,147,479,9238685,177836353
Goa,2001,Criminal Breach of Trust - Property,5. Criminal Breach of Trust,7,20,1720400,86629777
Gujarat,2001,Criminal Breach of Trust - Property,5. Criminal Breach of Trust,559,1348,41218510,269095652
Haryana,2001,Criminal Breach of Trust - Property,5. Criminal Breach of Trust,411,530,12296549,23718405
Himachal Pradesh,2001,Criminal Breach of Trust - Property,5. Criminal Breach of Trust,20,59,5601360,10484933
Jammu & Kashmir,2001,Criminal Breach of Trust - Property,5. Criminal Breach of Trust,11,82,199260,1965260
Jharkhand,2001,Criminal Breach of Trust - Property,5. Criminal Breach of Trust,29,153,105400,1875873
Karnataka,2001,Criminal Breach of Trust - Property,5. Criminal Breach of Trust,102,427,11233753,80193976
Kerala,2001,Criminal Breach of Trust - Property,5. Criminal Breach of Trust,43,279,5203538,48659235
Lakshadweep,2001,Criminal Breach of Trust - Property,5. Criminal Breach of Trust,1,1,3500,3500
Madhya Pradesh,2001,Criminal Breach of Trust - Property,5. Criminal Breach of Trust,255,481,8389128,18436467
Maharashtra,2001,Criminal Breach of Trust - Property,5. Criminal Breach of Trust,705,1436,234006060,876305582
Manipur,2001,Criminal Breach of Trust - Property,5. Criminal Breach of Trust,0,33,0,8330692
Meghalaya,2001,Criminal Breach of Trust - Property,5. Criminal Breach of Trust,2,19,16320,524350
Mizoram,2001,Criminal Breach of Trust - Property,5. Criminal Breach of Trust,14,22,1137145,2791842
Nagaland,2001,Criminal Breach of Trust - Property,5. Criminal Breach of Trust,1,3,1800,301800
Odisha,2001,Criminal Breach of Trust - Property,5. Criminal Breach of Trust,69,224,1508259,28749939
Puducherry,2001,Criminal Breach of Trust - Property,5. Criminal Breach of Trust,2,5,41231,147466
Punjab,2001,Criminal Breach of Trust - Property,5. Criminal Breach of Trust,364,368,71040117,104353118
Rajasthan,2001,Criminal Breach of Trust - Property,5. Criminal Breach of Trust,235,626,3514853,4359322
Sikkim,2001,Criminal Breach of Trust - Property,5. Criminal Breach of Trust,0,1,0,16000
Tamil Nadu,2001,Criminal Breach of Trust - Property,5. Criminal Breach of Trust,100,313,7122903,97624833
Tripura,2001,Criminal Breach of Trust - Property,5. Criminal Breach of Trust,3,4,13000,842171
Uttar Pradesh,2001,Criminal Breach of Trust - Property,5. Criminal Breach of Trust,327,991,22736775,67340444
Uttarakhand,2001,Criminal Breach of Trust - Property,5. Criminal Breach of Trust,2,171,26000,35494787
West Bengal,2001,Criminal Breach of Trust - Property,5. Criminal Breach of Trust,124,486,8830089,25812306
Andaman & Nicobar Islands,2002,Criminal Breach of Trust - Property,5. Criminal Breach of Trust,0,4,0,617295
Andhra Pradesh,2002,Criminal Breach of Trust - Property,5. Criminal Breach of Trust,104,382,6462978,67143584
Arunachal Pradesh,2002,Criminal Breach of Trust - Property,5. Criminal Breach of Trust,10,23,1258813,2858359
Assam,2002,Criminal Breach of Trust - Property,5. Criminal Breach of Trust,82,558,1926211,15255432
Bihar,2002,Criminal Breach of Trust - Property,5. Criminal Breach of Trust,41,1214,1128419,20655871
Chandigarh,2002,Criminal Breach of Trust - Property,5. Criminal Breach of Trust,18,35,676746,1041146
Chhattisgarh,2002,Criminal Breach of Trust - Property,5. Criminal Breach of Trust,58,92,1177815,59050808
Dadra & Nagar Haveli,2002,Criminal Breach of Trust - Property,5. Criminal Breach of Trust,5,12,1724650,6528920
Daman & Diu,2002,Criminal Breach of Trust - Property,5. Criminal Breach of Trust,3,5,652796,1901559
Delhi,2002,Criminal Breach of Trust - Property,5. Criminal Breach of Trust,141,444,4331616,62427472
Goa,2002,Criminal Breach of Trust - Property,5. Criminal Breach of Trust,1,16,100850,5408663
Gujarat,2002,Criminal Breach of Trust - Property,5. Criminal Breach of Trust,500,1188,28577528,1062403379
Haryana,2002,Criminal Breach of Trust - Property,5. Criminal Breach of Trust,393,524,15305302,27012212
Himachal Pradesh,2002,Criminal Breach of Trust - Property,5. Criminal Breach of Trust,11,67,1663215,10117525
Jammu & Kashmir,2002,Criminal Breach of Trust - Property,5. Criminal Breach of Trust,11,91,441846,1279159
Jharkhand,2002,Criminal Breach of Trust - Property,5. Criminal Breach of Trust,53,333,1276520,5899913
Karnataka,2002,Criminal Breach of Trust - Property,5. Criminal Breach of Trust,140,393,28076132,80055435
Kerala,2002,Criminal Breach of Trust - Property,5. Criminal Breach of Trust,42,252,4000315,114314061
Lakshadweep,2002,Criminal Breach of Trust - Property,5. Criminal Breach of Trust,0,0,0,0
Madhya Pradesh,2002,Criminal Breach of Trust - Property,5. Criminal Breach of Trust,263,507,10528504,39092766
Maharashtra,2002,Criminal Breach of Trust - Property,5. Criminal Breach of Trust,646,1392,648696113,5101900126
Manipur,2002,Criminal Breach of Trust - Property,5. Criminal Breach of Trust,1,28,20000,2382688
Meghalaya,2002,Criminal Breach of Trust - Property,5. Criminal Breach of Trust,2,8,81550,135060
Mizoram,2002,Criminal Breach of Trust - Property,5. Criminal Breach of Trust,8,26,2025665,8967246
Nagaland,2002,Criminal Breach of Trust - Property,5. Criminal Breach of Trust,4,10,429180,1034675
Odisha,2002,Criminal Breach of Trust - Property,5. Criminal Breach of Trust,65,202,2505000,25525237
Puducherry,2002,Criminal Breach of Trust - Property,5. Criminal Breach of Trust,1,11,6000,2742428
Punjab,2002,Criminal Breach of Trust - Property,5. Criminal Breach of Trust,367,373,116744790,202509917
Rajasthan,2002,Criminal Breach of Trust - Property,5. Criminal Breach of Trust,224,383,6849508,7165730
Sikkim,2002,Criminal Breach of Trust - Property,5. Criminal Breach of Trust,1,1,51980,100000
Tamil Nadu,2002,Criminal Breach of Trust - Property,5. Criminal Breach of Trust,18,82,2582857,42418431
Tripura,2002,Criminal Breach of Trust - Property,5. Criminal Breach of Trust,0,12,0,1602920
Uttar Pradesh,2002,Criminal Breach of Trust - Property,5. Criminal Breach of Trust,75,262,15804473,26105366
Uttarakhand,2002,Criminal Breach of Trust - Property,5. Criminal Breach of Trust,0,0,0,0
West Bengal,2002,Criminal Breach of Trust - Property,5. Criminal Breach of Trust,223,451,6991167,33317868
Andaman & Nicobar Islands,2003,Criminal Breach of Trust - Property,5. Criminal Breach of Trust,1,3,1000,271000
Andhra Pradesh,2003,Criminal Breach of Trust - Property,5. Criminal Breach of Trust,43,296,9731021,44005241
Arunachal Pradesh,2003,Criminal Breach of Trust - Property,5. Criminal Breach of Trust,6,28,413574,4736411
Assam,2003,Criminal Breach of Trust - Property,5. Criminal Breach of Trust,119,611,1390986,14826295
Bihar,2003,Criminal Breach of Trust - Property,5. Criminal Breach of Trust,26,1096,748571,12300221
Chandigarh,2003,Criminal Breach of Trust - Property,5. Criminal Breach of Trust,7,32,560000,1812812
Chhattisgarh,2003,Criminal Breach of Trust - Property,5. Criminal Breach of Trust,37,70,750259,19082771
Dadra & Nagar Haveli,2003,Criminal Breach of Trust - Property,5. Criminal Breach of Trust,6,8,1215861,4435541
Daman & Diu,2003,Criminal Breach of Trust - Property,5. Criminal Breach of Trust,1,7,530000,1367619
Delhi,2003,Criminal Breach of Trust - Property,5. Criminal Breach of Trust,167,431,2621550,199093138
Goa,2003,Criminal Breach of Trust - Property,5. Criminal Breach of Trust,8,43,2189155,51284369
Gujarat,2003,Criminal Breach of Trust - Property,5. Criminal Breach of Trust,655,1545,73873740,1008562218
Haryana,2003,Criminal Breach of Trust - Property,5. Criminal Breach of Trust,406,518,64030730,87599104
Himachal Pradesh,2003,Criminal Breach of Trust - Property,5. Criminal Breach of Trust,13,43,416362,4851132
Jammu & Kashmir,2003,Criminal Breach of Trust - Property,5. Criminal Breach of Trust,20,116,245761,309306
Jharkhand,2003,Criminal Breach of Trust - Property,5. Criminal Breach of Trust,188,265,8848480,12472592
Karnataka,2003,Criminal Breach of Trust - Property,5. Criminal Breach of Trust,135,438,6836658,154630643
Kerala,2003,Criminal Breach of Trust - Property,5. Criminal Breach of Trust,37,229,14721566,189242300
Lakshadweep,2003,Criminal Breach of Trust - Property,5. Criminal Breach of Trust,0,0,0,0
Madhya Pradesh,2003,Criminal Breach of Trust - Property,5. Criminal Breach of Trust,240,393,6459239,14418796
Maharashtra,2003,Criminal Breach of Trust - Property,5. Criminal Breach of Trust,720,1488,104222940,775033271
Manipur,2003,Criminal Breach of Trust - Property,5. Criminal Breach of Trust,0,16,0,1925606
Meghalaya,2003,Criminal Breach of Trust - Property,5. Criminal Breach of Trust,1,11,50000,35952641
Mizoram,2003,Criminal Breach of Trust - Property,5. Criminal Breach of Trust,11,19,398238,506287
Nagaland,2003,Criminal Breach of Trust - Property,5. Criminal Breach of Trust,1,3,100000,484144
Odisha,2003,Criminal Breach of Trust - Property,5. Criminal Breach of Trust,72,210,1656165,10842248
Puducherry,2003,Criminal Breach of Trust - Property,5. Criminal Breach of Trust,2,12,226956,2555237
Punjab,2003,Criminal Breach of Trust - Property,5. Criminal Breach of Trust,325,343,145492540,293485494
Rajasthan,2003,Criminal Breach of Trust - Property,5. Criminal Breach of Trust,49,85,2770000,3062874
Sikkim,2003,Criminal Breach of Trust - Property,5. Criminal Breach of Trust,0,5,0,1303510
Tamil Nadu,2003,Criminal Breach of Trust - Property,5. Criminal Breach of Trust,160,307,10976896,44172493
Tripura,2003,Criminal Breach of Trust - Property,5. Criminal Breach of Trust,1,3,1500,140942
Uttar Pradesh,2003,Criminal Breach of Trust - Property,5. Criminal Breach of Trust,83,143,20608700,34410334
Uttarakhand,2003,Criminal Breach of Trust - Property,5. Criminal Breach of Trust,0,0,0,0
West Bengal,2003,Criminal Breach of Trust - Property,5. Criminal Breach of Trust,188,378,14821711,67300317
Andaman & Nicobar Islands,2004,Criminal Breach of Trust - Property,5. Criminal Breach of Trust,0,0,0,0
Andhra Pradesh,2004,Criminal Breach of Trust - Property,5. Criminal Breach of Trust,50,353,7380662,118644247
Arunachal Pradesh,2004,Criminal Breach of Trust - Property,5. Criminal Breach of Trust,1,26,7000,2786122
Assam,2004,Criminal Breach of Trust - Property,5. Criminal Breach of Trust,82,586,3040762,35994035
Bihar,2004,Criminal Breach of Trust - Property,5. Criminal Breach of Trust,30,1696,1149866,20065108
Chandigarh,2004,Criminal Breach of Trust - Property,5. Criminal Breach of Trust,9,23,8725852,10309952
Chhattisgarh,2004,Criminal Breach of Trust - Property,5. Criminal Breach of Trust,41,84,535370,5746737
Dadra & Nagar Haveli,2004,Criminal Breach of Trust - Property,5. Criminal Breach of Trust,8,12,5182865,606187858
Daman & Diu,2004,Criminal Breach of Trust - Property,5. Criminal Breach of Trust,1,3,50000,481400
Delhi,2004,Criminal Breach of Trust - Property,5. Criminal Breach of Trust,181,445,9556500,109174459
Goa,2004,Criminal Breach of Trust - Property,5. Criminal Breach of Trust,7,34,1555720,11010936
Gujarat,2004,Criminal Breach of Trust - Property,5. Criminal Breach of Trust,608,1419,26259866,1737345011
Haryana,2004,Criminal Breach of Trust - Property,5. Criminal Breach of Trust,332,466,30549043,49781427
Himachal Pradesh,2004,Criminal Breach of Trust - Property,5. Criminal Breach of Trust,18,84,345774,23374331
Jammu & Kashmir,2004,Criminal Breach of Trust - Property,5. Criminal Breach of Trust,24,105,1293015,1640435
Jharkhand,2004,Criminal Breach of Trust - Property,5. Criminal Breach of Trust,53,333,1276520,5899913
Karnataka,2004,Criminal Breach of Trust - Property,5. Criminal Breach of Trust,145,354,37961216,119683651
Kerala,2004,Criminal Breach of Trust - Property,5. Criminal Breach of Trust,62,236,15987869,56346557
Lakshadweep,2004,Criminal Breach of Trust - Property,5. Criminal Breach of Trust,0,0,0,0
Madhya Pradesh,2004,Criminal Breach of Trust - Property,5. Criminal Breach of Trust,288,424,7948030,25445332
Maharashtra,2004,Criminal Breach of Trust - Property,5. Criminal Breach of Trust,669,1371,86911957,1374397852
Manipur,2004,Criminal Breach of Trust - Property,5. Criminal Breach of Trust,1,25,129019,19169678
Meghalaya,2004,Criminal Breach of Trust - Property,5. Criminal Breach of Trust,2,23,26830,3989942
Mizoram,2004,Criminal Breach of Trust - Property,5. Criminal Breach of Trust,0,0,0,0
Nagaland,2004,Criminal Breach of Trust - Property,5. Criminal Breach of Trust,4,10,196400,3250540
Odisha,2004,Criminal Breach of Trust - Property,5. Criminal Breach of Trust,93,249,3072016,18949949
Puducherry,2004,Criminal Breach of Trust - Property,5. Criminal Breach of Trust,0,7,0,2071359
Punjab,2004,Criminal Breach of Trust - Property,5. Criminal Breach of Trust,301,311,221325402,756610830
Rajasthan,2004,Criminal Breach of Trust - Property,5. Criminal Breach of Trust,37,55,2064000,2313435
Sikkim,2004,Criminal Breach of Trust - Property,5. Criminal Breach of Trust,0,4,0,2974226
Tamil Nadu,2004,Criminal Breach of Trust - Property,5. Criminal Breach of Trust,69,200,6564785,115277990
Tripura,2004,Criminal Breach of Trust - Property,5. Criminal Breach of Trust,0,17,0,1674920
Uttar Pradesh,2004,Criminal Breach of Trust - Property,5. Criminal Breach of Trust,78,172,55244612,55810058
Uttarakhand,2004,Criminal Breach of Trust - Property,5. Criminal Breach of Trust,0,0,0,0
West Bengal,2004,Criminal Breach of Trust - Property,5. Criminal Breach of Trust,184,425,15043440,72124632
Andaman & Nicobar Islands,2005,Criminal Breach of Trust - Property,5. Criminal Breach of Trust,0,8,0,252808214
Andhra Pradesh,2005,Criminal Breach of Trust - Property,5. Criminal Breach of Trust,47,348,15059030,60887542
Arunachal Pradesh,2005,Criminal Breach of Trust - Property,5. Criminal Breach of Trust,7,36,1170875,55772925
Assam,2005,Criminal Breach of Trust - Property,5. Criminal Breach of Trust,89,487,3320562,37840904
Bihar,2005,Criminal Breach of Trust - Property,5. Criminal Breach of Trust,27,1181,1644236,15356354
Chandigarh,2005,Criminal Breach of Trust - Property,5. Criminal Breach of Trust,22,41,2560950,7703068
Chhattisgarh,2005,Criminal Breach of Trust - Property,5. Criminal Breach of Trust,59,105,1478929,8747070
Dadra & Nagar Haveli,2005,Criminal Breach of Trust - Property,5. Criminal Breach of Trust,8,12,5243420,7514220
Daman & Diu,2005,Criminal Breach of Trust - Property,5. Criminal Breach of Trust,4,6,377843,1501283
Delhi,2005,Criminal Breach of Trust - Property,5. Criminal Breach of Trust,159,394,1910000,69538509
Goa,2005,Criminal Breach of Trust - Property,5. Criminal Breach of Trust,8,42,814936,24107134
Gujarat,2005,Criminal Breach of Trust - Property,5. Criminal Breach of Trust,678,1242,31806265,2166041426
Haryana,2005,Criminal Breach of Trust - Property,5. Criminal Breach of Trust,386,492,40091504,62176960
Himachal Pradesh,2005,Criminal Breach of Trust - Property,5. Criminal Breach of Trust,6,73,203300,7746849
Jammu & Kashmir,2005,Criminal Breach of Trust - Property,5. Criminal Breach of Trust,21,117,2100252,6830435
Jharkhand,2005,Criminal Breach of Trust - Property,5. Criminal Breach of Trust,84,168,1125340,10187872
Karnataka,2005,Criminal Breach of Trust - Property,5. Criminal Breach of Trust,94,434,6490466,1041217289
Kerala,2005,Criminal Breach of Trust - Property,5. Criminal Breach of Trust,48,278,2674311,71704600
Lakshadweep,2005,Criminal Breach of Trust - Property,5. Criminal Breach of Trust,0,0,0,0
Madhya Pradesh,2005,Criminal Breach of Trust - Property,5. Criminal Breach of Trust,328,489,16256773,61101274
Maharashtra,2005,Criminal Breach of Trust - Property,5. Criminal Breach of Trust,890,1637,105086490,1594302767
Manipur,2005,Criminal Breach of Trust - Property,5. Criminal Breach of Trust,2,52,250000,86397529
Meghalaya,2005,Criminal Breach of Trust - Property,5. Criminal Breach of Trust,1,14,646000,766600
Mizoram,2005,Criminal Breach of Trust - Property,5. Criminal Breach of Trust,7,10,83383,300191
Nagaland,2005,Criminal Breach of Trust - Property,5. Criminal Breach of Trust,7,16,7236040,13219304
Odisha,2005,Criminal Breach of Trust - Property,5. Criminal Breach of Trust,95,288,354667,1500724
Puducherry,2005,Criminal Breach of Trust - Property,5. Criminal Breach of Trust,4,8,8212429,8312445
Punjab,2005,Criminal Breach of Trust - Property,5. Criminal Breach of Trust,269,301,365232752,415266700
Rajasthan,2005,Criminal Breach of Trust - Property,5. Criminal Breach of Trust,34,61,1663818,2598014
Sikkim,2005,Criminal Breach of Trust - Property,5. Criminal Breach of Trust,0,4,0,801896
Tamil Nadu,2005,Criminal Breach of Trust - Property,5. Criminal Breach of Trust,60,179,6699640,40501409
Tripura,2005,Criminal Breach of Trust - Property,5. Criminal Breach of Trust,1,32,20000,9035425
Uttar Pradesh,2005,Criminal Breach of Trust - Property,5. Criminal Breach of Trust,142,356,18480285,32977266
Uttarakhand,2005,Criminal Breach of Trust - Property,5. Criminal Breach of Trust,0,0,0,0
West Bengal,2005,Criminal Breach of Trust - Property,5. Criminal Breach of Trust,207,528,14233729,54200583
Andaman & Nicobar Islands,2006,Criminal Breach of Trust - Property,5. Criminal Breach of Trust,0,3,0,2190825
Andhra Pradesh,2006,Criminal Breach of Trust - Property,5. Criminal Breach of Trust,63,396,13934804,87652602
Arunachal Pradesh,2006,Criminal Breach of Trust - Property,5. Criminal Breach of Trust,23,45,1603077,10552823
Assam,2006,Criminal Breach of Trust - Property,5. Criminal Breach of Trust,79,461,3485175,68198861
Bihar,2006,Criminal Breach of Trust - Property,5. Criminal Breach of Trust,30,1042,1563838,25004534
Chandigarh,2006,Criminal Breach of Trust - Property,5. Criminal Breach of Trust,35,59,11670864,16002635
Chhattisgarh,2006,Criminal Breach of Trust - Property,5. Criminal Breach of Trust,47,130,4973985,16808504
Dadra & Nagar Haveli,2006,Criminal Breach of Trust - Property,5. Criminal Breach of Trust,5,30,3698350,53254433
Daman & Diu,2006,Criminal Breach of Trust - Property,5. Criminal Breach of Trust,2,9,577500,5017655
Delhi,2006,Criminal Breach of Trust - Property,5. Criminal Breach of Trust,162,442,21473070,147797958
Goa,2006,Criminal Breach of Trust - Property,5. Criminal Breach of Trust,9,25,3928190,6906420
Gujarat,2006,Criminal Breach of Trust - Property,5. Criminal Breach of Trust,567,1118,30433157,635317912
Haryana,2006,Criminal Breach of Trust - Property,5. Criminal Breach of Trust,601,685,77297743,122768355
Himachal Pradesh,2006,Criminal Breach of Trust - Property,5. Criminal Breach of Trust,16,123,2296611,40419057
Jammu & Kashmir,2006,Criminal Breach of Trust - Property,5. Criminal Breach of Trust,28,121,13125437,24202050
Jharkhand,2006,Criminal Breach of Trust - Property,5. Criminal Breach of Trust,15,292,328065,9902369
Karnataka,2006,Criminal Breach of Trust - Property,5. Criminal Breach of Trust,116,378,20579025,91306788
Kerala,2006,Criminal Breach of Trust - Property,5. Criminal Breach of Trust,37,243,4237380,698169929
Lakshadweep,2006,Criminal Breach of Trust - Property,5. Criminal Breach of Trust,0,0,0,0
Madhya Pradesh,2006,Criminal Breach of Trust - Property,5. Criminal Breach of Trust,217,362,8046499,41386099
Maharashtra,2006,Criminal Breach of Trust - Property,5. Criminal Breach of Trust,902,1643,114074650,1614797474
Manipur,2006,Criminal Breach of Trust - Property,5. Criminal Breach of Trust,2,32,120400,30743668
Meghalaya,2006,Criminal Breach of Trust - Property,5. Criminal Breach of Trust,1,16,2500000,8955200
Mizoram,2006,Criminal Breach of Trust - Property,5. Criminal Breach of Trust,15,27,1259207,5436475
Nagaland,2006,Criminal Breach of Trust - Property,5. Criminal Breach of Trust,9,16,2104007,3110618
Odisha,2006,Criminal Breach of Trust - Property,5. Criminal Breach of Trust,74,272,2784237,13541445
Puducherry,2006,Criminal Breach of Trust - Property,5. Criminal Breach of Trust,4,6,12525000,12645000
Punjab,2006,Criminal Breach of Trust - Property,5. Criminal Breach of Trust,243,274,82015692,113718753
Rajasthan,2006,Criminal Breach of Trust - Property,5. Criminal Breach of Trust,136,226,1406500,1723542
Sikkim,2006,Criminal Breach of Trust - Property,5. Criminal Breach of Trust,0,10,0,2083734
Tamil Nadu,2006,Criminal Breach of Trust - Property,5. Criminal Breach of Trust,43,131,5829862,55595961
Tripura,2006,Criminal Breach of Trust - Property,5. Criminal Breach of Trust,4,23,372206,3520240
Uttar Pradesh,2006,Criminal Breach of Trust - Property,5. Criminal Breach of Trust,284,599,22854450,32401924
Uttarakhand,2006,Criminal Breach of Trust - Property,5. Criminal Breach of Trust,0,0,0,0
West Bengal,2006,Criminal Breach of Trust - Property,5. Criminal Breach of Trust,243,519,18904822,77997962
Andaman & Nicobar Islands,2007,Criminal Breach of Trust - Property,5. Criminal Breach of Trust,0,7,0,1477118
Andhra Pradesh,2007,Criminal Breach of Trust - Property,5. Criminal Breach of Trust,53,278,10588289,63766044
Arunachal Pradesh,2007,Criminal Breach of Trust - Property,5. Criminal Breach of Trust,17,41,3274206,51346151
Assam,2007,Criminal Breach of Trust - Property,5. Criminal Breach of Trust,56,653,1581103,34040085
Bihar,2007,Criminal Breach of Trust - Property,5. Criminal Breach of Trust,26,1309,1318034,14712214
Chandigarh,2007,Criminal Breach of Trust - Property,5. Criminal Breach of Trust,16,38,1915510,3058877
Chhattisgarh,2007,Criminal Breach of Trust - Property,5. Criminal Breach of Trust,54,140,10931853,30978819
Dadra & Nagar Haveli,2007,Criminal Breach of Trust - Property,5. Criminal Breach of Trust,9,17,30213260,42084478
Daman & Diu,2007,Criminal Breach of Trust - Property,5. Criminal Breach of Trust,2,5,1100000,1625025
Delhi,2007,Criminal Breach of Trust - Property,5. Criminal Breach of Trust,167,451,9096680,124954720
Goa,2007,Criminal Breach of Trust - Property,5. Criminal Breach of Trust,7,25,1192650,26805017
Gujarat,2007,Criminal Breach of Trust - Property,5. Criminal Breach of Trust,545,987,40665503,435121121
Haryana,2007,Criminal Breach of Trust - Property,5. Criminal Breach of Trust,585,676,94736133,118459813
Himachal Pradesh,2007,Criminal Breach of Trust - Property,5. Criminal Breach of Trust,10,104,1583229,30067323
Jammu & Kashmir,2007,Criminal Breach of Trust - Property,5. Criminal Breach of Trust,30,58,11345485,67056704
Jharkhand,2007,Criminal Breach of Trust - Property,5. Criminal Breach of Trust,19,207,350756,6259336
Karnataka,2007,Criminal Breach of Trust - Property,5. Criminal Breach of Trust,89,320,10670130,82460451
Kerala,2007,Criminal Breach of Trust - Property,5. Criminal Breach of Trust,18,298,1955592,109496116
Lakshadweep,2007,Criminal Breach of Trust - Property,5. Criminal Breach of Trust,0,0,0,0
Madhya Pradesh,2007,Criminal Breach of Trust - Property,5. Criminal Breach of Trust,264,392,19174548,30867694
Maharashtra,2007,Criminal Breach of Trust - Property,5. Criminal Breach of Trust,861,1621,176923736,2011980786
Manipur,2007,Criminal Breach of Trust - Property,5. Criminal Breach of Trust,0,19,0,7601968
Meghalaya,2007,Criminal Breach of Trust - Property,5. Criminal Breach of Trust,2,16,1200,92850
Mizoram,2007,Criminal Breach of Trust - Property,5. Criminal Breach of Trust,7,19,81286,941761
Nagaland,2007,Criminal Breach of Trust - Property,5. Criminal Breach of Trust,4,11,473000,7192980
Odisha,2007,Criminal Breach of Trust - Property,5. Criminal Breach of Trust,107,319,2712285,15837475
Puducherry,2007,Criminal Breach of Trust - Property,5. Criminal Breach of Trust,2,6,398673,1341010
Punjab,2007,Criminal Breach of Trust - Property,5. Criminal Breach of Trust,290,313,165365440,190473006
Rajasthan,2007,Criminal Breach of Trust - Property,5. Criminal Breach of Trust,181,320,7392870,7846390
Sikkim,2007,Criminal Breach of Trust - Property,5. Criminal Breach of Trust,0,7,0,2076769
Tamil Nadu,2007,Criminal Breach of Trust - Property,5. Criminal Breach of Trust,118,256,8750943,94743212
Tripura,2007,Criminal Breach of Trust - Property,5. Criminal Breach of Trust,11,42,75000,9839599
Uttar Pradesh,2007,Criminal Breach of Trust - Property,5. Criminal Breach of Trust,900,1566,40964993,79013060
Uttarakhand,2007,Criminal Breach of Trust - Property,5. Criminal Breach of Trust,0,0,0,0
West Bengal,2007,Criminal Breach of Trust - Property,5. Criminal Breach of Trust,228,669,17147075,86764866
Andaman & Nicobar Islands,2008,Criminal Breach of Trust - Property,5. Criminal Breach of Trust,4,12,62169,4331562
Andhra Pradesh,2008,Criminal Breach of Trust - Property,5. Criminal Breach of Trust,109,329,10702595,76445367
Arunachal Pradesh,2008,Criminal Breach of Trust - Property,5. Criminal Breach of Trust,14,43,9690740,23736222
Assam,2008,Criminal Breach of Trust - Property,5. Criminal Breach of Trust,114,680,5186080,44107861
Bihar,2008,Criminal Breach of Trust - Property,5. Criminal Breach of Trust,94,1352,1290244,19375909
Chandigarh,2008,Criminal Breach of Trust - Property,5. Criminal Breach of Trust,16,37,10373722,18228424
Chhattisgarh,2008,Criminal Breach of Trust - Property,5. Criminal Breach of Trust,50,146,17199111,49003223
Dadra & Nagar Haveli,2008,Criminal Breach of Trust - Property,5. Criminal Breach of Trust,6,10,4640633,17271204
Daman & Diu,2008,Criminal Breach of Trust - Property,5. Criminal Breach of Trust,0,4,0,14367990
Delhi,2008,Criminal Breach of Trust - Property,5. Criminal Breach of Trust,100,355,2512000,66787480
Goa,2008,Criminal Breach of Trust - Property,5. Criminal Breach of Trust,6,40,3261600,18853727
Gujarat,2008,Criminal Breach of Trust - Property,5. Criminal Breach of Trust,482,917,56003381,787400659
Haryana,2008,Criminal Breach of Trust - Property,5. Criminal Breach of Trust,537,763,63587887,100913081
Himachal Pradesh,2008,Criminal Breach of Trust - Property,5. Criminal Breach of Trust,14,109,3011299,21016747
Jammu & Kashmir,2008,Criminal Breach of Trust - Property,5. Criminal Breach of Trust,2,25,382280,3802280
Jharkhand,2008,Criminal Breach of Trust - Property,5. Criminal Breach of Trust,14,155,485200,15173235
Karnataka,2008,Criminal Breach of Trust - Property,5. Criminal Breach of Trust,122,360,60994188,289353089
Kerala,2008,Criminal Breach of Trust - Property,5. Criminal Breach of Trust,21,319,8165098,961553395
Lakshadweep,2008,Criminal Breach of Trust - Property,5. Criminal Breach of Trust,0,0,0,0
Madhya Pradesh,2008,Criminal Breach of Trust - Property,5. Criminal Breach of Trust,312,450,13761605,84903306
Maharashtra,2008,Criminal Breach of Trust - Property,5. Criminal Breach of Trust,876,1761,152911595,3442732203
Manipur,2008,Criminal Breach of Trust - Property,5. Criminal Breach of Trust,2,24,605000,9553041
Meghalaya,2008,Criminal Breach of Trust - Property,5. Criminal Breach of Trust,8,28,826134,5101968
Mizoram,2008,Criminal Breach of Trust - Property,5. Criminal Breach of Trust,19,28,1240552,2217536
Nagaland,2008,Criminal Breach of Trust - Property,5. Criminal Breach of Trust,0,16,0,6766575
Odisha,2008,Criminal Breach of Trust - Property,5. Criminal Breach of Trust,80,278,27628493,49900708
Puducherry,2008,Criminal Breach of Trust - Property,5. Criminal Breach of Trust,3,13,145000,3131550
Punjab,2008,Criminal Breach of Trust - Property,5. Criminal Breach of Trust,218,236,75269656,97579635
Rajasthan,2008,Criminal Breach of Trust - Property,5. Criminal Breach of Trust,162,255,2795982,3245982
Sikkim,2008,Criminal Breach of Trust - Property,5. Criminal Breach of Trust,0,6,0,155267306
Tamil Nadu,2008,Criminal Breach of Trust - Property,5. Criminal Breach of Trust,75,183,12312213,43763705
Tripura,2008,Criminal Breach of Trust - Property,5. Criminal Breach of Trust,9,42,70300,17060133
Uttar Pradesh,2008,Criminal Breach of Trust - Property,5. Criminal Breach of Trust,1095,2008,60772740,170207541
Uttarakhand,2008,Criminal Breach of Trust - Property,5. Criminal Breach of Trust,0,0,0,0
West Bengal,2008,Criminal Breach of Trust - Property,5. Criminal Breach of Trust,274,853,28559906,122133036
Andaman & Nicobar Islands,2009,Criminal Breach of Trust - Property,5. Criminal Breach of Trust,0,7,0,187903
Andhra Pradesh,2009,Criminal Breach of Trust - Property,5. Criminal Breach of Trust,160,466,38183752,152390321
Arunachal Pradesh,2009,Criminal Breach of Trust - Property,5. Criminal Breach of Trust,14,38,3314510,44973410
Assam,2009,Criminal Breach of Trust - Property,5. Criminal Breach of Trust,39,802,3101060,39718582
Bihar,2009,Criminal Breach of Trust - Property,5. Criminal Breach of Trust,37,1186,3445872,20075889
Chandigarh,2009,Criminal Breach of Trust - Property,5. Criminal Breach of Trust,12,38,1368760,4296050
Chhattisgarh,2009,Criminal Breach of Trust - Property,5. Criminal Breach of Trust,63,166,9361355,22868913
Dadra & Nagar Haveli,2009,Criminal Breach of Trust - Property,5. Criminal Breach of Trust,9,17,4264187,12792400
Daman & Diu,2009,Criminal Breach of Trust - Property,5. Criminal Breach of Trust,1,6,1045655,2845270
Delhi,2009,Criminal Breach of Trust - Property,5. Criminal Breach of Trust,106,333,26063598,168282309
Goa,2009,Criminal Breach of Trust - Property,5. Criminal Breach of Trust,14,46,2029444,500734226
Gujarat,2009,Criminal Breach of Trust - Property,5. Criminal Breach of Trust,450,987,126189464,1021824056
Haryana,2009,Criminal Breach of Trust - Property,5. Criminal Breach of Trust,577,761,95125041,120410728
Himachal Pradesh,2009,Criminal Breach of Trust - Property,5. Criminal Breach of Trust,16,88,3410288,22831778
Jammu & Kashmir,2009,Criminal Breach of Trust - Property,5. Criminal Breach of Trust,16,36,4537375,10224702
Jharkhand,2009,Criminal Breach of Trust - Property,5. Criminal Breach of Trust,47,442,1363825,15951445
Karnataka,2009,Criminal Breach of Trust - Property,5. Criminal Breach of Trust,97,389,13716945,865928132
Kerala,2009,Criminal Breach of Trust - Property,5. Criminal Breach of Trust,29,254,2023388,141278899
Lakshadweep,2009,Criminal Breach of Trust - Property,5. Criminal Breach of Trust,0,0,0,0
Madhya Pradesh,2009,Criminal Breach of Trust - Property,5. Criminal Breach of Trust,317,437,19209976,51747531
Maharashtra,2009,Criminal Breach of Trust - Property,5. Criminal Breach of Trust,918,1735,142506516,1483178194
Manipur,2009,Criminal Breach of Trust - Property,5. Criminal Breach of Trust,0,19,0,3231900
Meghalaya,2009,Criminal Breach of Trust - Property,5. Criminal Breach of Trust,3,26,713000,7415545
Mizoram,2009,Criminal Breach of Trust - Property,5. Criminal Breach of Trust,13,30,769912,2251157
Nagaland,2009,Criminal Breach of Trust - Property,5. Criminal Breach of Trust,1,6,70000,9818350
Odisha,2009,Criminal Breach of Trust - Property,5. Criminal Breach of Trust,39,175,1126618,20650331
Puducherry,2009,Criminal Breach of Trust - Property,5. Criminal Breach of Trust,3,7,1049380,4457373
Punjab,2009,Criminal Breach of Trust - Property,5. Criminal Breach of Trust,200,222,62133278,86931962
Rajasthan,2009,Criminal Breach of Trust - Property,5. Criminal Breach of Trust,208,295,2634820,3126218
Sikkim,2009,Criminal Breach of Trust - Property,5. Criminal Breach of Trust,0,4,0,3783404
Tamil Nadu,2009,Criminal Breach of Trust - Property,5. Criminal Breach of Trust,68,205,25609109,99223177
Tripura,2009,Criminal Breach of Trust - Property,5. Criminal Breach of Trust,46,52,28000,17838570
Uttar Pradesh,2009,Criminal Breach of Trust - Property,5. Criminal Breach of Trust,493,1176,21525323,48400340
Uttarakhand,2009,Criminal Breach of Trust - Property,5. Criminal Breach of Trust,0,0,0,0
West Bengal,2009,Criminal Breach of Trust - Property,5. Criminal Breach of Trust,307,896,30082932,151298531
Andaman & Nicobar Islands,2010,Criminal Breach of Trust - Property,5. Criminal Breach of Trust,2,10,147644,530144
Andhra Pradesh,2010,Criminal Breach of Trust - Property,5. Criminal Breach of Trust,113,417,15315562,101817765
Arunachal Pradesh,2010,Criminal Breach of Trust - Property,5. Criminal Breach of Trust,20,59,19048720,114314139
Assam,2010,Criminal Breach of Trust - Property,5. Criminal Breach of Trust,41,992,1646451,27018001
Bihar,2010,Criminal Breach of Trust - Property,5. Criminal Breach of Trust,35,1071,464781,13148146
Chandigarh,2010,Criminal Breach of Trust - Property,5. Criminal Breach of Trust,5,23,280000,1356000
Chhattisgarh,2010,Criminal Breach of Trust - Property,5. Criminal Breach of Trust,77,196,10460322,37444239
Dadra & Nagar Haveli,2010,Criminal Breach of Trust - Property,5. Criminal Breach of Trust,7,12,1292551,4846741
Daman & Diu,2010,Criminal Breach of Trust - Property,5. Criminal Breach of Trust,1,4,10000,149000
Delhi,2010,Criminal Breach of Trust - Property,5. Criminal Breach of Trust,80,273,7227255,71945074
Goa,2010,Criminal Breach of Trust - Property,5. Criminal Breach of Trust,22,45,3744000,16153977
Gujarat,2010,Criminal Breach of Trust - Property,5. Criminal Breach of Trust,406,997,72558586,757466843
Haryana,2010,Criminal Breach of Trust - Property,5. Criminal Breach of Trust,496,743,207754960,244175753
Himachal Pradesh,2010,Criminal Breach of Trust - Property,5. Criminal Breach of Trust,9,71,452838,21774893
Jammu & Kashmir,2010,Criminal Breach of Trust - Property,5. Criminal Breach of Trust,14,36,3364800,14738800
Jharkhand,2010,Criminal Breach of Trust - Property,5. Criminal Breach of Trust,147,399,2266675,217344840
Karnataka,2010,Criminal Breach of Trust - Property,5. Criminal Breach of Trust,183,380,4313888,120010848
Kerala,2010,Criminal Breach of Trust - Property,5. Criminal Breach of Trust,44,264,5789528,482166623
Lakshadweep,2010,Criminal Breach of Trust - Property,5. Criminal Breach of Trust,0,0,0,0
Madhya Pradesh,2010,Criminal Breach of Trust - Property,5. Criminal Breach of Trust,234,371,32067682,105352477
Maharashtra,2010,Criminal Breach of Trust - Property,5. Criminal Breach of Trust,1096,1812,320011695,12140905176
Manipur,2010,Criminal Breach of Trust - Property,5. Criminal Breach of Trust,0,24,0,20531604
Meghalaya,2010,Criminal Breach of Trust - Property,5. Criminal Breach of Trust,3,32,164000,4772930
Mizoram,2010,Criminal Breach of Trust - Property,5. Criminal Breach of Trust,22,25,1961256,2130191
Nagaland,2010,Criminal Breach of Trust - Property,5. Criminal Breach of Trust,2,13,143000,1226000
Odisha,2010,Criminal Breach of Trust - Property,5. Criminal Breach of Trust,68,239,14004461,50822458
Puducherry,2010,Criminal Breach of Trust - Property,5. Criminal Breach of Trust,9,12,656643,3107999
Punjab,2010,Criminal Breach of Trust - Property,5. Criminal Breach of Trust,214,227,22781243,87496183
Rajasthan,2010,Criminal Breach of Trust - Property,5. Criminal Breach of Trust,191,241,1580000,1790000
Sikkim,2010,Criminal Breach of Trust - Property,5. Criminal Breach of Trust,0,1,0,798634
Tamil Nadu,2010,Criminal Breach of Trust - Property,5. Criminal Breach of Trust,49,156,10621862,375413547
Tripura,2010,Criminal Breach of Trust - Property,5. Criminal Breach of Trust,39,44,1205162,10908627
Uttar Pradesh,2010,Criminal Breach of Trust - Property,5. Criminal Breach of Trust,293,864,39895913,65056558
Uttarakhand,2010,Criminal Breach of Trust - Property,5. Criminal Breach of Trust,0,0,0,0
West Bengal,2010,Criminal Breach of Trust - Property,5. Criminal Breach of Trust,202,997,285664678,1065026502
Andaman & Nicobar Islands,2001,Dacoity -Property,1. Dacoity,0,0,0,0
Andhra Pradesh,2001,Dacoity -Property,1. Dacoity,95,203,12616493,29127698
Arunachal Pradesh,2001,Dacoity -Property,1. Dacoity,6,22,401326,5967868
Assam,2001,Dacoity -Property,1. Dacoity,116,532,4451846,15912145
Bihar,2001,Dacoity -Property,1. Dacoity,234,1290,8297831,66513191
Chandigarh,2001,Dacoity -Property,1. Dacoity,4,5,30000,92000
Chhattisgarh,2001,Dacoity -Property,1. Dacoity,60,87,2365213,5919328
Dadra & Nagar Haveli,2001,Dacoity -Property,1. Dacoity,0,0,0,0
Daman & Diu,2001,Dacoity -Property,1. Dacoity,0,0,0,0
Delhi,2001,Dacoity -Property,1. Dacoity,29,48,2987000,13217200
Goa,2001,Dacoity -Property,1. Dacoity,3,7,131427,524127
Gujarat,2001,Dacoity -Property,1. Dacoity,170,313,18828557,62407290
Haryana,2001,Dacoity -Property,1. Dacoity,57,76,15431491,20468041
Himachal Pradesh,2001,Dacoity -Property,1. Dacoity,2,4,429000,537290
Jammu & Kashmir,2001,Dacoity -Property,1. Dacoity,3,24,327310,1487230
Jharkhand,2001,Dacoity -Property,1. Dacoity,83,503,2518508,18069915
Karnataka,2001,Dacoity -Property,1. Dacoity,92,178,12023070,21450275
Kerala,2001,Dacoity -Property,1. Dacoity,49,140,2727221,13092195
Lakshadweep,2001,Dacoity -Property,1. Dacoity,0,0,0,0
Madhya Pradesh,2001,Dacoity -Property,1. Dacoity,102,166,10217136,15251872
Maharashtra,2001,Dacoity -Property,1. Dacoity,339,523,41798247,106628247
Manipur,2001,Dacoity -Property,1. Dacoity,1,20,300000,1816150
Meghalaya,2001,Dacoity -Property,1. Dacoity,18,96,560400,3658884
Mizoram,2001,Dacoity -Property,1. Dacoity,0,2,0,47905
Nagaland,2001,Dacoity -Property,1. Dacoity,2,9,350000,813525
Odisha,2001,Dacoity -Property,1. Dacoity,106,195,4320190,26153628
Puducherry,2001,Dacoity -Property,1. Dacoity,1,1,100000,120000
Punjab,2001,Dacoity -Property,1. Dacoity,22,45,425270,47908083
Rajasthan,2001,Dacoity -Property,1. Dacoity,36,55,7760601,8923097
Sikkim,2001,Dacoity -Property,1. Dacoity,0,0,0,0
Tamil Nadu,2001,Dacoity -Property,1. Dacoity,99,158,30479581,38995184
Tripura,2001,Dacoity -Property,1. Dacoity,7,26,60600,2431615
Uttar Pradesh,2001,Dacoity -Property,1. Dacoity,315,622,27488107,58683161
Uttarakhand,2001,Dacoity -Property,1. Dacoity,9,32,779995,5557695
West Bengal,2001,Dacoity -Property,1. Dacoity,99,274,12601382,28536019
Andaman & Nicobar Islands,2002,Dacoity -Property,1. Dacoity,1,1,50000,50000
Andhra Pradesh,2002,Dacoity -Property,1. Dacoity,100,193,13183547,24840635
Arunachal Pradesh,2002,Dacoity -Property,1. Dacoity,4,22,982350,3646342
Assam,2002,Dacoity -Property,1. Dacoity,90,473,2555266,14499405
Bihar,2002,Dacoity -Property,1. Dacoity,187,1289,7949064,61081240
Chandigarh,2002,Dacoity -Property,1. Dacoity,1,1,23200,23200
Chhattisgarh,2002,Dacoity -Property,1. Dacoity,43,144,3018162,15449856
Dadra & Nagar Haveli,2002,Dacoity -Property,1. Dacoity,0,1,0,46650
Daman & Diu,2002,Dacoity -Property,1. Dacoity,1,2,500000,537000
Delhi,2002,Dacoity -Property,1. Dacoity,42,47,1300570,5229300
Goa,2002,Dacoity -Property,1. Dacoity,2,5,555300,1083300
Gujarat,2002,Dacoity -Property,1. Dacoity,407,777,16788842,1384990691
Haryana,2002,Dacoity -Property,1. Dacoity,46,61,17158072,19640230
Himachal Pradesh,2002,Dacoity -Property,1. Dacoity,0,0,0,0
Jammu & Kashmir,2002,Dacoity -Property,1. Dacoity,4,42,177050,2244303
Jharkhand,2002,Dacoity -Property,1. Dacoity,150,580,5804271,26053033
Karnataka,2002,Dacoity -Property,1. Dacoity,80,178,18525551,35793263
Kerala,2002,Dacoity -Property,1. Dacoity,44,125,10644120,19804550
Lakshadweep,2002,Dacoity -Property,1. Dacoity,0,0,0,0
Madhya Pradesh,2002,Dacoity -Property,1. Dacoity,92,136,18864346,25945213
Maharashtra,2002,Dacoity -Property,1. Dacoity,325,542,40618698,118901569
Manipur,2002,Dacoity -Property,1. Dacoity,0,3,0,12000
Meghalaya,2002,Dacoity -Property,1. Dacoity,11,64,1109119,4230859
Mizoram,2002,Dacoity -Property,1. Dacoity,1,5,1500,123250
Nagaland,2002,Dacoity -Property,1. Dacoity,3,15,181450,995313
Odisha,2002,Dacoity -Property,1. Dacoity,105,230,7732281,17657983
Puducherry,2002,Dacoity -Property,1. Dacoity,2,2,155000,155000
Punjab,2002,Dacoity -Property,1. Dacoity,32,50,1424985,6515666
Rajasthan,2002,Dacoity -Property,1. Dacoity,29,45,5620400,8649970
Sikkim,2002,Dacoity -Property,1. Dacoity,0,0,0,0
Tamil Nadu,2002,Dacoity -Property,1. Dacoity,142,174,37628968,45798255
Tripura,2002,Dacoity -Property,1. Dacoity,7,29,185100,3067325
Uttar Pradesh,2002,Dacoity -Property,1. Dacoity,200,327,14476770,29712101
Uttarakhand,2002,Dacoity -Property,1. Dacoity,15,25,1565980,3389600
West Bengal,2002,Dacoity -Property,1. Dacoity,104,204,10394269,26009156
Andaman & Nicobar Islands,2003,Dacoity -Property,1. Dacoity,1,2,7000,107000
Andhra Pradesh,2003,Dacoity -Property,1. Dacoity,94,173,13612142,42850011
Arunachal Pradesh,2003,Dacoity -Property,1. Dacoity,8,37,250518,2239914
Assam,2003,Dacoity -Property,1. Dacoity,83,471,4478050,17473511
Bihar,2003,Dacoity -Property,1. Dacoity,161,1221,5851830,51817939
Chandigarh,2003,Dacoity -Property,1. Dacoity,3,3,10884,15200
Chhattisgarh,2003,Dacoity -Property,1. Dacoity,41,140,1469483,10207530
Dadra & Nagar Haveli,2003,Dacoity -Property,1. Dacoity,1,4,10000,39070
Daman & Diu,2003,Dacoity -Property,1. Dacoity,2,4,1000000,4343009
Delhi,2003,Dacoity -Property,1. Dacoity,27,28,4305000,8921500
Goa,2003,Dacoity -Property,1. Dacoity,1,4,255000,1303000
Gujarat,2003,Dacoity -Property,1. Dacoity,150,330,26943119,58594806
Haryana,2003,Dacoity -Property,1. Dacoity,51,63,14729050,21710332
Himachal Pradesh,2003,Dacoity -Property,1. Dacoity,4,8,475820,830345
Jammu & Kashmir,2003,Dacoity -Property,1. Dacoity,4,23,5042200,5558150
Jharkhand,2003,Dacoity -Property,1. Dacoity,156,682,6082015,20784181
Karnataka,2003,Dacoity -Property,1. Dacoity,138,220,14506929,29322654
Kerala,2003,Dacoity -Property,1. Dacoity,58,118,10501066,25952178
Lakshadweep,2003,Dacoity -Property,1. Dacoity,0,0,0,0
Madhya Pradesh,2003,Dacoity -Property,1. Dacoity,104,153,13662972,22843695
Maharashtra,2003,Dacoity -Property,1. Dacoity,288,504,32601902,87681725
Manipur,2003,Dacoity -Property,1. Dacoity,1,3,125000,150000
Meghalaya,2003,Dacoity -Property,1. Dacoity,5,83,150100,9269997
Mizoram,2003,Dacoity -Property,1. Dacoity,1,5,1500,392265
Nagaland,2003,Dacoity -Property,1. Dacoity,3,19,517000,2145059
Odisha,2003,Dacoity -Property,1. Dacoity,102,176,3789657,12644032
Puducherry,2003,Dacoity -Property,1. Dacoity,2,2,62700,521700
Punjab,2003,Dacoity -Property,1. Dacoity,23,30,1323700,4622716
Rajasthan,2003,Dacoity -Property,1. Dacoity,22,34,4751260,6824233
Sikkim,2003,Dacoity -Property,1. Dacoity,1,2,34500,121500
Tamil Nadu,2003,Dacoity -Property,1. Dacoity,85,95,76487971,79302069
Tripura,2003,Dacoity -Property,1. Dacoity,6,36,165200,2699536
Uttar Pradesh,2003,Dacoity -Property,1. Dacoity,148,227,19351305,51675947
Uttarakhand,2003,Dacoity -Property,1. Dacoity,14,18,128500,2322859
West Bengal,2003,Dacoity -Property,1. Dacoity,106,217,12959732,39431740
Andaman & Nicobar Islands,2004,Dacoity -Property,1. Dacoity,0,0,0,0
Andhra Pradesh,2004,Dacoity -Property,1. Dacoity,82,152,9771450,17206064
Arunachal Pradesh,2004,Dacoity -Property,1. Dacoity,4,30,762200,4350673
Assam,2004,Dacoity -Property,1. Dacoity,65,360,3168829,15737176
Bihar,2004,Dacoity -Property,1. Dacoity,140,1319,5650680,80581664
Chandigarh,2004,Dacoity -Property,1. Dacoity,0,0,0,0
Chhattisgarh,2004,Dacoity -Property,1. Dacoity,30,106,4560404,36973703
Dadra & Nagar Haveli,2004,Dacoity -Property,1. Dacoity,3,3,433550,452250
Daman & Diu,2004,Dacoity -Property,1. Dacoity,0,0,0,0
Delhi,2004,Dacoity -Property,1. Dacoity,29,30,870000,4504322
Goa,2004,Dacoity -Property,1. Dacoity,2,5,203000,456650
Gujarat,2004,Dacoity -Property,1. Dacoity,160,348,28413195,108910792
Haryana,2004,Dacoity -Property,1. Dacoity,42,52,16370790,18937871
Himachal Pradesh,2004,Dacoity -Property,1. Dacoity,1,1,1350,1350
Jammu & Kashmir,2004,Dacoity -Property,1. Dacoity,0,28,0,8005781
Jharkhand,2004,Dacoity -Property,1. Dacoity,150,580,5804271,26053033
Karnataka,2004,Dacoity -Property,1. Dacoity,105,177,10843130,40702750
Kerala,2004,Dacoity -Property,1. Dacoity,56,114,11313177,33006692
Lakshadweep,2004,Dacoity -Property,1. Dacoity,0,0,0,0
Madhya Pradesh,2004,Dacoity -Property,1. Dacoity,94,147,15783586,24356418
Maharashtra,2004,Dacoity -Property,1. Dacoity,398,623,38410784,98823595
Manipur,2004,Dacoity -Property,1. Dacoity,0,2,0,85500
Meghalaya,2004,Dacoity -Property,1. Dacoity,7,71,247890,2596018
Mizoram,2004,Dacoity -Property,1. Dacoity,6,10,23800,53800
Nagaland,2004,Dacoity -Property,1. Dacoity,2,9,85460,149850
Odisha,2004,Dacoity -Property,1. Dacoity,121,238,7085213,16347964
Puducherry,2004,Dacoity -Property,1. Dacoity,0,0,0,0
Punjab,2004,Dacoity -Property,1. Dacoity,9,17,477700,3796341
Rajasthan,2004,Dacoity -Property,1. Dacoity,32,54,12344549,16535443
Sikkim,2004,Dacoity -Property,1. Dacoity,0,0,0,0
Tamil Nadu,2004,Dacoity -Property,1. Dacoity,62,72,50126850,53332298
Tripura,2004,Dacoity -Property,1. Dacoity,5,27,358448,1746790
Uttar Pradesh,2004,Dacoity -Property,1. Dacoity,159,254,22185529,47532330
Uttarakhand,2004,Dacoity -Property,1. Dacoity,17,31,1098413,5562841
West Bengal,2004,Dacoity -Property,1. Dacoity,88,212,8877022,38572732
Andaman & Nicobar Islands,2005,Dacoity -Property,1. Dacoity,0,0,0,0
Andhra Pradesh,2005,Dacoity -Property,1. Dacoity,159,245,19305553,29946537
Arunachal Pradesh,2005,Dacoity -Property,1. Dacoity,7,23,1065230,1988970
Assam,2005,Dacoity -Property,1. Dacoity,60,334,4900145,20152383
Bihar,2005,Dacoity -Property,1. Dacoity,160,1212,4305764,61652278
Chandigarh,2005,Dacoity -Property,1. Dacoity,0,0,0,0
Chhattisgarh,2005,Dacoity -Property,1. Dacoity,47,204,1048911,8653691
Dadra & Nagar Haveli,2005,Dacoity -Property,1. Dacoity,3,3,117200,117200
Daman & Diu,2005,Dacoity -Property,1. Dacoity,2,4,60300,493300
Delhi,2005,Dacoity -Property,1. Dacoity,26,27,2045400,13335996
Goa,2005,Dacoity -Property,1. Dacoity,2,2,1588200,2077574
Gujarat,2005,Dacoity -Property,1. Dacoity,157,277,17577759,32272584
Haryana,2005,Dacoity -Property,1. Dacoity,76,87,12484500,20960375
Himachal Pradesh,2005,Dacoity -Property,1. Dacoity,6,6,1268309,1302207
Jammu & Kashmir,2005,Dacoity -Property,1. Dacoity,0,13,0,259800
Jharkhand,2005,Dacoity -Property,1. Dacoity,123,592,5355750,30431289
Karnataka,2005,Dacoity -Property,1. Dacoity,100,208,21534065,48554229
Kerala,2005,Dacoity -Property,1. Dacoity,47,97,5862500,35468140
Lakshadweep,2005,Dacoity -Property,1. Dacoity,0,0,0,0
Madhya Pradesh,2005,Dacoity -Property,1. Dacoity,95,147,10852110,15713984
Maharashtra,2005,Dacoity -Property,1. Dacoity,368,625,34210419,91865056
Manipur,2005,Dacoity -Property,1. Dacoity,0,4,0,477000
Meghalaya,2005,Dacoity -Property,1. Dacoity,4,63,134650,12236375
Mizoram,2005,Dacoity -Property,1. Dacoity,1,3,4680,7500
Nagaland,2005,Dacoity -Property,1. Dacoity,5,12,2000,538320
Odisha,2005,Dacoity -Property,1. Dacoity,111,184,8184380,25720589
Puducherry,2005,Dacoity -Property,1. Dacoity,0,1,0,0
Punjab,2005,Dacoity -Property,1. Dacoity,23,27,5256429,7198811
Rajasthan,2005,Dacoity -Property,1. Dacoity,30,39,11949799,14404860
Sikkim,2005,Dacoity -Property,1. Dacoity,0,2,0,193000
Tamil Nadu,2005,Dacoity -Property,1. Dacoity,67,73,27058249,29513736
Tripura,2005,Dacoity -Property,1. Dacoity,7,22,385713,1804380
Uttar Pradesh,2005,Dacoity -Property,1. Dacoity,146,216,37886988,60477237
Uttarakhand,2005,Dacoity -Property,1. Dacoity,22,44,2121650,4136113
West Bengal,2005,Dacoity -Property,1. Dacoity,67,211,7527867,24361976
Andaman & Nicobar Islands,2006,Dacoity -Property,1. Dacoity,0,0,0,0
Andhra Pradesh,2006,Dacoity -Property,1. Dacoity,107,174,14806698,32668783
Arunachal Pradesh,2006,Dacoity -Property,1. Dacoity,10,28,112550,675603
Assam,2006,Dacoity -Property,1. Dacoity,44,319,8900900,25923980
Bihar,2006,Dacoity -Property,1. Dacoity,157,1001,5736475,60402542
Chandigarh,2006,Dacoity -Property,1. Dacoity,0,1,0,0
Chhattisgarh,2006,Dacoity -Property,1. Dacoity,68,160,2548974,16274786
Dadra & Nagar Haveli,2006,Dacoity -Property,1. Dacoity,1,5,10000,840000
Daman & Diu,2006,Dacoity -Property,1. Dacoity,1,8,117800,295600
Delhi,2006,Dacoity -Property,1. Dacoity,13,14,600,13163050
Goa,2006,Dacoity -Property,1. Dacoity,1,7,63900,741481
Gujarat,2006,Dacoity -Property,1. Dacoity,137,280,19823619,56772711
Haryana,2006,Dacoity -Property,1. Dacoity,90,104,28483415,33723720
Himachal Pradesh,2006,Dacoity -Property,1. Dacoity,3,7,460500,1509816
Jammu & Kashmir,2006,Dacoity -Property,1. Dacoity,3,10,48370,164343
Jharkhand,2006,Dacoity -Property,1. Dacoity,117,534,3563462,31178749
Karnataka,2006,Dacoity -Property,1. Dacoity,109,202,12926983,43736255
Kerala,2006,Dacoity -Property,1. Dacoity,55,119,21345161,63215996
Lakshadweep,2006,Dacoity -Property,1. Dacoity,0,0,0,0
Madhya Pradesh,2006,Dacoity -Property,1. Dacoity,96,151,17679151,31541959
Maharashtra,2006,Dacoity -Property,1. Dacoity,403,659,39054710,130520906
Manipur,2006,Dacoity -Property,1. Dacoity,0,2,0,1247500
Meghalaya,2006,Dacoity -Property,1. Dacoity,10,57,419144,5296886
Mizoram,2006,Dacoity -Property,1. Dacoity,2,4,254235,286546
Nagaland,2006,Dacoity -Property,1. Dacoity,2,15,59850,683770
Odisha,2006,Dacoity -Property,1. Dacoity,138,239,20947380,40429350
Puducherry,2006,Dacoity -Property,1. Dacoity,2,2,246000,263000
Punjab,2006,Dacoity -Property,1. Dacoity,19,35,1880190,5205892
Rajasthan,2006,Dacoity -Property,1. Dacoity,28,35,2402350,4241341
Sikkim,2006,Dacoity -Property,1. Dacoity,0,0,0,0
Tamil Nadu,2006,Dacoity -Property,1. Dacoity,87,95,26180871,30516077
Tripura,2006,Dacoity -Property,1. Dacoity,8,18,419201,1436535
Uttar Pradesh,2006,Dacoity -Property,1. Dacoity,85,107,26236571,42634147
Uttarakhand,2006,Dacoity -Property,1. Dacoity,17,30,503639,2539539
West Bengal,2006,Dacoity -Property,1. Dacoity,63,177,5459381,21667478
Andaman & Nicobar Islands,2007,Dacoity -Property,1. Dacoity,2,5,308000,648000
Andhra Pradesh,2007,Dacoity -Property,1. Dacoity,89,138,36502464,49272166
Arunachal Pradesh,2007,Dacoity -Property,1. Dacoity,9,16,109790,1625690
Assam,2007,Dacoity -Property,1. Dacoity,49,299,3318828,14613245
Bihar,2007,Dacoity -Property,1. Dacoity,122,686,10119615,60582150
Chandigarh,2007,Dacoity -Property,1. Dacoity,2,2,29000,29000
Chhattisgarh,2007,Dacoity -Property,1. Dacoity,33,115,4217777,7981751
Dadra & Nagar Haveli,2007,Dacoity -Property,1. Dacoity,1,1,1200,1200
Daman & Diu,2007,Dacoity -Property,1. Dacoity,0,3,0,393700
Delhi,2007,Dacoity -Property,1. Dacoity,30,34,1310250,6374650
Goa,2007,Dacoity -Property,1. Dacoity,4,7,1142309,13597350
Gujarat,2007,Dacoity -Property,1. Dacoity,142,232,21745848,69620588
Haryana,2007,Dacoity -Property,1. Dacoity,102,139,27558400,43920703
Himachal Pradesh,2007,Dacoity -Property,1. Dacoity,3,4,1555100,4091834
Jammu & Kashmir,2007,Dacoity -Property,1. Dacoity,2,11,30600,525600
Jharkhand,2007,Dacoity -Property,1. Dacoity,75,523,11251492,50039989
Karnataka,2007,Dacoity -Property,1. Dacoity,112,178,55823201,92970218
Kerala,2007,Dacoity -Property,1. Dacoity,51,108,11872686,121457955
Lakshadweep,2007,Dacoity -Property,1. Dacoity,0,0,0,0
Madhya Pradesh,2007,Dacoity -Property,1. Dacoity,84,143,64031147,85301705
Maharashtra,2007,Dacoity -Property,1. Dacoity,506,709,99587563,210757013
Manipur,2007,Dacoity -Property,1. Dacoity,0,3,0,114945
Meghalaya,2007,Dacoity -Property,1. Dacoity,16,55,388800,3618757
Mizoram,2007,Dacoity -Property,1. Dacoity,0,0,0,0
Nagaland,2007,Dacoity -Property,1. Dacoity,1,7,11500,3456280
Odisha,2007,Dacoity -Property,1. Dacoity,133,247,14807120,76757738
Puducherry,2007,Dacoity -Property,1. Dacoity,1,1,500000,500000
Punjab,2007,Dacoity -Property,1. Dacoity,30,37,1581901,4262534
Rajasthan,2007,Dacoity -Property,1. Dacoity,37,71,13223097,23686813
Sikkim,2007,Dacoity -Property,1. Dacoity,0,0,0,0
Tamil Nadu,2007,Dacoity -Property,1. Dacoity,79,88,54160562,60223770
Tripura,2007,Dacoity -Property,1. Dacoity,4,14,14850,1531502
Uttar Pradesh,2007,Dacoity -Property,1. Dacoity,98,125,14568980,26799279
Uttarakhand,2007,Dacoity -Property,1. Dacoity,24,33,767276,7537259
West Bengal,2007,Dacoity -Property,1. Dacoity,45,146,7280069,33575331
Andaman & Nicobar Islands,2008,Dacoity -Property,1. Dacoity,0,0,0,0
Andhra Pradesh,2008,Dacoity -Property,1. Dacoity,77,108,5175890,19165296
Arunachal Pradesh,2008,Dacoity -Property,1. Dacoity,10,14,1085820,1123220
Assam,2008,Dacoity -Property,1. Dacoity,67,312,4455010,26136146
Bihar,2008,Dacoity -Property,1. Dacoity,142,686,6960575,48724649
Chandigarh,2008,Dacoity -Property,1. Dacoity,1,1,110000,110000
Chhattisgarh,2008,Dacoity -Property,1. Dacoity,43,124,8922130,17215702
Dadra & Nagar Haveli,2008,Dacoity -Property,1. Dacoity,0,1,0,37000
Daman & Diu,2008,Dacoity -Property,1. Dacoity,0,2,0,1480000
Delhi,2008,Dacoity -Property,1. Dacoity,18,24,11733000,19249000
Goa,2008,Dacoity -Property,1. Dacoity,0,2,0,6100
Gujarat,2008,Dacoity -Property,1. Dacoity,144,245,20476176,47516980
Haryana,2008,Dacoity -Property,1. Dacoity,99,120,27846605,73685380
Himachal Pradesh,2008,Dacoity -Property,1. Dacoity,5,6,6613138,8031003
Jammu & Kashmir,2008,Dacoity -Property,1. Dacoity,2,2,225000,279500
Jharkhand,2008,Dacoity -Property,1. Dacoity,89,416,4555825,89340742
Karnataka,2008,Dacoity -Property,1. Dacoity,173,268,59400800,100090700
Kerala,2008,Dacoity -Property,1. Dacoity,53,85,6063642,110557290
Lakshadweep,2008,Dacoity -Property,1. Dacoity,0,0,0,0
Madhya Pradesh,2008,Dacoity -Property,1. Dacoity,118,160,19281644,37704449
Maharashtra,2008,Dacoity -Property,1. Dacoity,568,795,46741350,203761313
Manipur,2008,Dacoity -Property,1. Dacoity,0,1,0,43000
Meghalaya,2008,Dacoity -Property,1. Dacoity,5,48,241000,2470722
Mizoram,2008,Dacoity -Property,1. Dacoity,0,2,0,156850
Nagaland,2008,Dacoity -Property,1. Dacoity,2,6,42000,1087500
Odisha,2008,Dacoity -Property,1. Dacoity,150,303,31230015,91493666
Puducherry,2008,Dacoity -Property,1. Dacoity,10,10,1456400,1923300
Punjab,2008,Dacoity -Property,1. Dacoity,32,40,7860028,9574280
Rajasthan,2008,Dacoity -Property,1. Dacoity,35,59,14855312,28940271
Sikkim,2008,Dacoity -Property,1. Dacoity,0,1,0,124500
Tamil Nadu,2008,Dacoity -Property,1. Dacoity,90,100,53840118,68092664
Tripura,2008,Dacoity -Property,1. Dacoity,0,13,0,1320120
Uttar Pradesh,2008,Dacoity -Property,1. Dacoity,84,103,29359674,38492225
Uttarakhand,2008,Dacoity -Property,1. Dacoity,6,10,2637000,3026200
West Bengal,2008,Dacoity -Property,1. Dacoity,57,184,5611895,33357037
Andaman & Nicobar Islands,2009,Dacoity -Property,1. Dacoity,0,0,0,0
Andhra Pradesh,2009,Dacoity -Property,1. Dacoity,51,101,14981520,24465809
Arunachal Pradesh,2009,Dacoity -Property,1. Dacoity,14,20,2721500,4500600
Assam,2009,Dacoity -Property,1. Dacoity,37,251,23132331,49749892
Bihar,2009,Dacoity -Property,1. Dacoity,131,654,8337986,45538299
Chandigarh,2009,Dacoity -Property,1. Dacoity,4,4,515000,515000
Chhattisgarh,2009,Dacoity -Property,1. Dacoity,39,134,2515870,13892747
Dadra & Nagar Haveli,2009,Dacoity -Property,1. Dacoity,4,9,1970600,4570769
Daman & Diu,2009,Dacoity -Property,1. Dacoity,0,0,0,0
Delhi,2009,Dacoity -Property,1. Dacoity,24,36,12222566,35479000
Goa,2009,Dacoity -Property,1. Dacoity,2,4,718865,2255300
Gujarat,2009,Dacoity -Property,1. Dacoity,135,243,37169667,73734850
Haryana,2009,Dacoity -Property,1. Dacoity,112,153,34545985,61000202
Himachal Pradesh,2009,Dacoity -Property,1. Dacoity,4,4,2304700,3313700
Jammu & Kashmir,2009,Dacoity -Property,1. Dacoity,1,1,810000,835000
Jharkhand,2009,Dacoity -Property,1. Dacoity,107,412,6140023,76188451
Karnataka,2009,Dacoity -Property,1. Dacoity,178,273,95860505,113802875
Kerala,2009,Dacoity -Property,1. Dacoity,70,102,22351474,41331781
Lakshadweep,2009,Dacoity -Property,1. Dacoity,0,3,0,500000
Madhya Pradesh,2009,Dacoity -Property,1. Dacoity,86,117,21361603,27798379
Maharashtra,2009,Dacoity -Property,1. Dacoity,539,772,71993623,170660614
Manipur,2009,Dacoity -Property,1. Dacoity,0,1,0,35000
Meghalaya,2009,Dacoity -Property,1. Dacoity,7,60,177270,2966364
Mizoram,2009,Dacoity -Property,1. Dacoity,0,2,0,3000
Nagaland,2009,Dacoity -Property,1. Dacoity,0,8,0,627025
Odisha,2009,Dacoity -Property,1. Dacoity,149,380,45455053,150458832
Puducherry,2009,Dacoity -Property,1. Dacoity,7,7,2056000,2056400
Punjab,2009,Dacoity -Property,1. Dacoity,31,37,3420850,5935802
Rajasthan,2009,Dacoity -Property,1. Dacoity,45,53,66671880,77975765
Sikkim,2009,Dacoity -Property,1. Dacoity,0,0,0,0
Tamil Nadu,2009,Dacoity -Property,1. Dacoity,78,97,34064303,47192518
Tripura,2009,Dacoity -Property,1. Dacoity,3,7,228000,515000
Uttar Pradesh,2009,Dacoity -Property,1. Dacoity,112,149,46315880,87757928
Uttarakhand,2009,Dacoity -Property,1. Dacoity,22,24,2499500,3599100
West Bengal,2009,Dacoity -Property,1. Dacoity,41,214,17211324,63527302
Andaman & Nicobar Islands,2010,Dacoity -Property,1. Dacoity,0,1,0,86150
Andhra Pradesh,2010,Dacoity -Property,1. Dacoity,97,133,18607717,30276549
Arunachal Pradesh,2010,Dacoity -Property,1. Dacoity,5,15,349000,1258330
Assam,2010,Dacoity -Property,1. Dacoity,43,248,12335002,46803955
Bihar,2010,Dacoity -Property,1. Dacoity,125,644,8596846,64448938
Chandigarh,2010,Dacoity -Property,1. Dacoity,5,5,36000,36000
Chhattisgarh,2010,Dacoity -Property,1. Dacoity,36,122,8225470,42282293
Dadra & Nagar Haveli,2010,Dacoity -Property,1. Dacoity,0,2,0,405000
Daman & Diu,2010,Dacoity -Property,1. Dacoity,5,6,1410000,2588000
Delhi,2010,Dacoity -Property,1. Dacoity,27,32,3075000,14044500
Goa,2010,Dacoity -Property,1. Dacoity,2,2,150000,270000
Gujarat,2010,Dacoity -Property,1. Dacoity,122,180,21733654,107788928
Haryana,2010,Dacoity -Property,1. Dacoity,103,147,56906440,82418528
Himachal Pradesh,2010,Dacoity -Property,1. Dacoity,1,2,250000,838400
Jammu & Kashmir,2010,Dacoity -Property,1. Dacoity,2,5,16500,397190
Jharkhand,2010,Dacoity -Property,1. Dacoity,104,335,11413820,43681106
Karnataka,2010,Dacoity -Property,1. Dacoity,186,272,58827626,70325623
Kerala,2010,Dacoity -Property,1. Dacoity,33,71,2665230,8078175
Lakshadweep,2010,Dacoity -Property,1. Dacoity,0,0,0,0
Madhya Pradesh,2010,Dacoity -Property,1. Dacoity,81,110,7021484540,7050070892
Maharashtra,2010,Dacoity -Property,1. Dacoity,569,765,137404539,218670715
Manipur,2010,Dacoity -Property,1. Dacoity,0,0,0,0
Meghalaya,2010,Dacoity -Property,1. Dacoity,6,33,89970,1655070
Mizoram,2010,Dacoity -Property,1. Dacoity,1,3,302000,397000
Nagaland,2010,Dacoity -Property,1. Dacoity,1,3,3000,16040
Odisha,2010,Dacoity -Property,1. Dacoity,187,346,20104915,84697959
Puducherry,2010,Dacoity -Property,1. Dacoity,2,2,2300000,2300000
Punjab,2010,Dacoity -Property,1. Dacoity,51,65,26338335,62562705
Rajasthan,2010,Dacoity -Property,1. Dacoity,25,36,27598990,29620960
Sikkim,2010,Dacoity -Property,1. Dacoity,0,1,0,6000
Tamil Nadu,2010,Dacoity -Property,1. Dacoity,74,85,62272356,80347154
Tripura,2010,Dacoity -Property,1. Dacoity,5,16,59000,811800
Uttar Pradesh,2010,Dacoity -Property,1. Dacoity,134,170,48700047,78967688
Uttarakhand,2010,Dacoity -Property,1. Dacoity,8,9,2546350,9226550
West Bengal,2010,Dacoity -Property,1. Dacoity,69,288,17476848,117321249
Andaman & Nicobar Islands,2001,Other heads of Property,6. Other Property,0,0,0,0
Andhra Pradesh,2001,Other heads of Property,6. Other Property,154,360,3293943,7786220
Arunachal Pradesh,2001,Other heads of Property,6. Other Property,1,20,4730,1204096
Assam,2001,Other heads of Property,6. Other Property,148,395,3459533,11379457
Bihar,2001,Other heads of Property,6. Other Property,285,1164,4527015,11368139
Chandigarh,2001,Other heads of Property,6. Other Property,2,2,101000,101000
Chhattisgarh,2001,Other heads of Property,6. Other Property,170,366,2310687,7145770
Dadra & Nagar Haveli,2001,Other heads of Property,6. Other Property,2,12,351780,3127831
Daman & Diu,2001,Other heads of Property,6. Other Property,0,7,0,3669850
Delhi,2001,Other heads of Property,6. Other Property,578,1714,13695153,841921782
Goa,2001,Other heads of Property,6. Other Property,1,34,10000,122480590
Gujarat,2001,Other heads of Property,6. Other Property,500,1243,12975707,213828834
Haryana,2001,Other heads of Property,6. Other Property,288,326,28709985,29351785
Himachal Pradesh,2001,Other heads of Property,6. Other Property,30,76,1007779,1673423
Jammu & Kashmir,2001,Other heads of Property,6. Other Property,0,0,0,0
Jharkhand,2001,Other heads of Property,6. Other Property,69,253,985394,11010074
Karnataka,2001,Other heads of Property,6. Other Property,145,325,4216802,10530737
Kerala,2001,Other heads of Property,6. Other Property,1,1,12500,12500
Lakshadweep,2001,Other heads of Property,6. Other Property,0,0,0,0
Madhya Pradesh,2001,Other heads of Property,6. Other Property,388,1331,3349521,20579958
Maharashtra,2001,Other heads of Property,6. Other Property,1133,2491,66749060,941300124
Manipur,2001,Other heads of Property,6. Other Property,23,91,2377000,10659750
Meghalaya,2001,Other heads of Property,6. Other Property,16,32,177365,1180415
Mizoram,2001,Other heads of Property,6. Other Property,56,186,2683220,4467540
Nagaland,2001,Other heads of Property,6. Other Property,18,133,1226687,51036027
Odisha,2001,Other heads of Property,6. Other Property,154,187,252396,4433658
Puducherry,2001,Other heads of Property,6. Other Property,1,2,750,57550
Punjab,2001,Other heads of Property,6. Other Property,472,481,61062478,61062478
Rajasthan,2001,Other heads of Property,6. Other Property,1307,2341,23094744,26975847
Sikkim,2001,Other heads of Property,6. Other Property,0,1,0,50000
Tamil Nadu,2001,Other heads of Property,6. Other Property,360,839,68489411,220705814
Tripura,2001,Other heads of Property,6. Other Property,4,29,35000,2317000
Uttar Pradesh,2001,Other heads of Property,6. Other Property,601,991,34220154,76498742
Uttarakhand,2001,Other heads of Property,6. Other Property,0,0,0,0
West Bengal,2001,Other heads of Property,6. Other Property,373,2113,18386936,104181303
Andaman & Nicobar Islands,2002,Other heads of Property,6. Other Property,0,0,0,0
Andhra Pradesh,2002,Other heads of Property,6. Other Property,207,491,5582933,20701567
Arunachal Pradesh,2002,Other heads of Property,6. Other Property,21,34,2461567,5816326
Assam,2002,Other heads of Property,6. Other Property,218,572,2452186,9470471
Bihar,2002,Other heads of Property,6. Other Property,224,1216,1336704,4552401
Chandigarh,2002,Other heads of Property,6. Other Property,10,10,117000,117000
Chhattisgarh,2002,Other heads of Property,6. Other Property,41,92,1730949,6036538
Dadra & Nagar Haveli,2002,Other heads of Property,6. Other Property,8,8,525000,525000
Daman & Diu,2002,Other heads of Property,6. Other Property,3,10,498640,6745248
Delhi,2002,Other heads of Property,6. Other Property,1780,2703,5499437,817719202
Goa,2002,Other heads of Property,6. Other Property,1,56,1332208,33644850
Gujarat,2002,Other heads of Property,6. Other Property,516,1155,21927354,2333126020
Haryana,2002,Other heads of Property,6. Other Property,295,341,27874325,30015057
Himachal Pradesh,2002,Other heads of Property,6. Other Property,29,66,2037448,2391348
Jammu & Kashmir,2002,Other heads of Property,6. Other Property,0,0,0,0
Jharkhand,2002,Other heads of Property,6. Other Property,133,182,4235306,4468484
Karnataka,2002,Other heads of Property,6. Other Property,316,378,9473988,15964455
Kerala,2002,Other heads of Property,6. Other Property,225,400,11879933,32901675
Lakshadweep,2002,Other heads of Property,6. Other Property,0,0,0,0
Madhya Pradesh,2002,Other heads of Property,6. Other Property,412,876,6577011,25257676
Maharashtra,2002,Other heads of Property,6. Other Property,1091,2803,134055928,2468904637
Manipur,2002,Other heads of Property,6. Other Property,6,93,1053000,6282462
Meghalaya,2002,Other heads of Property,6. Other Property,13,32,42120,335393
Mizoram,2002,Other heads of Property,6. Other Property,2,16,3720,92410
Nagaland,2002,Other heads of Property,6. Other Property,36,56,757921,1128015
Odisha,2002,Other heads of Property,6. Other Property,10,22,48100,822871
Puducherry,2002,Other heads of Property,6. Other Property,1,1,20000,23000
Punjab,2002,Other heads of Property,6. Other Property,611,614,94025485,94025485
Rajasthan,2002,Other heads of Property,6. Other Property,480,1073,9440215,12742820
Sikkim,2002,Other heads of Property,6. Other Property,1,4,10000,10000
Tamil Nadu,2002,Other heads of Property,6. Other Property,309,827,96247664,215973866
Tripura,2002,Other heads of Property,6. Other Property,2,60,302000,4458147
Uttar Pradesh,2002,Other heads of Property,6. Other Property,564,815,133106484,50129615
Uttarakhand,2002,Other heads of Property,6. Other Property,0,0,0,0
West Bengal,2002,Other heads of Property,6. Other Property,1367,5016,39580269,87884434
Andaman & Nicobar Islands,2003,Other heads of Property,6. Other Property,0,0,0,0
Andhra Pradesh,2003,Other heads of Property,6. Other Property,79,195,1294520,2397928
Arunachal Pradesh,2003,Other heads of Property,6. Other Property,14,28,215410,3093260
Assam,2003,Other heads of Property,6. Other Property,201,562,4779994,17315893
Bihar,2003,Other heads of Property,6. Other Property,202,1341,744539,3190267
Chandigarh,2003,Other heads of Property,6. Other Property,38,89,628580,1214855
Chhattisgarh,2003,Other heads of Property,6. Other Property,123,260,871302,11739034
Dadra & Nagar Haveli,2003,Other heads of Property,6. Other Property,8,12,1425500,12690500
Daman & Diu,2003,Other heads of Property,6. Other Property,1,8,870000,5050900
Delhi,2003,Other heads of Property,6. Other Property,1609,2611,12656735,748989861
Goa,2003,Other heads of Property,6. Other Property,5,77,181400,198400135
Gujarat,2003,Other heads of Property,6. Other Property,647,1426,12070140,1424565020
Haryana,2003,Other heads of Property,6. Other Property,572,606,33077853,34305575
Himachal Pradesh,2003,Other heads of Property,6. Other Property,28,63,421487,9676998
Jammu & Kashmir,2003,Other heads of Property,6. Other Property,0,0,0,0
Jharkhand,2003,Other heads of Property,6. Other Property,88,219,1281157,1982366
Karnataka,2003,Other heads of Property,6. Other Property,234,715,8065554,26578132
Kerala,2003,Other heads of Property,6. Other Property,148,235,10586255,14903253
Lakshadweep,2003,Other heads of Property,6. Other Property,0,0,0,0
Madhya Pradesh,2003,Other heads of Property,6. Other Property,394,855,4552443,12549325
Maharashtra,2003,Other heads of Property,6. Other Property,1185,2978,146473907,926930378
Manipur,2003,Other heads of Property,6. Other Property,8,78,1003000,3866559
Meghalaya,2003,Other heads of Property,6. Other Property,4,19,260000,573975
Mizoram,2003,Other heads of Property,6. Other Property,37,228,134516,459982
Nagaland,2003,Other heads of Property,6. Other Property,57,76,1002990,1234990
Odisha,2003,Other heads of Property,6. Other Property,14,59,51650,1049403
Puducherry,2003,Other heads of Property,6. Other Property,2,2,1600,1600
Punjab,2003,Other heads of Property,6. Other Property,1033,1033,128852639,128852639
Rajasthan,2003,Other heads of Property,6. Other Property,1167,2300,10935283,28874340
Sikkim,2003,Other heads of Property,6. Other Property,0,4,0,2110873
Tamil Nadu,2003,Other heads of Property,6. Other Property,77,104,9507709,31516362
Tripura,2003,Other heads of Property,6. Other Property,3,25,44831,642172
Uttar Pradesh,2003,Other heads of Property,6. Other Property,311,352,51815000,59777530
Uttarakhand,2003,Other heads of Property,6. Other Property,0,0,0,0
West Bengal,2003,Other heads of Property,6. Other Property,770,1470,19879150,52137501
Andaman & Nicobar Islands,2004,Other heads of Property,6. Other Property,0,0,0,0
Andhra Pradesh,2004,Other heads of Property,6. Other Property,76,192,1650696,10111253
Arunachal Pradesh,2004,Other heads of Property,6. Other Property,10,26,263470,1904046
Assam,2004,Other heads of Property,6. Other Property,211,714,4169182,18860636
Bihar,2004,Other heads of Property,6. Other Property,375,1384,6154699,31715584
Chandigarh,2004,Other heads of Property,6. Other Property,62,101,926795,1479695
Chhattisgarh,2004,Other heads of Property,6. Other Property,137,1261,2007990,10298816
Dadra & Nagar Haveli,2004,Other heads of Property,6. Other Property,6,22,341000,7898313
Daman & Diu,2004,Other heads of Property,6. Other Property,0,6,0,600000
Delhi,2004,Other heads of Property,6. Other Property,1974,3097,29885709,451314993
Goa,2004,Other heads of Property,6. Other Property,7,52,411000,51919570
Gujarat,2004,Other heads of Property,6. Other Property,602,1239,25822243,3935809186
Haryana,2004,Other heads of Property,6. Other Property,674,722,22053698,24302613
Himachal Pradesh,2004,Other heads of Property,6. Other Property,31,78,969141,1308141
Jammu & Kashmir,2004,Other heads of Property,6. Other Property,0,0,0,0
Jharkhand,2004,Other heads of Property,6. Other Property,133,182,4235306,4468484
Karnataka,2004,Other heads of Property,6. Other Property,201,524,6436066,29751496
Kerala,2004,Other heads of Property,6. Other Property,202,273,4348304,11349202
Lakshadweep,2004,Other heads of Property,6. Other Property,0,0,0,0
Madhya Pradesh,2004,Other heads of Property,6. Other Property,392,862,4192248,22378484
Maharashtra,2004,Other heads of Property,6. Other Property,1282,3344,90670968,1358689640
Manipur,2004,Other heads of Property,6. Other Property,0,52,0,4961437
Meghalaya,2004,Other heads of Property,6. Other Property,2,21,7780,645196
Mizoram,2004,Other heads of Property,6. Other Property,0,0,0,0
Nagaland,2004,Other heads of Property,6. Other Property,7,11,873101,1355251
Odisha,2004,Other heads of Property,6. Other Property,17,27,111625,620375
Puducherry,2004,Other heads of Property,6. Other Property,2,2,96000,96000
Punjab,2004,Other heads of Property,6. Other Property,593,596,51788549,51846049
Rajasthan,2004,Other heads of Property,6. Other Property,445,1116,4383368,10916146
Sikkim,2004,Other heads of Property,6. Other Property,0,22,0,6567163
Tamil Nadu,2004,Other heads of Property,6. Other Property,53,76,5866565,8206080
Tripura,2004,Other heads of Property,6. Other Property,4,61,16700,535285
Uttar Pradesh,2004,Other heads of Property,6. Other Property,634,741,60031301,61221685
Uttarakhand,2004,Other heads of Property,6. Other Property,0,0,0,0
West Bengal,2004,Other heads of Property,6. Other Property,705,1495,17685307,46989588
Andaman & Nicobar Islands,2005,Other heads of Property,6. Other Property,0,0,0,0
Andhra Pradesh,2005,Other heads of Property,6. Other Property,104,192,15020857,23371050
Arunachal Pradesh,2005,Other heads of Property,6. Other Property,3,19,149500,1606867
Assam,2005,Other heads of Property,6. Other Property,226,693,4979023,9368936
Bihar,2005,Other heads of Property,6. Other Property,389,1319,5177140,20415292
Chandigarh,2005,Other heads of Property,6. Other Property,84,147,923200,1211990
Chhattisgarh,2005,Other heads of Property,6. Other Property,118,223,2473884,7118132
Dadra & Nagar Haveli,2005,Other heads of Property,6. Other Property,7,10,2903800,4234700
Daman & Diu,2005,Other heads of Property,6. Other Property,2,3,45000,45000
Delhi,2005,Other heads of Property,6. Other Property,2227,3514,8331858,737551655
Goa,2005,Other heads of Property,6. Other Property,5,38,185000,24694420
Gujarat,2005,Other heads of Property,6. Other Property,667,1214,64819027,779267815
Haryana,2005,Other heads of Property,6. Other Property,483,556,442433920,443888058
Himachal Pradesh,2005,Other heads of Property,6. Other Property,32,70,1014313,1515813
Jammu & Kashmir,2005,Other heads of Property,6. Other Property,0,0,0,0
Jharkhand,2005,Other heads of Property,6. Other Property,65,146,796738,3645428
Karnataka,2005,Other heads of Property,6. Other Property,121,347,4547720,922944183
Kerala,2005,Other heads of Property,6. Other Property,203,894,335580,84827700
Lakshadweep,2005,Other heads of Property,6. Other Property,0,0,0,0
Madhya Pradesh,2005,Other heads of Property,6. Other Property,242,646,3372675,14183206
Maharashtra,2005,Other heads of Property,6. Other Property,1492,4205,54852176,1942171368
Manipur,2005,Other heads of Property,6. Other Property,1,20,30000,12380292
Meghalaya,2005,Other heads of Property,6. Other Property,7,19,1888600,2048600
Mizoram,2005,Other heads of Property,6. Other Property,27,32,562615,797650
Nagaland,2005,Other heads of Property,6. Other Property,9,13,135535,1381361
Odisha,2005,Other heads of Property,6. Other Property,4,34,404301,3986000
Puducherry,2005,Other heads of Property,6. Other Property,1,2,15000,19500
Punjab,2005,Other heads of Property,6. Other Property,430,430,62324357,62324357
Rajasthan,2005,Other heads of Property,6. Other Property,303,678,8997411,14655640
Sikkim,2005,Other heads of Property,6. Other Property,0,0,0,0
Tamil Nadu,2005,Other heads of Property,6. Other Property,55,74,3667741,8564917
Tripura,2005,Other heads of Property,6. Other Property,1,30,5000,466430
Uttar Pradesh,2005,Other heads of Property,6. Other Property,478,398,133239605,58229810
Uttarakhand,2005,Other heads of Property,6. Other Property,0,0,0,0
West Bengal,2005,Other heads of Property,6. Other Property,678,1420,25154150,130840452
Andaman & Nicobar Islands,2006,Other heads of Property,6. Other Property,0,0,0,0
Andhra Pradesh,2006,Other heads of Property,6. Other Property,121,196,5074077,8118944
Arunachal Pradesh,2006,Other heads of Property,6. Other Property,5,16,460300,2521560
Assam,2006,Other heads of Property,6. Other Property,253,528,8789919,12511377
Bihar,2006,Other heads of Property,6. Other Property,369,831,3705035,15871447
Chandigarh,2006,Other heads of Property,6. Other Property,73,131,506830,1658915
Chhattisgarh,2006,Other heads of Property,6. Other Property,119,190,8166953,29934621
Dadra & Nagar Haveli,2006,Other heads of Property,6. Other Property,1,10,1500,4004100
Daman & Diu,2006,Other heads of Property,6. Other Property,0,3,0,53000
Delhi,2006,Other heads of Property,6. Other Property,2197,3596,11007770,1090188152
Goa,2006,Other heads of Property,6. Other Property,2,37,210000,62634507
Gujarat,2006,Other heads of Property,6. Other Property,722,1193,11501866,318593513
Haryana,2006,Other heads of Property,6. Other Property,557,669,22351111,24550879
Himachal Pradesh,2006,Other heads of Property,6. Other Property,33,54,1124739,3772554
Jammu & Kashmir,2006,Other heads of Property,6. Other Property,0,0,0,0
Jharkhand,2006,Other heads of Property,6. Other Property,108,426,4030873,11524001
Karnataka,2006,Other heads of Property,6. Other Property,70,367,16481479,64316165
Kerala,2006,Other heads of Property,6. Other Property,72,606,7654935,124937068
Lakshadweep,2006,Other heads of Property,6. Other Property,0,0,0,0
Madhya Pradesh,2006,Other heads of Property,6. Other Property,427,859,36884131,346561205
Maharashtra,2006,Other heads of Property,6. Other Property,1775,4189,173366171,2545626471
Manipur,2006,Other heads of Property,6. Other Property,17,151,819105,10188437
Meghalaya,2006,Other heads of Property,6. Other Property,1,10,2000,535365
Mizoram,2006,Other heads of Property,6. Other Property,8,14,468916,1563534
Nagaland,2006,Other heads of Property,6. Other Property,3,6,7380,579750
Odisha,2006,Other heads of Property,6. Other Property,10,93,12100,2004759
Puducherry,2006,Other heads of Property,6. Other Property,1,2,4000,5000
Punjab,2006,Other heads of Property,6. Other Property,711,715,64220875,64632630
Rajasthan,2006,Other heads of Property,6. Other Property,261,442,14847930,16076190
Sikkim,2006,Other heads of Property,6. Other Property,0,0,0,0
Tamil Nadu,2006,Other heads of Property,6. Other Property,135,160,3397030,5327720
Tripura,2006,Other heads of Property,6. Other Property,56,212,914744,5562719
Uttar Pradesh,2006,Other heads of Property,6. Other Property,363,364,460283457,67459510
Uttarakhand,2006,Other heads of Property,6. Other Property,0,0,0,0
West Bengal,2006,Other heads of Property,6. Other Property,744,1466,24807456,157963244
Andaman & Nicobar Islands,2007,Other heads of Property,6. Other Property,0,0,0,0
Andhra Pradesh,2007,Other heads of Property,6. Other Property,180,254,6778955,10106418
Arunachal Pradesh,2007,Other heads of Property,6. Other Property,4,11,337278,2685300
Assam,2007,Other heads of Property,6. Other Property,361,6004,6710027,19121023
Bihar,2007,Other heads of Property,6. Other Property,303,658,1736766,6726001
Chandigarh,2007,Other heads of Property,6. Other Property,84,193,1276650,2056850
Chhattisgarh,2007,Other heads of Property,6. Other Property,96,142,10164727,33859629
Dadra & Nagar Haveli,2007,Other heads of Property,6. Other Property,6,10,817100,9283740
Daman & Diu,2007,Other heads of Property,6. Other Property,2,6,2500000,14190170
Delhi,2007,Other heads of Property,6. Other Property,1103,3579,7430712,575442815
Goa,2007,Other heads of Property,6. Other Property,4,36,800000,17113459
Gujarat,2007,Other heads of Property,6. Other Property,621,999,97197058,260363423
Haryana,2007,Other heads of Property,6. Other Property,598,941,40616070,43645570
Himachal Pradesh,2007,Other heads of Property,6. Other Property,28,75,1924282,5003543
Jammu & Kashmir,2007,Other heads of Property,6. Other Property,144,418,16184960,24082304
Jharkhand,2007,Other heads of Property,6. Other Property,33,188,235289,2195421
Karnataka,2007,Other heads of Property,6. Other Property,120,606,20537339,98303525
Kerala,2007,Other heads of Property,6. Other Property,104,2665,8630620,614644393
Lakshadweep,2007,Other heads of Property,6. Other Property,0,4,0,606600
Madhya Pradesh,2007,Other heads of Property,6. Other Property,321,798,34272324,49994761
Maharashtra,2007,Other heads of Property,6. Other Property,1931,4578,219124280,3722992640
Manipur,2007,Other heads of Property,6. Other Property,0,336,0,86479455
Meghalaya,2007,Other heads of Property,6. Other Property,14,32,580180,3073649
Mizoram,2007,Other heads of Property,6. Other Property,63,102,261375,1913576
Nagaland,2007,Other heads of Property,6. Other Property,6,8,366020,378820
Odisha,2007,Other heads of Property,6. Other Property,90,1203,1227450,7112169
Puducherry,2007,Other heads of Property,6. Other Property,1,3,30000,63500
Punjab,2007,Other heads of Property,6. Other Property,953,938,104360606,87114741
Rajasthan,2007,Other heads of Property,6. Other Property,491,946,14702380,14906304
Sikkim,2007,Other heads of Property,6. Other Property,0,0,0,0
Tamil Nadu,2007,Other heads of Property,6. Other Property,89,102,28857230,29492832
Tripura,2007,Other heads of Property,6. Other Property,3,20,3000,616290
Uttar Pradesh,2007,Other heads of Property,6. Other Property,543,556,43181964,32157305
Uttarakhand,2007,Other heads of Property,6. Other Property,0,0,0,0
West Bengal,2007,Other heads of Property,6. Other Property,501,1889,40566051,183697256
Andaman & Nicobar Islands,2008,Other heads of Property,6. Other Property,0,0,0,0
Andhra Pradesh,2008,Other heads of Property,6. Other Property,462,663,11240147,15869126
Arunachal Pradesh,2008,Other heads of Property,6. Other Property,28,45,968788,3065118
Assam,2008,Other heads of Property,6. Other Property,410,1177,2440807,34446017
Bihar,2008,Other heads of Property,6. Other Property,216,1074,2395329,6880918
Chandigarh,2008,Other heads of Property,6. Other Property,105,220,927350,1843350
Chhattisgarh,2008,Other heads of Property,6. Other Property,81,150,2609081,39082066
Dadra & Nagar Haveli,2008,Other heads of Property,6. Other Property,13,24,43139,8736993
Daman & Diu,2008,Other heads of Property,6. Other Property,1,3,2000,119945
Delhi,2008,Other heads of Property,6. Other Property,833,2870,10692781,2136265505
Goa,2008,Other heads of Property,6. Other Property,1,70,90000,24862812
Gujarat,2008,Other heads of Property,6. Other Property,466,887,30324325,592715720
Haryana,2008,Other heads of Property,6. Other Property,713,986,77331388,88346009
Himachal Pradesh,2008,Other heads of Property,6. Other Property,10,72,508928,6447364
Jammu & Kashmir,2008,Other heads of Property,6. Other Property,104,202,2221628,4994228
Jharkhand,2008,Other heads of Property,6. Other Property,11,156,163278,65180831
Karnataka,2008,Other heads of Property,6. Other Property,124,503,13801698,183239049
Kerala,2008,Other heads of Property,6. Other Property,71,2329,12278375,949465280
Lakshadweep,2008,Other heads of Property,6. Other Property,0,0,0,0
Madhya Pradesh,2008,Other heads of Property,6. Other Property,261,569,11981693,30516184
Maharashtra,2008,Other heads of Property,6. Other Property,1865,5195,169153533,6869549940
Manipur,2008,Other heads of Property,6. Other Property,2,356,205000,53132017
Meghalaya,2008,Other heads of Property,6. Other Property,56,275,1249922,6725357
Mizoram,2008,Other heads of Property,6. Other Property,31,47,212079,248375
Nagaland,2008,Other heads of Property,6. Other Property,3,5,157000,290100
Odisha,2008,Other heads of Property,6. Other Property,37,90,328106,30397944
Puducherry,2008,Other heads of Property,6. Other Property,2,2,648000,648000
Punjab,2008,Other heads of Property,6. Other Property,1206,1110,131451059,123509958
Rajasthan,2008,Other heads of Property,6. Other Property,85,182,25080921,84676988
Sikkim,2008,Other heads of Property,6. Other Property,0,0,0,0
Tamil Nadu,2008,Other heads of Property,6. Other Property,98,105,7620130,9032620
Tripura,2008,Other heads of Property,6. Other Property,6,35,14500,1236670
Uttar Pradesh,2008,Other heads of Property,6. Other Property,251,264,28613191,30974385
Uttarakhand,2008,Other heads of Property,6. Other Property,0,0,0,0
West Bengal,2008,Other heads of Property,6. Other Property,762,2363,34482235,248753009
Andaman & Nicobar Islands,2009,Other heads of Property,6. Other Property,0,0,0,0
Andhra Pradesh,2009,Other heads of Property,6. Other Property,314,435,10791957,18529965
Arunachal Pradesh,2009,Other heads of Property,6. Other Property,5,20,24090,3686341
Assam,2009,Other heads of Property,6. Other Property,251,763,5946862,6131307
Bihar,2009,Other heads of Property,6. Other Property,316,1068,1211610,6238416
Chandigarh,2009,Other heads of Property,6. Other Property,88,234,1761715,3171735
Chhattisgarh,2009,Other heads of Property,6. Other Property,114,155,3455856,34430697
Dadra & Nagar Haveli,2009,Other heads of Property,6. Other Property,13,20,675438,22730924
Daman & Diu,2009,Other heads of Property,6. Other Property,0,0,0,0
Delhi,2009,Other heads of Property,6. Other Property,988,2345,22706337,5259938376
Goa,2009,Other heads of Property,6. Other Property,6,40,493900,59503271
Gujarat,2009,Other heads of Property,6. Other Property,399,806,12177589,426017436
Haryana,2009,Other heads of Property,6. Other Property,660,1013,36929964,54588481
Himachal Pradesh,2009,Other heads of Property,6. Other Property,18,92,3134411,169516316
Jammu & Kashmir,2009,Other heads of Property,6. Other Property,73,176,5744842,11205249
Jharkhand,2009,Other heads of Property,6. Other Property,54,247,3994020,11102495
Karnataka,2009,Other heads of Property,6. Other Property,370,883,27564698,120128314
Kerala,2009,Other heads of Property,6. Other Property,264,2365,23524130,1932069078
Lakshadweep,2009,Other heads of Property,6. Other Property,8,44,200000,2000000
Madhya Pradesh,2009,Other heads of Property,6. Other Property,345,768,12779636,40897249
Maharashtra,2009,Other heads of Property,6. Other Property,2112,5599,197492637,6529451820
Manipur,2009,Other heads of Property,6. Other Property,15,213,46864870,87124859
Meghalaya,2009,Other heads of Property,6. Other Property,10,79,54020,2657764
Mizoram,2009,Other heads of Property,6. Other Property,27,35,385847,2974949
Nagaland,2009,Other heads of Property,6. Other Property,11,235,2807050,10853546
Odisha,2009,Other heads of Property,6. Other Property,17,155,1466800,2005631179
Puducherry,2009,Other heads of Property,6. Other Property,2,2,55000,55000
Punjab,2009,Other heads of Property,6. Other Property,1253,1176,225129746,158140937
Rajasthan,2009,Other heads of Property,6. Other Property,93,163,19567565,20878815
Sikkim,2009,Other heads of Property,6. Other Property,0,0,0,0
Tamil Nadu,2009,Other heads of Property,6. Other Property,96,111,22522840,35680580
Tripura,2009,Other heads of Property,6. Other Property,4,45,80000,184900
Uttar Pradesh,2009,Other heads of Property,6. Other Property,195,222,25674264,32643216
Uttarakhand,2009,Other heads of Property,6. Other Property,0,0,0,0
West Bengal,2009,Other heads of Property,6. Other Property,1048,2263,55555560,233499642
Andaman & Nicobar Islands,2010,Other heads of Property,6. Other Property,0,0,0,0
Andhra Pradesh,2010,Other heads of Property,6. Other Property,96,840,7695160,19092260
Arunachal Pradesh,2010,Other heads of Property,6. Other Property,6,32,995920,22043117
Assam,2010,Other heads of Property,6. Other Property,105,474,4982729,15131265
Bihar,2010,Other heads of Property,6. Other Property,136,493,792981,7947645
Chandigarh,2010,Other heads of Property,6. Other Property,109,243,2512830,4040770
Chhattisgarh,2010,Other heads of Property,6. Other Property,101,183,9899802,39538454
Dadra & Nagar Haveli,2010,Other heads of Property,6. Other Property,9,18,726371,15700213
Daman & Diu,2010,Other heads of Property,6. Other Property,0,1,0,0
Delhi,2010,Other heads of Property,6. Other Property,1015,2624,41903655,2206442274
Goa,2010,Other heads of Property,6. Other Property,7,39,209800,42276054
Gujarat,2010,Other heads of Property,6. Other Property,344,720,36179589,1419805631
Haryana,2010,Other heads of Property,6. Other Property,725,1214,39807090,50782590
Himachal Pradesh,2010,Other heads of Property,6. Other Property,14,45,253281,6821835
Jammu & Kashmir,2010,Other heads of Property,6. Other Property,6,6,34400,48400
Jharkhand,2010,Other heads of Property,6. Other Property,96,428,5478349,9059363
Karnataka,2010,Other heads of Property,6. Other Property,380,964,35103094,241760506
Kerala,2010,Other heads of Property,6. Other Property,435,2590,16092319,1736686318
Lakshadweep,2010,Other heads of Property,6. Other Property,0,0,0,0
Madhya Pradesh,2010,Other heads of Property,6. Other Property,283,539,13637112,36911088
Maharashtra,2010,Other heads of Property,6. Other Property,2788,6319,639564691,4924287590
Manipur,2010,Other heads of Property,6. Other Property,4,156,520900,36640648
Meghalaya,2010,Other heads of Property,6. Other Property,8,27,2088045,10211350
Mizoram,2010,Other heads of Property,6. Other Property,69,89,3590368,4130193
Nagaland,2010,Other heads of Property,6. Other Property,25,272,3617770,127477897
Odisha,2010,Other heads of Property,6. Other Property,71,188,1739150,37664304
Puducherry,2010,Other heads of Property,6. Other Property,0,0,0,0
Punjab,2010,Other heads of Property,6. Other Property,1353,1273,275843347,170875500
Rajasthan,2010,Other heads of Property,6. Other Property,1462,1568,36603145,37158031
Sikkim,2010,Other heads of Property,6. Other Property,0,0,0,0
Tamil Nadu,2010,Other heads of Property,6. Other Property,139,153,31084802,32797329
Tripura,2010,Other heads of Property,6. Other Property,9,129,75200,3085108
Uttar Pradesh,2010,Other heads of Property,6. Other Property,462,467,41235704,52327343
Uttarakhand,2010,Other heads of Property,6. Other Property,0,0,0,0
West Bengal,2010,Other heads of Property,6. Other Property,457,1900,331606182,1092202860
Andaman & Nicobar Islands,2001,Robbery - Property,2. Robbery,2,4,2000,40000
Andhra Pradesh,2001,Robbery - Property,2. Robbery,293,622,7149310,22872277
Arunachal Pradesh,2001,Robbery - Property,2. Robbery,30,84,1436973,2535439
Assam,2001,Robbery - Property,2. Robbery,146,687,3773502,16336928
Bihar,2001,Robbery - Property,2. Robbery,441,2201,12827627,51594151
Chandigarh,2001,Robbery - Property,2. Robbery,15,22,539910,727030
Chhattisgarh,2001,Robbery - Property,2. Robbery,183,338,1697760,4322038
Dadra & Nagar Haveli,2001,Robbery - Property,2. Robbery,2,2,682575,682575
Daman & Diu,2001,Robbery - Property,2. Robbery,0,0,0,0
Delhi,2001,Robbery - Property,2. Robbery,262,624,5933935,66339228
Goa,2001,Robbery - Property,2. Robbery,11,24,640780,2045375
Gujarat,2001,Robbery - Property,2. Robbery,412,953,14124938,40522333
Haryana,2001,Robbery - Property,2. Robbery,276,391,26308703,38952335
Himachal Pradesh,2001,Robbery - Property,2. Robbery,13,26,1179562,1864105
Jammu & Kashmir,2001,Robbery - Property,2. Robbery,40,161,5111430,10121303
Jharkhand,2001,Robbery - Property,2. Robbery,109,469,2759884,12858130
Karnataka,2001,Robbery - Property,2. Robbery,382,847,11218599,30204787
Kerala,2001,Robbery - Property,2. Robbery,209,472,7242012,15196285
Lakshadweep,2001,Robbery - Property,2. Robbery,0,0,0,0
Madhya Pradesh,2001,Robbery - Property,2. Robbery,1003,1764,25960868,49184881
Maharashtra,2001,Robbery - Property,2. Robbery,1200,2175,43271048,153330905
Manipur,2001,Robbery - Property,2. Robbery,3,19,700000,2390134
Meghalaya,2001,Robbery - Property,2. Robbery,20,125,434700,2758872
Mizoram,2001,Robbery - Property,2. Robbery,5,11,588220,795120
Nagaland,2001,Robbery - Property,2. Robbery,17,71,1700680,8088871
Odisha,2001,Robbery - Property,2. Robbery,494,950,7436388,25937159
Puducherry,2001,Robbery - Property,2. Robbery,3,4,304750,346750
Punjab,2001,Robbery - Property,2. Robbery,80,131,2312303,11610516
Rajasthan,2001,Robbery - Property,2. Robbery,457,752,29511059,40020195
Sikkim,2001,Robbery - Property,2. Robbery,1,2,600,3600
Tamil Nadu,2001,Robbery - Property,2. Robbery,456,670,13196427,30834377
Tripura,2001,Robbery - Property,2. Robbery,6,63,13650,697030
Uttar Pradesh,2001,Robbery - Property,2. Robbery,1216,3090,72522868,180684922
Uttarakhand,2001,Robbery - Property,2. Robbery,73,191,2195628,6580931
West Bengal,2001,Robbery - Property,2. Robbery,199,660,8666704,26486786
Andaman & Nicobar Islands,2002,Robbery - Property,2. Robbery,6,7,39350,49300
Andhra Pradesh,2002,Robbery - Property,2. Robbery,294,635,7182440,19471642
Arunachal Pradesh,2002,Robbery - Property,2. Robbery,21,96,761480,2330807
Assam,2002,Robbery - Property,2. Robbery,168,607,3675228,13045262
Bihar,2002,Robbery - Property,2. Robbery,422,2287,12998075,54116436
Chandigarh,2002,Robbery - Property,2. Robbery,18,26,251775,550841
Chhattisgarh,2002,Robbery - Property,2. Robbery,182,326,2813675,8264774
Dadra & Nagar Haveli,2002,Robbery - Property,2. Robbery,0,1,0,282000
Daman & Diu,2002,Robbery - Property,2. Robbery,0,1,0,16000
Delhi,2002,Robbery - Property,2. Robbery,378,502,5050032,54816824
Goa,2002,Robbery - Property,2. Robbery,11,22,170410,410810
Gujarat,2002,Robbery - Property,2. Robbery,454,1069,12152390,50444547
Haryana,2002,Robbery - Property,2. Robbery,249,330,33922016,50342798
Himachal Pradesh,2002,Robbery - Property,2. Robbery,6,15,447385,1071889
Jammu & Kashmir,2002,Robbery - Property,2. Robbery,35,163,2296950,7267872
Jharkhand,2002,Robbery - Property,2. Robbery,181,780,3638064,32622977
Karnataka,2002,Robbery - Property,2. Robbery,481,972,24363079,41269439
Kerala,2002,Robbery - Property,2. Robbery,243,590,6487034,22038343
Lakshadweep,2002,Robbery - Property,2. Robbery,0,0,0,0
Madhya Pradesh,2002,Robbery - Property,2. Robbery,1027,1829,34598627,57782600
Maharashtra,2002,Robbery - Property,2. Robbery,1076,2091,45786648,149006609
Manipur,2002,Robbery - Property,2. Robbery,0,6,0,29590
Meghalaya,2002,Robbery - Property,2. Robbery,20,109,1197902,3251058
Mizoram,2002,Robbery - Property,2. Robbery,4,7,10300,60300
Nagaland,2002,Robbery - Property,2. Robbery,31,108,695100,8262108
Odisha,2002,Robbery - Property,2. Robbery,507,934,12824154,27674656
Puducherry,2002,Robbery - Property,2. Robbery,4,6,419000,422500
Punjab,2002,Robbery - Property,2. Robbery,85,110,8414860,22285131
Rajasthan,2002,Robbery - Property,2. Robbery,385,637,42233688,52670735
Sikkim,2002,Robbery - Property,2. Robbery,3,4,221000,340000
Tamil Nadu,2002,Robbery - Property,2. Robbery,480,651,16282971,27693907
Tripura,2002,Robbery - Property,2. Robbery,11,56,46994,563926
Uttar Pradesh,2002,Robbery - Property,2. Robbery,1003,2232,78069816,129946060
Uttarakhand,2002,Robbery - Property,2. Robbery,71,161,1579170,6573445
West Bengal,2002,Robbery - Property,2. Robbery,195,544,8759272,26993643
Andaman & Nicobar Islands,2003,Robbery - Property,2. Robbery,6,7,162350,345920
Andhra Pradesh,2003,Robbery - Property,2. Robbery,326,640,7626468,22343329
Arunachal Pradesh,2003,Robbery - Property,2. Robbery,13,60,229759,1282310
Assam,2003,Robbery - Property,2. Robbery,117,523,4226116,16001672
Bihar,2003,Robbery - Property,2. Robbery,339,2463,9698161,58856998
Chandigarh,2003,Robbery - Property,2. Robbery,8,12,632340,750340
Chhattisgarh,2003,Robbery - Property,2. Robbery,174,331,3282493,8703914
Dadra & Nagar Haveli,2003,Robbery - Property,2. Robbery,6,6,334000,337200
Daman & Diu,2003,Robbery - Property,2. Robbery,0,1,0,0
Delhi,2003,Robbery - Property,2. Robbery,350,441,4116700,40780214
Goa,2003,Robbery - Property,2. Robbery,11,21,79510,871350
Gujarat,2003,Robbery - Property,2. Robbery,508,1241,16642701,48163574
Haryana,2003,Robbery - Property,2. Robbery,216,281,21237086,35450325
Himachal Pradesh,2003,Robbery - Property,2. Robbery,8,17,853710,1817690
Jammu & Kashmir,2003,Robbery - Property,2. Robbery,43,154,4026030,10230764
Jharkhand,2003,Robbery - Property,2. Robbery,214,808,4350709,17199569
Karnataka,2003,Robbery - Property,2. Robbery,426,861,11495351,25799254
Kerala,2003,Robbery - Property,2. Robbery,263,574,8815820,15669137
Lakshadweep,2003,Robbery - Property,2. Robbery,0,0,0,0
Madhya Pradesh,2003,Robbery - Property,2. Robbery,899,1577,45683930,70386234
Maharashtra,2003,Robbery - Property,2. Robbery,1072,2054,35878422,135808903
Manipur,2003,Robbery - Property,2. Robbery,1,6,2600,1253600
Meghalaya,2003,Robbery - Property,2. Robbery,9,133,232500,962084
Mizoram,2003,Robbery - Property,2. Robbery,14,21,111087,142740
Nagaland,2003,Robbery - Property,2. Robbery,14,78,322326,917826
Odisha,2003,Robbery - Property,2. Robbery,518,864,11007786,20192140
Puducherry,2003,Robbery - Property,2. Robbery,8,11,296550,376950
Punjab,2003,Robbery - Property,2. Robbery,64,108,4831944,15369559
Rajasthan,2003,Robbery - Property,2. Robbery,342,579,26645352,64963801
Sikkim,2003,Robbery - Property,2. Robbery,1,3,65000,1857000
Tamil Nadu,2003,Robbery - Property,2. Robbery,406,514,20138103,31734288
Tripura,2003,Robbery - Property,2. Robbery,13,69,64820,920140
Uttar Pradesh,2003,Robbery - Property,2. Robbery,768,1526,57737540,116065877
Uttarakhand,2003,Robbery - Property,2. Robbery,80,140,3444896,7871942
West Bengal,2003,Robbery - Property,2. Robbery,237,598,8650756,25410123
Andaman & Nicobar Islands,2004,Robbery - Property,2. Robbery,2,3,62000,62000
Andhra Pradesh,2004,Robbery - Property,2. Robbery,275,563,11176441,22674264
Arunachal Pradesh,2004,Robbery - Property,2. Robbery,12,45,355334,953041
Assam,2004,Robbery - Property,2. Robbery,113,505,3026409,12619548
Bihar,2004,Robbery - Property,2. Robbery,417,2986,21554308,99789799
Chandigarh,2004,Robbery - Property,2. Robbery,6,6,213500,213500
Chhattisgarh,2004,Robbery - Property,2. Robbery,211,363,2743037,7373791
Dadra & Nagar Haveli,2004,Robbery - Property,2. Robbery,1,2,300000,423000
Daman & Diu,2004,Robbery - Property,2. Robbery,1,1,100000,100000
Delhi,2004,Robbery - Property,2. Robbery,394,461,6477132,447757606
Goa,2004,Robbery - Property,2. Robbery,8,17,428500,1095580
Gujarat,2004,Robbery - Property,2. Robbery,545,1113,29490474,101969124
Haryana,2004,Robbery - Property,2. Robbery,183,244,26742282,38088024
Himachal Pradesh,2004,Robbery - Property,2. Robbery,11,20,708452,1867003
Jammu & Kashmir,2004,Robbery - Property,2. Robbery,45,129,4988990,8646245
Jharkhand,2004,Robbery - Property,2. Robbery,181,780,3638064,32622977
Karnataka,2004,Robbery - Property,2. Robbery,444,1024,22060214,50277676
Kerala,2004,Robbery - Property,2. Robbery,287,606,5816571,18106829
Lakshadweep,2004,Robbery - Property,2. Robbery,0,0,0,0
Madhya Pradesh,2004,Robbery - Property,2. Robbery,957,1526,38859520,71765279
Maharashtra,2004,Robbery - Property,2. Robbery,1096,2162,38418904,167819863
Manipur,2004,Robbery - Property,2. Robbery,0,3,0,197000
Meghalaya,2004,Robbery - Property,2. Robbery,17,73,314120,873080
Mizoram,2004,Robbery - Property,2. Robbery,4,6,30500,32700
Nagaland,2004,Robbery - Property,2. Robbery,3,27,6200,2707263
Odisha,2004,Robbery - Property,2. Robbery,502,952,12041389,24510172
Puducherry,2004,Robbery - Property,2. Robbery,1,1,4600,4600
Punjab,2004,Robbery - Property,2. Robbery,51,78,7235710,18465131
Rajasthan,2004,Robbery - Property,2. Robbery,341,611,29595467,39917624
Sikkim,2004,Robbery - Property,2. Robbery,0,5,0,133000
Tamil Nadu,2004,Robbery - Property,2. Robbery,367,464,14462038,20762642
Tripura,2004,Robbery - Property,2. Robbery,12,46,193175,818007
Uttar Pradesh,2004,Robbery - Property,2. Robbery,992,2022,106136689,186663110
Uttarakhand,2004,Robbery - Property,2. Robbery,61,134,2925745,6411727
West Bengal,2004,Robbery - Property,2. Robbery,205,535,8811553,24286195
Andaman & Nicobar Islands,2005,Robbery - Property,2. Robbery,4,4,44840,44840
Andhra Pradesh,2005,Robbery - Property,2. Robbery,358,784,11824646,29807447
Arunachal Pradesh,2005,Robbery - Property,2. Robbery,27,77,545199,1668677
Assam,2005,Robbery - Property,2. Robbery,114,451,2836984,13050733
Bihar,2005,Robbery - Property,2. Robbery,439,2374,17663039,65234508
Chandigarh,2005,Robbery - Property,2. Robbery,10,12,1039650,1085150
Chhattisgarh,2005,Robbery - Property,2. Robbery,217,401,3840349,10051593
Dadra & Nagar Haveli,2005,Robbery - Property,2. Robbery,2,2,75000,75000
Daman & Diu,2005,Robbery - Property,2. Robbery,0,0,0,0
Delhi,2005,Robbery - Property,2. Robbery,450,510,6965983,41203747
Goa,2005,Robbery - Property,2. Robbery,12,25,1248880,3378441
Gujarat,2005,Robbery - Property,2. Robbery,523,935,23294791,60100567
Haryana,2005,Robbery - Property,2. Robbery,280,374,41194198,60538254
Himachal Pradesh,2005,Robbery - Property,2. Robbery,10,22,605113,1581207
Jammu & Kashmir,2005,Robbery - Property,2. Robbery,46,116,2173713,7010730
Jharkhand,2005,Robbery - Property,2. Robbery,163,698,4926094,21285370
Karnataka,2005,Robbery - Property,2. Robbery,671,1202,19082002,42655860
Kerala,2005,Robbery - Property,2. Robbery,233,544,6015450,25519168
Lakshadweep,2005,Robbery - Property,2. Robbery,0,0,0,0
Madhya Pradesh,2005,Robbery - Property,2. Robbery,909,1557,35834684,68609510
Maharashtra,2005,Robbery - Property,2. Robbery,1331,2362,44310345,130676723
Manipur,2005,Robbery - Property,2. Robbery,0,8,0,522270
Meghalaya,2005,Robbery - Property,2. Robbery,15,83,381120,1578747
Mizoram,2005,Robbery - Property,2. Robbery,1,6,300,16600
Nagaland,2005,Robbery - Property,2. Robbery,20,80,96175,1042890
Odisha,2005,Robbery - Property,2. Robbery,583,998,7942225,22663185
Puducherry,2005,Robbery - Property,2. Robbery,2,5,20740,798440
Punjab,2005,Robbery - Property,2. Robbery,71,85,15258540,27689697
Rajasthan,2005,Robbery - Property,2. Robbery,349,548,32373616,46054818
Sikkim,2005,Robbery - Property,2. Robbery,0,4,0,235000
Tamil Nadu,2005,Robbery - Property,2. Robbery,361,437,15226396,23283451
Tripura,2005,Robbery - Property,2. Robbery,10,61,297270,1036433
Uttar Pradesh,2005,Robbery - Property,2. Robbery,854,1621,64892746,147111016
Uttarakhand,2005,Robbery - Property,2. Robbery,59,138,4577845,8365375
West Bengal,2005,Robbery - Property,2. Robbery,154,426,4441585,13592390
Andaman & Nicobar Islands,2006,Robbery - Property,2. Robbery,5,5,22000,22040
Andhra Pradesh,2006,Robbery - Property,2. Robbery,339,669,18259006,42224671
Arunachal Pradesh,2006,Robbery - Property,2. Robbery,37,74,1093299,2528410
Assam,2006,Robbery - Property,2. Robbery,110,544,4390325,11828104
Bihar,2006,Robbery - Property,2. Robbery,382,2169,14838928,50321173
Chandigarh,2006,Robbery - Property,2. Robbery,31,34,320550,526600
Chhattisgarh,2006,Robbery - Property,2. Robbery,268,439,9272542,23284457
Dadra & Nagar Haveli,2006,Robbery - Property,2. Robbery,3,5,9600,103400
Daman & Diu,2006,Robbery - Property,2. Robbery,0,1,0,592680
Delhi,2006,Robbery - Property,2. Robbery,480,541,13040415,54404619
Goa,2006,Robbery - Property,2. Robbery,7,16,76650,3449800
Gujarat,2006,Robbery - Property,2. Robbery,516,932,22271713,45487893
Haryana,2006,Robbery - Property,2. Robbery,309,408,45978237,63152965
Himachal Pradesh,2006,Robbery - Property,2. Robbery,21,29,2513990,3503690
Jammu & Kashmir,2006,Robbery - Property,2. Robbery,32,112,2245019,4269164
Jharkhand,2006,Robbery - Property,2. Robbery,133,772,4065780,24756183
Karnataka,2006,Robbery - Property,2. Robbery,712,1349,24572555,61989790
Kerala,2006,Robbery - Property,2. Robbery,244,605,5442681,19206824
Lakshadweep,2006,Robbery - Property,2. Robbery,0,0,0,0
Madhya Pradesh,2006,Robbery - Property,2. Robbery,1063,1770,31142976,78103291
Maharashtra,2006,Robbery - Property,2. Robbery,1498,2540,50673143,155404631
Manipur,2006,Robbery - Property,2. Robbery,0,8,0,68000
Meghalaya,2006,Robbery - Property,2. Robbery,13,65,846845,1703447
Mizoram,2006,Robbery - Property,2. Robbery,5,10,32563,162397
Nagaland,2006,Robbery - Property,2. Robbery,21,82,570200,53227971
Odisha,2006,Robbery - Property,2. Robbery,661,1184,17714523,47359024
Puducherry,2006,Robbery - Property,2. Robbery,1,3,10000,110000
Punjab,2006,Robbery - Property,2. Robbery,105,142,12998828,21920047
Rajasthan,2006,Robbery - Property,2. Robbery,392,581,48425753,57790782
Sikkim,2006,Robbery - Property,2. Robbery,2,9,47000,151600
Tamil Nadu,2006,Robbery - Property,2. Robbery,360,450,16812034,22634231
Tripura,2006,Robbery - Property,2. Robbery,21,71,283620,1423080
Uttar Pradesh,2006,Robbery - Property,2. Robbery,851,1565,78744260,147203219
Uttarakhand,2006,Robbery - Property,2. Robbery,49,113,1663815,6014979
West Bengal,2006,Robbery - Property,2. Robbery,158,426,7073804,28000059
Andaman & Nicobar Islands,2007,Robbery - Property,2. Robbery,6,9,164690,239690
Andhra Pradesh,2007,Robbery - Property,2. Robbery,332,604,21691492,42748748
Arunachal Pradesh,2007,Robbery - Property,2. Robbery,38,75,1969700,3324408
Assam,2007,Robbery - Property,2. Robbery,120,496,3187208,14447990
Bihar,2007,Robbery - Property,2. Robbery,333,1787,15551687,68305746
Chandigarh,2007,Robbery - Property,2. Robbery,31,37,652410,1616410
Chhattisgarh,2007,Robbery - Property,2. Robbery,263,427,8314313,18400122
Dadra & Nagar Haveli,2007,Robbery - Property,2. Robbery,3,3,30000,30000
Daman & Diu,2007,Robbery - Property,2. Robbery,0,2,0,3000
Delhi,2007,Robbery - Property,2. Robbery,478,557,9950516,48600840
Goa,2007,Robbery - Property,2. Robbery,13,22,5148378,6447620
Gujarat,2007,Robbery - Property,2. Robbery,540,1057,22082579,54092964
Haryana,2007,Robbery - Property,2. Robbery,359,502,58084857,86991285
Himachal Pradesh,2007,Robbery - Property,2. Robbery,9,23,1694900,4318120
Jammu & Kashmir,2007,Robbery - Property,2. Robbery,35,107,3923180,7023680
Jharkhand,2007,Robbery - Property,2. Robbery,136,771,7553353,37472789
Karnataka,2007,Robbery - Property,2. Robbery,845,1307,25775141,66346393
Kerala,2007,Robbery - Property,2. Robbery,345,726,7091344,28914973
Lakshadweep,2007,Robbery - Property,2. Robbery,0,0,0,0
Madhya Pradesh,2007,Robbery - Property,2. Robbery,1126,1975,51082895,89208369
Maharashtra,2007,Robbery - Property,2. Robbery,1616,2732,53930063,167474105
Manipur,2007,Robbery - Property,2. Robbery,0,11,0,1392300
Meghalaya,2007,Robbery - Property,2. Robbery,10,56,700100,1402381
Mizoram,2007,Robbery - Property,2. Robbery,3,4,39300,44350
Nagaland,2007,Robbery - Property,2. Robbery,7,74,1321900,8066498
Odisha,2007,Robbery - Property,2. Robbery,690,1273,17860648,62957837
Puducherry,2007,Robbery - Property,2. Robbery,4,8,69250,3236250
Punjab,2007,Robbery - Property,2. Robbery,107,138,10033295,23479625
Rajasthan,2007,Robbery - Property,2. Robbery,420,723,45212425,65857571
Sikkim,2007,Robbery - Property,2. Robbery,0,6,0,87700
Tamil Nadu,2007,Robbery - Property,2. Robbery,417,495,21951038,29531931
Tripura,2007,Robbery - Property,2. Robbery,10,64,223750,916477
Uttar Pradesh,2007,Robbery - Property,2. Robbery,827,1417,69751301,145391089
Uttarakhand,2007,Robbery - Property,2. Robbery,69,144,4325410,8071357
West Bengal,2007,Robbery - Property,2. Robbery,149,427,13727735,34767419
Andaman & Nicobar Islands,2008,Robbery - Property,2. Robbery,10,14,81200,203400
Andhra Pradesh,2008,Robbery - Property,2. Robbery,348,599,30406364,54947063
Arunachal Pradesh,2008,Robbery - Property,2. Robbery,40,79,714120,1282910
Assam,2008,Robbery - Property,2. Robbery,142,568,4959153,26547936
Bihar,2008,Robbery - Property,2. Robbery,391,1592,11803934,71982641
Chandigarh,2008,Robbery - Property,2. Robbery,22,23,268600,270600
Chhattisgarh,2008,Robbery - Property,2. Robbery,291,500,18507666,30199112
Dadra & Nagar Haveli,2008,Robbery - Property,2. Robbery,0,0,0,0
Daman & Diu,2008,Robbery - Property,2. Robbery,1,4,400000,985700
Delhi,2008,Robbery - Property,2. Robbery,362,541,7425250,83492513
Goa,2008,Robbery - Property,2. Robbery,7,23,118800,2311380
Gujarat,2008,Robbery - Property,2. Robbery,649,1302,22165510,57524742
Haryana,2008,Robbery - Property,2. Robbery,395,555,64320526,98144107
Himachal Pradesh,2008,Robbery - Property,2. Robbery,10,20,709380,2018930
Jammu & Kashmir,2008,Robbery - Property,2. Robbery,24,60,5474120,6892220
Jharkhand,2008,Robbery - Property,2. Robbery,202,761,7692706,36317556
Karnataka,2008,Robbery - Property,2. Robbery,893,1610,39373679,127655811
Kerala,2008,Robbery - Property,2. Robbery,349,725,12664305,46727656
Lakshadweep,2008,Robbery - Property,2. Robbery,0,0,0,0
Madhya Pradesh,2008,Robbery - Property,2. Robbery,1218,2234,55084131,143137421
Maharashtra,2008,Robbery - Property,2. Robbery,1790,2984,77213016,569912815
Manipur,2008,Robbery - Property,2. Robbery,2,7,19000,1072600
Meghalaya,2008,Robbery - Property,2. Robbery,17,63,54100,2802150
Mizoram,2008,Robbery - Property,2. Robbery,4,6,72184,99220
Nagaland,2008,Robbery - Property,2. Robbery,5,87,600300,272716035
Odisha,2008,Robbery - Property,2. Robbery,725,1315,21594475,55547517
Puducherry,2008,Robbery - Property,2. Robbery,10,10,435490,435490
Punjab,2008,Robbery - Property,2. Robbery,120,167,50324180,72255931
Rajasthan,2008,Robbery - Property,2. Robbery,462,777,57538862,74233912
Sikkim,2008,Robbery - Property,2. Robbery,0,7,0,123100
Tamil Nadu,2008,Robbery - Property,2. Robbery,548,662,22664158,32140158
Tripura,2008,Robbery - Property,2. Robbery,11,95,35000,1004194
Uttar Pradesh,2008,Robbery - Property,2. Robbery,909,1404,106286964,189676793
Uttarakhand,2008,Robbery - Property,2. Robbery,80,115,6102530,13022462
West Bengal,2008,Robbery - Property,2. Robbery,191,613,5813284,24314515
Andaman & Nicobar Islands,2009,Robbery - Property,2. Robbery,9,11,187700,222200
Andhra Pradesh,2009,Robbery - Property,2. Robbery,310,536,32450159,52697966
Arunachal Pradesh,2009,Robbery - Property,2. Robbery,29,55,761840,2039140
Assam,2009,Robbery - Property,2. Robbery,119,680,4580248,27004505
Bihar,2009,Robbery - Property,2. Robbery,352,1619,14097048,67731418
Chandigarh,2009,Robbery - Property,2. Robbery,22,27,492950,883650
Chhattisgarh,2009,Robbery - Property,2. Robbery,354,554,14429223,26529632
Dadra & Nagar Haveli,2009,Robbery - Property,2. Robbery,1,2,900000,905750
Daman & Diu,2009,Robbery - Property,2. Robbery,1,4,22400,336400
Delhi,2009,Robbery - Property,2. Robbery,403,515,31782135,134320407
Goa,2009,Robbery - Property,2. Robbery,14,29,1812500,4152080
Gujarat,2009,Robbery - Property,2. Robbery,570,1412,37156677,75901458
Haryana,2009,Robbery - Property,2. Robbery,434,679,66855856,114003381
Himachal Pradesh,2009,Robbery - Property,2. Robbery,8,21,112080,3151270
Jammu & Kashmir,2009,Robbery - Property,2. Robbery,22,61,2081610,4186195
Jharkhand,2009,Robbery - Property,2. Robbery,203,780,7691799,35810817
Karnataka,2009,Robbery - Property,2. Robbery,1026,1825,66321860,117838795
Kerala,2009,Robbery - Property,2. Robbery,423,725,12401470,33221516
Lakshadweep,2009,Robbery - Property,2. Robbery,0,0,0,0
Madhya Pradesh,2009,Robbery - Property,2. Robbery,1370,2270,53226153,100939335
Maharashtra,2009,Robbery - Property,2. Robbery,1908,3281,76228642,248298616
Manipur,2009,Robbery - Property,2. Robbery,0,3,0,355000
Meghalaya,2009,Robbery - Property,2. Robbery,9,67,168860,2197580
Mizoram,2009,Robbery - Property,2. Robbery,1,4,120000,687934
Nagaland,2009,Robbery - Property,2. Robbery,10,92,2932120,653462133
Odisha,2009,Robbery - Property,2. Robbery,704,1488,25335003,80922008
Puducherry,2009,Robbery - Property,2. Robbery,8,9,225200,520200
Punjab,2009,Robbery - Property,2. Robbery,127,171,12957100,24155661
Rajasthan,2009,Robbery - Property,2. Robbery,512,828,86301774,137303678
Sikkim,2009,Robbery - Property,2. Robbery,0,4,0,58500
Tamil Nadu,2009,Robbery - Property,2. Robbery,834,1143,47960016,70095235
Tripura,2009,Robbery - Property,2. Robbery,16,77,1320160,2124018
Uttar Pradesh,2009,Robbery - Property,2. Robbery,1017,1629,107357275,185440605
Uttarakhand,2009,Robbery - Property,2. Robbery,97,151,7382290,11543328
West Bengal,2009,Robbery - Property,2. Robbery,167,751,23649777,59387647
Andaman & Nicobar Islands,2010,Robbery - Property,2. Robbery,3,7,60080,318081
Andhra Pradesh,2010,Robbery - Property,2. Robbery,337,533,19902399,39143793
Arunachal Pradesh,2010,Robbery - Property,2. Robbery,26,69,1541787,4502105
Assam,2010,Robbery - Property,2. Robbery,88,662,3322890,13746590
Bihar,2010,Robbery - Property,2. Robbery,305,1538,14080283,83964697
Chandigarh,2010,Robbery - Property,2. Robbery,52,67,567140,3409440
Chhattisgarh,2010,Robbery - Property,2. Robbery,324,552,9596117,30437443
Dadra & Nagar Haveli,2010,Robbery - Property,2. Robbery,0,3,0,946907
Daman & Diu,2010,Robbery - Property,2. Robbery,0,0,0,0
Delhi,2010,Robbery - Property,2. Robbery,435,599,16484540,116610568
Goa,2010,Robbery - Property,2. Robbery,27,36,2245750,5842300
Gujarat,2010,Robbery - Property,2. Robbery,627,1367,30477347,106357622
Haryana,2010,Robbery - Property,2. Robbery,481,734,72926257,116343480
Himachal Pradesh,2010,Robbery - Property,2. Robbery,7,11,1171465,1619465
Jammu & Kashmir,2010,Robbery - Property,2. Robbery,19,56,3514800,5531200
Jharkhand,2010,Robbery - Property,2. Robbery,197,709,8179876,31192463
Karnataka,2010,Robbery - Property,2. Robbery,1011,1949,122951711,150847452
Kerala,2010,Robbery - Property,2. Robbery,336,524,9088410,19101844
Lakshadweep,2010,Robbery - Property,2. Robbery,0,0,0,0
Madhya Pradesh,2010,Robbery - Property,2. Robbery,1177,1918,73587461,130591889
Maharashtra,2010,Robbery - Property,2. Robbery,2206,3680,87244866,1520900483
Manipur,2010,Robbery - Property,2. Robbery,1,2,11500,51500
Meghalaya,2010,Robbery - Property,2. Robbery,10,66,115000,2890295
Mizoram,2010,Robbery - Property,2. Robbery,10,16,27950,1507760
Nagaland,2010,Robbery - Property,2. Robbery,12,63,688030,11368585
Odisha,2010,Robbery - Property,2. Robbery,716,1491,34063947,119195185
Puducherry,2010,Robbery - Property,2. Robbery,4,5,2140065,2425969
Punjab,2010,Robbery - Property,2. Robbery,191,241,33385419,45890133
Rajasthan,2010,Robbery - Property,2. Robbery,562,872,95860220,115853823
Sikkim,2010,Robbery - Property,2. Robbery,0,7,0,171600
Tamil Nadu,2010,Robbery - Property,2. Robbery,1326,1817,70981709,117163496
Tripura,2010,Robbery - Property,2. Robbery,16,63,396035,1318455
Uttar Pradesh,2010,Robbery - Property,2. Robbery,1223,2007,121061420,246998602
Uttarakhand,2010,Robbery - Property,2. Robbery,100,152,8107570,14016919
West Bengal,2010,Robbery - Property,2. Robbery,190,798,12010617,50393917
Andaman & Nicobar Islands,2001,Theft - Property,4. Theft,24,65,354321,595549
Andhra Pradesh,2001,Theft - Property,4. Theft,9515,16435,108258741,224104509
Arunachal Pradesh,2001,Theft - Property,4. Theft,193,443,6344706,12395613
Assam,2001,Theft - Property,4. Theft,1163,5367,7609277,38223829
Bihar,2001,Theft - Property,4. Theft,1942,9695,18392667,268426920
Chandigarh,2001,Theft - Property,4. Theft,556,1529,17350879,36956201
Chhattisgarh,2001,Theft - Property,4. Theft,1664,4812,22767348,51329061
Dadra & Nagar Haveli,2001,Theft - Property,4. Theft,19,45,330567,1049398
Daman & Diu,2001,Theft - Property,4. Theft,12,39,934194,1622887
Delhi,2001,Theft - Property,4. Theft,4235,19276,146767644,878205006
Goa,2001,Theft - Property,4. Theft,202,572,6123044,18220340
Gujarat,2001,Theft - Property,4. Theft,4620,15625,119724259,422312609
Haryana,2001,Theft - Property,4. Theft,2814,6115,147713275,227824329
Himachal Pradesh,2001,Theft - Property,4. Theft,209,596,13471070,27359454
Jammu & Kashmir,2001,Theft - Property,4. Theft,618,1919,25032584,59706866
Jharkhand,2001,Theft - Property,4. Theft,935,3236,6926220,73302172
Karnataka,2001,Theft - Property,4. Theft,4163,12868,137617871,302109716
Kerala,2001,Theft - Property,4. Theft,2203,5365,62894216,224561696
Lakshadweep,2001,Theft - Property,4. Theft,4,10,31900,93790
Madhya Pradesh,2001,Theft - Property,4. Theft,6505,20263,124632664,279298301
Maharashtra,2001,Theft - Property,4. Theft,13815,39667,408353354,1479320711
Manipur,2001,Theft - Property,4. Theft,17,217,223245,5162243
Meghalaya,2001,Theft - Property,4. Theft,85,271,2149327,4391865
Mizoram,2001,Theft - Property,4. Theft,603,878,4034040,7505842
Nagaland,2001,Theft - Property,4. Theft,61,163,2112717,13853721
Odisha,2001,Theft - Property,4. Theft,2857,5550,30535933,89106035
Puducherry,2001,Theft - Property,4. Theft,262,528,3425378,6910578
Punjab,2001,Theft - Property,4. Theft,1386,3023,76109712,167087176
Rajasthan,2001,Theft - Property,4. Theft,3893,14685,258582021,385048334
Sikkim,2001,Theft - Property,4. Theft,23,54,940645,2419957
Tamil Nadu,2001,Theft - Property,4. Theft,13053,16707,162704860,221945283
Tripura,2001,Theft - Property,4. Theft,68,259,243720,4314989
Uttar Pradesh,2001,Theft - Property,4. Theft,5836,24064,146813133,437746335
Uttarakhand,2001,Theft - Property,4. Theft,387,1419,11847788,26931977
West Bengal,2001,Theft - Property,4. Theft,3464,14245,60043586,230084141
Andaman & Nicobar Islands,2002,Theft - Property,4. Theft,17,49,376134,634234
Andhra Pradesh,2002,Theft - Property,4. Theft,10196,19058,122897719,241628837
Arunachal Pradesh,2002,Theft - Property,4. Theft,173,395,4907242,16774035
Assam,2002,Theft - Property,4. Theft,1216,5555,15509124,65560628
Bihar,2002,Theft - Property,4. Theft,1972,10145,21368406,93656880
Chandigarh,2002,Theft - Property,4. Theft,474,1647,18650040,55684102
Chhattisgarh,2002,Theft - Property,4. Theft,1842,4302,24882435,53376276
Dadra & Nagar Haveli,2002,Theft - Property,4. Theft,43,72,2688430,5023160
Daman & Diu,2002,Theft - Property,4. Theft,23,56,1267100,2672651
Delhi,2002,Theft - Property,4. Theft,5066,16625,76499351,897680730
Goa,2002,Theft - Property,4. Theft,131,493,5934473,16896997
Gujarat,2002,Theft - Property,4. Theft,4373,15616,98840231,403166909
Haryana,2002,Theft - Property,4. Theft,2887,5962,155347051,233004774
Himachal Pradesh,2002,Theft - Property,4. Theft,205,560,17186573,32445148
Jammu & Kashmir,2002,Theft - Property,4. Theft,842,2020,28899937,59513412
Jharkhand,2002,Theft - Property,4. Theft,1006,4374,9048818,76367464
Karnataka,2002,Theft - Property,4. Theft,4393,13818,122455162,286775571
Kerala,2002,Theft - Property,4. Theft,1904,5432,64763896,245236624
Lakshadweep,2002,Theft - Property,4. Theft,5,12,58500,94090
Madhya Pradesh,2002,Theft - Property,4. Theft,7221,20759,123835347,288411060
Maharashtra,2002,Theft - Property,4. Theft,13172,37443,358102777,1509842077
Manipur,2002,Theft - Property,4. Theft,20,255,731730,10363557
Meghalaya,2002,Theft - Property,4. Theft,94,392,2429165,7152956
Mizoram,2002,Theft - Property,4. Theft,729,999,4922193,10561266
Nagaland,2002,Theft - Property,4. Theft,108,230,3275754,12102949
Odisha,2002,Theft - Property,4. Theft,2240,5144,41635847,96450461
Puducherry,2002,Theft - Property,4. Theft,209,526,3161559,7444801
Punjab,2002,Theft - Property,4. Theft,1633,2963,91893311,160926121
Rajasthan,2002,Theft - Property,4. Theft,3772,14292,235786522,376766338
Sikkim,2002,Theft - Property,4. Theft,15,64,90905,215000
Tamil Nadu,2002,Theft - Property,4. Theft,15361,18599,193354799,248558283
Tripura,2002,Theft - Property,4. Theft,64,270,632865,18013167
Uttar Pradesh,2002,Theft - Property,4. Theft,5772,19329,209039053,424991378
Uttarakhand,2002,Theft - Property,4. Theft,424,1257,9639452,27256832
West Bengal,2002,Theft - Property,4. Theft,2257,12449,73654264,266396306
Andaman & Nicobar Islands,2003,Theft - Property,4. Theft,16,60,149475,1391671
Andhra Pradesh,2003,Theft - Property,4. Theft,10958,23042,171432243,353299084
Arunachal Pradesh,2003,Theft - Property,4. Theft,141,370,3765257,14623150
Assam,2003,Theft - Property,4. Theft,1243,5525,33029454,97125170
Bihar,2003,Theft - Property,4. Theft,1943,10104,22460064,129338759
Chandigarh,2003,Theft - Property,4. Theft,634,1238,24783498,52705394
Chhattisgarh,2003,Theft - Property,4. Theft,1414,4170,27853454,58763922
Dadra & Nagar Haveli,2003,Theft - Property,4. Theft,25,61,586920,50355250
Daman & Diu,2003,Theft - Property,4. Theft,23,46,5217268,5993505
Delhi,2003,Theft - Property,4. Theft,4936,15544,48657332,856308779
Goa,2003,Theft - Property,4. Theft,191,458,3691138,13088098
Gujarat,2003,Theft - Property,4. Theft,5422,19181,151790393,515160046
Haryana,2003,Theft - Property,4. Theft,2885,5589,167071045,243550719
Himachal Pradesh,2003,Theft - Property,4. Theft,248,616,22719644,41384310
Jammu & Kashmir,2003,Theft - Property,4. Theft,852,1949,42592857,73842961
Jharkhand,2003,Theft - Property,4. Theft,989,3863,7908322,80926328
Karnataka,2003,Theft - Property,4. Theft,4245,14180,141608500,315881356
Kerala,2003,Theft - Property,4. Theft,1790,4523,62365823,188417125
Lakshadweep,2003,Theft - Property,4. Theft,3,8,96650,113650
Madhya Pradesh,2003,Theft - Property,4. Theft,6952,20328,135145952,324662174
Maharashtra,2003,Theft - Property,4. Theft,13128,36892,365044928,1313308992
Manipur,2003,Theft - Property,4. Theft,18,252,1191064,6945636
Meghalaya,2003,Theft - Property,4. Theft,71,322,1688819,146493367
Mizoram,2003,Theft - Property,4. Theft,1017,1303,8099675,12530790
Nagaland,2003,Theft - Property,4. Theft,69,179,1486567,2712336
Odisha,2003,Theft - Property,4. Theft,2670,5243,42562445,93981886
Puducherry,2003,Theft - Property,4. Theft,218,567,3418868,10167710
Punjab,2003,Theft - Property,4. Theft,1653,3198,92200896,198192968
Rajasthan,2003,Theft - Property,4. Theft,3677,14875,224414250,384150304
Sikkim,2003,Theft - Property,4. Theft,21,65,852815,1640130
Tamil Nadu,2003,Theft - Property,4. Theft,15153,18213,195572435,242090234
Tripura,2003,Theft - Property,4. Theft,66,276,2443135,7738860
Uttar Pradesh,2003,Theft - Property,4. Theft,4301,12836,214954323,352568802
Uttarakhand,2003,Theft - Property,4. Theft,456,1277,9862668,29627660
West Bengal,2003,Theft - Property,4. Theft,2938,12613,72772518,360513463
Andaman & Nicobar Islands,2004,Theft - Property,4. Theft,63,103,1228554,1812367
Andhra Pradesh,2004,Theft - Property,4. Theft,11810,23162,190936570,391028586
Arunachal Pradesh,2004,Theft - Property,4. Theft,114,388,3619988,11244293
Assam,2004,Theft - Property,4. Theft,1379,5866,15153750,75688410
Bihar,2004,Theft - Property,4. Theft,1989,11113,23897635,125439263
Chandigarh,2004,Theft - Property,4. Theft,697,1459,24910865,51628049
Chhattisgarh,2004,Theft - Property,4. Theft,1813,5014,51493528,101825009
Dadra & Nagar Haveli,2004,Theft - Property,4. Theft,27,53,634017,2751350
Daman & Diu,2004,Theft - Property,4. Theft,12,27,554500,1301700
Delhi,2004,Theft - Property,4. Theft,6243,18994,65611363,1148408691
Goa,2004,Theft - Property,4. Theft,207,493,4645222,16229270
Gujarat,2004,Theft - Property,4. Theft,5069,18452,144505601,479937790
Haryana,2004,Theft - Property,4. Theft,2998,6558,157873873,264695741
Himachal Pradesh,2004,Theft - Property,4. Theft,272,636,12245505,39564006
Jammu & Kashmir,2004,Theft - Property,4. Theft,735,1939,32308901,57946828
Jharkhand,2004,Theft - Property,4. Theft,1006,4374,9048818,76367464
Karnataka,2004,Theft - Property,4. Theft,4516,16093,175254513,397657848
Kerala,2004,Theft - Property,4. Theft,2091,5010,54208055,197049832
Lakshadweep,2004,Theft - Property,4. Theft,3,5,3410,5610
Madhya Pradesh,2004,Theft - Property,4. Theft,7768,22557,141606813,337588386
Maharashtra,2004,Theft - Property,4. Theft,14324,43629,415113383,1661719838
Manipur,2004,Theft - Property,4. Theft,24,244,4470587,13039619
Meghalaya,2004,Theft - Property,4. Theft,88,393,13616390,117495559
Mizoram,2004,Theft - Property,4. Theft,450,610,250900,509770
Nagaland,2004,Theft - Property,4. Theft,70,172,1190119,3281404
Odisha,2004,Theft - Property,4. Theft,2899,5959,51565221,115307852
Puducherry,2004,Theft - Property,4. Theft,413,634,6464216,9967529
Punjab,2004,Theft - Property,4. Theft,1315,2587,81240535,180336196
Rajasthan,2004,Theft - Property,4. Theft,4353,17096,251202665,449398743
Sikkim,2004,Theft - Property,4. Theft,30,73,1689162,3760220
Tamil Nadu,2004,Theft - Property,4. Theft,15316,17530,202301445,232409059
Tripura,2004,Theft - Property,4. Theft,37,260,4736247,6634206
Uttar Pradesh,2004,Theft - Property,4. Theft,5644,19106,235503305,514233092
Uttarakhand,2004,Theft - Property,4. Theft,480,1500,8351243,31592072
West Bengal,2004,Theft - Property,4. Theft,3543,14465,80910974,391864282
Andaman & Nicobar Islands,2005,Theft - Property,4. Theft,51,92,3452224,5431836
Andhra Pradesh,2005,Theft - Property,4. Theft,13716,23395,229884092,451664136
Arunachal Pradesh,2005,Theft - Property,4. Theft,147,531,6533651,35140607
Assam,2005,Theft - Property,4. Theft,1869,6369,30054617,116337451
Bihar,2005,Theft - Property,4. Theft,1880,10812,18558711,111326355
Chandigarh,2005,Theft - Property,4. Theft,585,1373,16469300,51774386
Chhattisgarh,2005,Theft - Property,4. Theft,2117,5600,124114879,197744832
Dadra & Nagar Haveli,2005,Theft - Property,4. Theft,37,74,2459055,6300155
Daman & Diu,2005,Theft - Property,4. Theft,11,50,308700,3931333
Delhi,2005,Theft - Property,4. Theft,6772,17955,67737445,1000141986
Goa,2005,Theft - Property,4. Theft,175,490,8290411,29695016
Gujarat,2005,Theft - Property,4. Theft,5153,17834,149243011,488494904
Haryana,2005,Theft - Property,4. Theft,3591,8650,171302996,300518761
Himachal Pradesh,2005,Theft - Property,4. Theft,289,689,20925983,42396464
Jammu & Kashmir,2005,Theft - Property,4. Theft,703,1901,33870216,60480028
Jharkhand,2005,Theft - Property,4. Theft,1191,5610,21659643,91696971
Karnataka,2005,Theft - Property,4. Theft,5299,17008,246432247,464640676
Kerala,2005,Theft - Property,4. Theft,2062,5225,61417001,266880665
Lakshadweep,2005,Theft - Property,4. Theft,1,7,1000,241248
Madhya Pradesh,2005,Theft - Property,4. Theft,7641,20660,167441231,380812973
Maharashtra,2005,Theft - Property,4. Theft,15565,46598,547904813,2093911186
Manipur,2005,Theft - Property,4. Theft,28,243,510140,12662242
Meghalaya,2005,Theft - Property,4. Theft,108,431,3529946,18839860
Mizoram,2005,Theft - Property,4. Theft,638,777,2121386,2956013
Nagaland,2005,Theft - Property,4. Theft,72,278,2023640,6569716
Odisha,2005,Theft - Property,4. Theft,3427,6743,89339721,187605339
Puducherry,2005,Theft - Property,4. Theft,328,466,5289218,8420633
Punjab,2005,Theft - Property,4. Theft,1691,2924,75526389,191876005
Rajasthan,2005,Theft - Property,4. Theft,4548,13361,309399626,541407716
Sikkim,2005,Theft - Property,4. Theft,27,77,1116870,2587940
Tamil Nadu,2005,Theft - Property,4. Theft,14116,15851,207205736,238850090
Tripura,2005,Theft - Property,4. Theft,57,325,2920747,6991098
Uttar Pradesh,2005,Theft - Property,4. Theft,5425,17557,205265891,500125253
Uttarakhand,2005,Theft - Property,4. Theft,537,1515,12182738,45201377
West Bengal,2005,Theft - Property,4. Theft,3192,12124,54647902,253606057
Andaman & Nicobar Islands,2006,Theft - Property,4. Theft,51,101,1306602,2262203
Andhra Pradesh,2006,Theft - Property,4. Theft,12757,23211,241310512,514737824
Arunachal Pradesh,2006,Theft - Property,4. Theft,172,451,5287871,18046894
Assam,2006,Theft - Property,4. Theft,2116,7820,146555353,363131214
Bihar,2006,Theft - Property,4. Theft,1882,11752,16410074,94703960
Chandigarh,2006,Theft - Property,4. Theft,597,1234,13750425,36268500
Chhattisgarh,2006,Theft - Property,4. Theft,1943,5262,45965099,189217539
Dadra & Nagar Haveli,2006,Theft - Property,4. Theft,35,61,5253240,8533700
Daman & Diu,2006,Theft - Property,4. Theft,15,63,933350,6974825
Delhi,2006,Theft - Property,4. Theft,6106,17498,74719855,1128669742
Goa,2006,Theft - Property,4. Theft,173,486,10426923,36772354
Gujarat,2006,Theft - Property,4. Theft,5556,18331,195358310,1233220340
Haryana,2006,Theft - Property,4. Theft,4378,10513,224200922,441919663
Himachal Pradesh,2006,Theft - Property,4. Theft,295,807,27058836,59987972
Jammu & Kashmir,2006,Theft - Property,4. Theft,816,1937,39188485,71426784
Jharkhand,2006,Theft - Property,4. Theft,1123,6173,13661775,71462338
Karnataka,2006,Theft - Property,4. Theft,4970,14901,189460917,480347009
Kerala,2006,Theft - Property,4. Theft,1833,5043,57135205,298306907
Lakshadweep,2006,Theft - Property,4. Theft,11,17,101200,348100
Madhya Pradesh,2006,Theft - Property,4. Theft,7931,21733,194359963,439259099
Maharashtra,2006,Theft - Property,4. Theft,15590,46250,562101861,2112418477
Manipur,2006,Theft - Property,4. Theft,17,290,453500,9416334
Meghalaya,2006,Theft - Property,4. Theft,109,470,2448500,26091623
Mizoram,2006,Theft - Property,4. Theft,596,740,5538026,28001877
Nagaland,2006,Theft - Property,4. Theft,136,324,6781299,78948706
Odisha,2006,Theft - Property,4. Theft,3619,6559,77632471,222755594
Puducherry,2006,Theft - Property,4. Theft,293,560,8367415,12995915
Punjab,2006,Theft - Property,4. Theft,1965,3945,90017684,239469827
Rajasthan,2006,Theft - Property,4. Theft,4697,16460,335708944,588618315
Sikkim,2006,Theft - Property,4. Theft,46,113,2654700,4375644
Tamil Nadu,2006,Theft - Property,4. Theft,12704,13651,225958114,249486970
Tripura,2006,Theft - Property,4. Theft,24,392,2184188,11037167
Uttar Pradesh,2006,Theft - Property,4. Theft,5670,17665,292485787,565738249
Uttarakhand,2006,Theft - Property,4. Theft,543,1369,13914105,47167576
West Bengal,2006,Theft - Property,4. Theft,2254,12532,61095553,287899747
Andaman & Nicobar Islands,2007,Theft - Property,4. Theft,34,112,1439610,4808582
Andhra Pradesh,2007,Theft - Property,4. Theft,13265,23856,301731761,514325019
Arunachal Pradesh,2007,Theft - Property,4. Theft,228,513,9720166,28418744
Assam,2007,Theft - Property,4. Theft,2330,7754,37307228,102848324
Bihar,2007,Theft - Property,4. Theft,1700,11795,20584711,120896395
Chandigarh,2007,Theft - Property,4. Theft,612,1740,24353940,84828820
Chhattisgarh,2007,Theft - Property,4. Theft,1995,5381,97424680,201276448
Dadra & Nagar Haveli,2007,Theft - Property,4. Theft,38,87,7178680,11632786
Daman & Diu,2007,Theft - Property,4. Theft,8,43,604550,5833910
Delhi,2007,Theft - Property,4. Theft,5690,17037,64632107,951380888
Goa,2007,Theft - Property,4. Theft,160,484,7395072,38412511
Gujarat,2007,Theft - Property,4. Theft,5657,18047,176182189,633456546
Haryana,2007,Theft - Property,4. Theft,4489,11047,234719856,446296828
Himachal Pradesh,2007,Theft - Property,4. Theft,363,1077,32715520,80227548
Jammu & Kashmir,2007,Theft - Property,4. Theft,761,1756,34918058,63231699
Jharkhand,2007,Theft - Property,4. Theft,1125,7067,15471982,109486572
Karnataka,2007,Theft - Property,4. Theft,6278,14270,145811318,631663026
Kerala,2007,Theft - Property,4. Theft,2210,5317,83174955,336982688
Lakshadweep,2007,Theft - Property,4. Theft,3,20,66597,220223
Madhya Pradesh,2007,Theft - Property,4. Theft,7829,22396,218600442,504335083
Maharashtra,2007,Theft - Property,4. Theft,16072,47498,680817061,3077038673
Manipur,2007,Theft - Property,4. Theft,23,454,1113910,14425950
Meghalaya,2007,Theft - Property,4. Theft,168,500,5821491,18660858
Mizoram,2007,Theft - Property,4. Theft,598,732,19341965,36329079
Nagaland,2007,Theft - Property,4. Theft,86,358,10949690,29137746
Odisha,2007,Theft - Property,4. Theft,3305,6830,76603809,229446710
Puducherry,2007,Theft - Property,4. Theft,375,787,10598391,17727911
Punjab,2007,Theft - Property,4. Theft,2692,5171,135640879,358467769
Rajasthan,2007,Theft - Property,4. Theft,4962,18008,414485441,704131169
Sikkim,2007,Theft - Property,4. Theft,56,118,2781590,5712090
Tamil Nadu,2007,Theft - Property,4. Theft,12058,13217,301826905,334437435
Tripura,2007,Theft - Property,4. Theft,66,411,2312600,31447858
Uttar Pradesh,2007,Theft - Property,4. Theft,5704,19325,525229112,856433116
Uttarakhand,2007,Theft - Property,4. Theft,541,1500,22416183,64253489
West Bengal,2007,Theft - Property,4. Theft,2558,13747,58315409,484849575
Andaman & Nicobar Islands,2008,Theft - Property,4. Theft,63,128,2063545,5139030
Andhra Pradesh,2008,Theft - Property,4. Theft,13446,24324,397591848,721249352
Arunachal Pradesh,2008,Theft - Property,4. Theft,217,445,8810883,51707894
Assam,2008,Theft - Property,4. Theft,2458,8012,41888526,146063921
Bihar,2008,Theft - Property,4. Theft,2283,13206,29222449,273651851
Chandigarh,2008,Theft - Property,4. Theft,568,1991,27961646,86645921
Chhattisgarh,2008,Theft - Property,4. Theft,1979,6079,66780834,167950857
Dadra & Nagar Haveli,2008,Theft - Property,4. Theft,28,54,1349523,5567584
Daman & Diu,2008,Theft - Property,4. Theft,20,49,2487600,7041295
Delhi,2008,Theft - Property,4. Theft,3876,18867,62353044,1169650318
Goa,2008,Theft - Property,4. Theft,195,595,17312994,51331469
Gujarat,2008,Theft - Property,4. Theft,6145,20557,213420597,717642182
Haryana,2008,Theft - Property,4. Theft,4381,12709,233259510,477937454
Himachal Pradesh,2008,Theft - Property,4. Theft,468,1135,24133060,83332493
Jammu & Kashmir,2008,Theft - Property,4. Theft,694,2073,41599604,88290878
Jharkhand,2008,Theft - Property,4. Theft,1153,7269,20627716,132366997
Karnataka,2008,Theft - Property,4. Theft,5082,17728,341038583,754337080
Kerala,2008,Theft - Property,4. Theft,2348,5327,74419945,280186211
Lakshadweep,2008,Theft - Property,4. Theft,2,8,9000,74000
Madhya Pradesh,2008,Theft - Property,4. Theft,7995,24579,192107758,583021697
Maharashtra,2008,Theft - Property,4. Theft,17453,52664,740883362,3351235338
Manipur,2008,Theft - Property,4. Theft,22,446,1151250,38372099
Meghalaya,2008,Theft - Property,4. Theft,152,658,4309428,52154152
Mizoram,2008,Theft - Property,4. Theft,597,734,16373598,21862542
Nagaland,2008,Theft - Property,4. Theft,55,329,2632286,71238757
Odisha,2008,Theft - Property,4. Theft,3681,7132,75832586,224441584
Puducherry,2008,Theft - Property,4. Theft,300,688,8752684,18393372
Punjab,2008,Theft - Property,4. Theft,2956,5468,175809708,366697667
Rajasthan,2008,Theft - Property,4. Theft,5074,19014,425348611,701978100
Sikkim,2008,Theft - Property,4. Theft,59,127,3997660,6167240
Tamil Nadu,2008,Theft - Property,4. Theft,12950,15019,317483391,378069714
Tripura,2008,Theft - Property,4. Theft,210,499,2614810,19523259
Uttar Pradesh,2008,Theft - Property,4. Theft,6325,21370,642495682,988468154
Uttarakhand,2008,Theft - Property,4. Theft,529,1532,20803568,76043421
West Bengal,2008,Theft - Property,4. Theft,2716,17334,67780201,472055084
Andaman & Nicobar Islands,2009,Theft - Property,4. Theft,68,134,3623505,5124807
Andhra Pradesh,2009,Theft - Property,4. Theft,13133,23922,434869915,778827814
Arunachal Pradesh,2009,Theft - Property,4. Theft,176,381,5700050,31164607
Assam,2009,Theft - Property,4. Theft,2280,7644,95067594,346328773
Bihar,2009,Theft - Property,4. Theft,2235,15221,41223558,313111752
Chandigarh,2009,Theft - Property,4. Theft,495,1731,20914820,83782453
Chhattisgarh,2009,Theft - Property,4. Theft,1944,5792,90848076,209313629
Dadra & Nagar Haveli,2009,Theft - Property,4. Theft,22,63,1097808,7195540
Daman & Diu,2009,Theft - Property,4. Theft,10,41,210785,2257920
Delhi,2009,Theft - Property,4. Theft,4325,21731,120952757,1935299019
Goa,2009,Theft - Property,4. Theft,212,840,14103333,56510550
Gujarat,2009,Theft - Property,4. Theft,5664,19574,216620109,849896797
Haryana,2009,Theft - Property,4. Theft,4316,12912,203685733,482437909
Himachal Pradesh,2009,Theft - Property,4. Theft,354,820,29931601,80053807
Jammu & Kashmir,2009,Theft - Property,4. Theft,1078,2517,58148666,119533334
Jharkhand,2009,Theft - Property,4. Theft,1331,7716,28571580,153601534
Karnataka,2009,Theft - Property,4. Theft,5397,20576,426788217,830588124
Kerala,2009,Theft - Property,4. Theft,2507,5196,77566694,235023567
Lakshadweep,2009,Theft - Property,4. Theft,3,10,100000,277000
Madhya Pradesh,2009,Theft - Property,4. Theft,7473,23260,282210926,636398858
Maharashtra,2009,Theft - Property,4. Theft,16426,50708,715387912,3142694776
Manipur,2009,Theft - Property,4. Theft,16,394,1060700,21566576
Meghalaya,2009,Theft - Property,4. Theft,132,528,7593210,34881938
Mizoram,2009,Theft - Property,4. Theft,581,761,20116273,111682469
Nagaland,2009,Theft - Property,4. Theft,61,347,15458455,56028310
Odisha,2009,Theft - Property,4. Theft,2935,7115,128744945,316744878
Puducherry,2009,Theft - Property,4. Theft,418,711,11202455,16457917
Punjab,2009,Theft - Property,4. Theft,2669,5513,180844008,402385515
Rajasthan,2009,Theft - Property,4. Theft,2007,11817,525589147,978660944
Sikkim,2009,Theft - Property,4. Theft,31,62,1517500,2912500
Tamil Nadu,2009,Theft - Property,4. Theft,12899,15712,367486806,454248711
Tripura,2009,Theft - Property,4. Theft,117,415,3551330,28088921
Uttar Pradesh,2009,Theft - Property,4. Theft,5701,24983,252117209,736868327
Uttarakhand,2009,Theft - Property,4. Theft,590,1340,17919481,65840720
West Bengal,2009,Theft - Property,4. Theft,3168,17133,94165016,560520388
Andaman & Nicobar Islands,2010,Theft - Property,4. Theft,51,121,1012355,5115182
Andhra Pradesh,2010,Theft - Property,4. Theft,15080,26358,495913278,886949317
Arunachal Pradesh,2010,Theft - Property,4. Theft,162,445,14183400,39036632
Assam,2010,Theft - Property,4. Theft,1381,7860,76554211,285508811
Bihar,2010,Theft - Property,4. Theft,2242,15544,45833681,322648700
Chandigarh,2010,Theft - Property,4. Theft,468,1481,45899383,97718156
Chhattisgarh,2010,Theft - Property,4. Theft,1895,5805,76576521,215624738
Dadra & Nagar Haveli,2010,Theft - Property,4. Theft,20,63,1303700,6293660
Daman & Diu,2010,Theft - Property,4. Theft,19,47,3440585,6413312
Delhi,2010,Theft - Property,4. Theft,4509,23088,123172749,1598845599
Goa,2010,Theft - Property,4. Theft,313,1017,14117077,130811294
Gujarat,2010,Theft - Property,4. Theft,5105,16725,254323201,824549421
Haryana,2010,Theft - Property,4. Theft,4859,16266,235612864,587990593
Himachal Pradesh,2010,Theft - Property,4. Theft,377,837,42188916,97672155
Jammu & Kashmir,2010,Theft - Property,4. Theft,985,2490,78485237,143631373
Jharkhand,2010,Theft - Property,4. Theft,1379,7090,31022247,141140357
Karnataka,2010,Theft - Property,4. Theft,6480,20093,587641348,1469775629
Kerala,2010,Theft - Property,4. Theft,2110,4065,72925126,206828894
Lakshadweep,2010,Theft - Property,4. Theft,2,4,9000,18000
Madhya Pradesh,2010,Theft - Property,4. Theft,6682,21523,271839332,659776896
Maharashtra,2010,Theft - Property,4. Theft,16765,52363,958264429,3640776890
Manipur,2010,Theft - Property,4. Theft,30,417,1183700,30208364
Meghalaya,2010,Theft - Property,4. Theft,169,640,7235650,37310792
Mizoram,2010,Theft - Property,4. Theft,701,813,16293877,34672287
Nagaland,2010,Theft - Property,4. Theft,73,372,31153660,223472115
Odisha,2010,Theft - Property,4. Theft,3454,7572,220635148,663821864
Puducherry,2010,Theft - Property,4. Theft,266,534,11800800,18821640
Punjab,2010,Theft - Property,4. Theft,2801,5407,231391885,497975470
Rajasthan,2010,Theft - Property,4. Theft,4798,20981,588095593,988468024
Sikkim,2010,Theft - Property,4. Theft,22,53,1187000,2835372
Tamil Nadu,2010,Theft - Property,4. Theft,11584,14583,364514832,464409840
Tripura,2010,Theft - Property,4. Theft,86,410,2955025,11716542
Uttar Pradesh,2010,Theft - Property,4. Theft,5844,27487,258433654,768097095
Uttarakhand,2010,Theft - Property,4. Theft,721,1779,32129306,80909756
West Bengal,2010,Theft - Property,4. Theft,3515,19388,509046211,2654448736
Andaman & Nicobar Islands,2001,Total Property,7. Total Property Stolen & Recovered,54,143,1192179,3184477
Andhra Pradesh,2001,Total Property,7. Total Property Stolen & Recovered,13418,25070,186103403,476038316
Arunachal Pradesh,2001,Total Property,7. Total Property Stolen & Recovered,300,858,9652850,58483056
Assam,2001,Total Property,7. Total Property Stolen & Recovered,2149,9778,24989343,121602215
Bihar,2001,Total Property,7. Total Property Stolen & Recovered,3357,18503,47713186,422706220
Chandigarh,2001,Total Property,7. Total Property Stolen & Recovered,714,1948,21114612,49527109
Chhattisgarh,2001,Total Property,7. Total Property Stolen & Recovered,3298,9894,37331973,112242456
Dadra & Nagar Haveli,2001,Total Property,7. Total Property Stolen & Recovered,43,106,5314436,11604547
Daman & Diu,2001,Total Property,7. Total Property Stolen & Recovered,21,94,2323494,14151158
Delhi,2001,Total Property,7. Total Property Stolen & Recovered,5893,25170,218254594,2127553393
Goa,2001,Total Property,7. Total Property Stolen & Recovered,289,1004,9521526,239891783
Gujarat,2001,Total Property,7. Total Property Stolen & Recovered,7385,24410,227693256,1149816876
Haryana,2001,Total Property,7. Total Property Stolen & Recovered,5103,10536,257829983,404891438
Himachal Pradesh,2001,Total Property,7. Total Property Stolen & Recovered,367,1573,24625652,59011695
Jammu & Kashmir,2001,Total Property,7. Total Property Stolen & Recovered,833,3531,33575768,100502822
Jharkhand,2001,Total Property,7. Total Property Stolen & Recovered,1411,5764,14052425,126668437
Karnataka,2001,Total Property,7. Total Property Stolen & Recovered,6652,21039,218531303,583882867
Kerala,2001,Total Property,7. Total Property Stolen & Recovered,3320,10442,99493533,433136856
Lakshadweep,2001,Total Property,7. Total Property Stolen & Recovered,5,12,35400,109290
Madhya Pradesh,2001,Total Property,7. Total Property Stolen & Recovered,11779,37554,203882247,501301044
Maharashtra,2001,Total Property,7. Total Property Stolen & Recovered,20787,60173,856697065,4001169316
Manipur,2001,Total Property,7. Total Property Stolen & Recovered,47,455,3658556,31017310
Meghalaya,2001,Total Property,7. Total Property Stolen & Recovered,191,713,3662712,13868800
Mizoram,2001,Total Property,7. Total Property Stolen & Recovered,866,1516,10038622,18857452
Nagaland,2001,Total Property,7. Total Property Stolen & Recovered,120,463,6805838,81016077
Odisha,2001,Total Property,7. Total Property Stolen & Recovered,5068,10167,52527851,220741872
Puducherry,2001,Total Property,7. Total Property Stolen & Recovered,303,651,4421759,10439367
Punjab,2001,Total Property,7. Total Property Stolen & Recovered,3045,5950,225006524,465830826
Rajasthan,2001,Total Property,7. Total Property Stolen & Recovered,7854,25326,358218186,582726219
Sikkim,2001,Total Property,7. Total Property Stolen & Recovered,40,129,1158845,3351263
Tamil Nadu,2001,Total Property,7. Total Property Stolen & Recovered,17295,24606,333439558,735013778
Tripura,2001,Total Property,7. Total Property Stolen & Recovered,130,579,724170,13759600
Uttar Pradesh,2001,Total Property,7. Total Property Stolen & Recovered,9376,36711,846220887,1485857593
Uttarakhand,2001,Total Property,7. Total Property Stolen & Recovered,549,2346,15855404,84480844
West Bengal,2001,Total Property,7. Total Property Stolen & Recovered,4359,18204,111594745,427887883
Andaman & Nicobar Islands,2002,Total Property,7. Total Property Stolen & Recovered,37,110,666759,1842721
Andhra Pradesh,2002,Total Property,7. Total Property Stolen & Recovered,14067,28340,216606581,550010981
Arunachal Pradesh,2002,Total Property,7. Total Property Stolen & Recovered,295,819,14786088,39483510
Assam,2002,Total Property,7. Total Property Stolen & Recovered,2258,10269,29712976,139977748
Bihar,2002,Total Property,7. Total Property Stolen & Recovered,3217,19333,47271522,254239400
Chandigarh,2002,Total Property,7. Total Property Stolen & Recovered,604,2055,23029062,71383551
Chhattisgarh,2002,Total Property,7. Total Property Stolen & Recovered,3068,8687,40621866,173008693
Dadra & Nagar Haveli,2002,Total Property,7. Total Property Stolen & Recovered,69,132,6083651,14931390
Daman & Diu,2002,Total Property,7. Total Property Stolen & Recovered,44,130,5347636,16411977
Delhi,2002,Total Property,7. Total Property Stolen & Recovered,8250,22681,100376887,1968908241
Goa,2002,Total Property,7. Total Property Stolen & Recovered,220,951,9847158,70067569
Gujarat,2002,Total Property,7. Total Property Stolen & Recovered,7433,24958,199710393,5415280620
Haryana,2002,Total Property,7. Total Property Stolen & Recovered,5230,10266,277900567,426332721
Himachal Pradesh,2002,Total Property,7. Total Property Stolen & Recovered,372,1350,22929845,130545075
Jammu & Kashmir,2002,Total Property,7. Total Property Stolen & Recovered,1059,3637,35295212,102159196
Jharkhand,2002,Total Property,7. Total Property Stolen & Recovered,1743,7668,25211240,155701111
Karnataka,2002,Total Property,7. Total Property Stolen & Recovered,7397,22219,264284974,638855643
Kerala,2002,Total Property,7. Total Property Stolen & Recovered,3386,11246,117814390,631615977
Lakshadweep,2002,Total Property,7. Total Property Stolen & Recovered,7,21,85295,209735
Madhya Pradesh,2002,Total Property,7. Total Property Stolen & Recovered,13122,37451,226088417,576014559
Maharashtra,2002,Total Property,7. Total Property Stolen & Recovered,19944,57544,1300723470,9816576492
Manipur,2002,Total Property,7. Total Property Stolen & Recovered,28,429,1814255,23206932
Meghalaya,2002,Total Property,7. Total Property Stolen & Recovered,158,758,5095486,17988692
Mizoram,2002,Total Property,7. Total Property Stolen & Recovered,961,1499,9221035,32811874
Nagaland,2002,Total Property,7. Total Property Stolen & Recovered,216,529,5752775,27644441
Odisha,2002,Total Property,7. Total Property Stolen & Recovered,4014,9287,76089944,212601484
Puducherry,2002,Total Property,7. Total Property Stolen & Recovered,255,675,4897427,13995944
Punjab,2002,Total Property,7. Total Property Stolen & Recovered,3498,6038,330784701,563501865
Rajasthan,2002,Total Property,7. Total Property Stolen & Recovered,6745,22730,338610258,570166500
Sikkim,2002,Total Property,7. Total Property Stolen & Recovered,29,118,398485,836030
Tamil Nadu,2002,Total Property,7. Total Property Stolen & Recovered,19263,25825,391752230,695528915
Tripura,2002,Total Property,7. Total Property Stolen & Recovered,123,619,1443478,30801738
Uttar Pradesh,2002,Total Property,7. Total Property Stolen & Recovered,8642,27826,486575305,782197250
Uttarakhand,2002,Total Property,7. Total Property Stolen & Recovered,623,1939,16294408,51953575
West Bengal,2002,Total Property,7. Total Property Stolen & Recovered,4274,19012,141080560,455513698
Andaman & Nicobar Islands,2003,Total Property,7. Total Property Stolen & Recovered,40,128,1001787,3183650
Andhra Pradesh,2003,Total Property,7. Total Property Stolen & Recovered,14975,33315,268491192,660684437
Arunachal Pradesh,2003,Total Property,7. Total Property Stolen & Recovered,265,776,17151100,44089224
Assam,2003,Total Property,7. Total Property Stolen & Recovered,2272,10298,51941294,182583864
Bihar,2003,Total Property,7. Total Property Stolen & Recovered,2976,19211,41222925,275325321
Chandigarh,2003,Total Property,7. Total Property Stolen & Recovered,775,1578,27951461,63722359
Chhattisgarh,2003,Total Property,7. Total Property Stolen & Recovered,2757,8592,42417804,146930510
Dadra & Nagar Haveli,2003,Total Property,7. Total Property Stolen & Recovered,58,132,6909142,74116906
Daman & Diu,2003,Total Property,7. Total Property Stolen & Recovered,32,107,7758679,18174225
Delhi,2003,Total Property,7. Total Property Stolen & Recovered,7847,20953,76625398,1938163132
Goa,2003,Total Property,7. Total Property Stolen & Recovered,325,847,8566930,275404206
Gujarat,2003,Total Property,7. Total Property Stolen & Recovered,8716,29407,308623233,3241929941
Haryana,2003,Total Property,7. Total Property Stolen & Recovered,5541,10024,335546082,491144301
Himachal Pradesh,2003,Total Property,7. Total Property Stolen & Recovered,406,1392,26443221,71797484
Jammu & Kashmir,2003,Total Property,7. Total Property Stolen & Recovered,1143,3768,57110184,130153108
Jharkhand,2003,Total Property,7. Total Property Stolen & Recovered,1827,7211,29646414,144100978
Karnataka,2003,Total Property,7. Total Property Stolen & Recovered,6708,22463,218541891,700067515
Kerala,2003,Total Property,7. Total Property Stolen & Recovered,3349,9843,125595872,570632818
Lakshadweep,2003,Total Property,7. Total Property Stolen & Recovered,3,14,96650,178650
Madhya Pradesh,2003,Total Property,7. Total Property Stolen & Recovered,12178,35947,235335412,600151731
Maharashtra,2003,Total Property,7. Total Property Stolen & Recovered,20159,57118,749453074,3874559515
Manipur,2003,Total Property,7. Total Property Stolen & Recovered,29,423,2323464,17190467
Meghalaya,2003,Total Property,7. Total Property Stolen & Recovered,103,728,2537849,268521456
Mizoram,2003,Total Property,7. Total Property Stolen & Recovered,1348,2063,11824395,18953062
Nagaland,2003,Total Property,7. Total Property Stolen & Recovered,163,437,4032287,9666617
Odisha,2003,Total Property,7. Total Property Stolen & Recovered,4607,9462,73064104,187440215
Puducherry,2003,Total Property,7. Total Property Stolen & Recovered,288,720,5686424,20367570
Punjab,2003,Total Property,7. Total Property Stolen & Recovered,3895,6806,392322250,727447197
Rajasthan,2003,Total Property,7. Total Property Stolen & Recovered,6845,23652,319666328,617440643
Sikkim,2003,Total Property,7. Total Property Stolen & Recovered,30,127,1270754,8579505
Tamil Nadu,2003,Total Property,7. Total Property Stolen & Recovered,18758,24082,368499696,539833082
Tripura,2003,Total Property,7. Total Property Stolen & Recovered,108,576,2965911,14532819
Uttar Pradesh,2003,Total Property,7. Total Property Stolen & Recovered,6363,18012,506787481,805220837
Uttarakhand,2003,Total Property,7. Total Property Stolen & Recovered,672,1948,16482052,51537513
West Bengal,2003,Total Property,7. Total Property Stolen & Recovered,4340,15618,132050530,556555474
Andaman & Nicobar Islands,2004,Total Property,7. Total Property Stolen & Recovered,95,175,3070433,5083318
Andhra Pradesh,2004,Total Property,7. Total Property Stolen & Recovered,15744,32463,282645926,776046128
Arunachal Pradesh,2004,Total Property,7. Total Property Stolen & Recovered,182,730,6137283,27988747
Assam,2004,Total Property,7. Total Property Stolen & Recovered,2264,10575,34821706,205124349
Bihar,2004,Total Property,7. Total Property Stolen & Recovered,3228,21673,60787255,382437886
Chandigarh,2004,Total Property,7. Total Property Stolen & Recovered,849,1775,36215872,75067586
Chhattisgarh,2004,Total Property,7. Total Property Stolen & Recovered,3383,10548,67401154,202799512
Dadra & Nagar Haveli,2004,Total Property,7. Total Property Stolen & Recovered,50,112,7241446,618751642
Daman & Diu,2004,Total Property,7. Total Property Stolen & Recovered,22,72,803600,4972825
Delhi,2004,Total Property,7. Total Property Stolen & Recovered,9593,24902,115582547,2294356956
Goa,2004,Total Property,7. Total Property Stolen & Recovered,312,846,9454256,95000374
Gujarat,2004,Total Property,7. Total Property Stolen & Recovered,8292,28241,288923468,6575355355
Haryana,2004,Total Property,7. Total Property Stolen & Recovered,5474,10821,286452866,462879255
Himachal Pradesh,2004,Total Property,7. Total Property Stolen & Recovered,481,1541,19122864,86940050
Jammu & Kashmir,2004,Total Property,7. Total Property Stolen & Recovered,1039,3621,47110376,111024669
Jharkhand,2004,Total Property,7. Total Property Stolen & Recovered,1743,7668,25211240,155701111
Karnataka,2004,Total Property,7. Total Property Stolen & Recovered,7106,24265,303383721,812326481
Kerala,2004,Total Property,7. Total Property Stolen & Recovered,3824,10598,118246729,467846875
Lakshadweep,2004,Total Property,7. Total Property Stolen & Recovered,3,7,3410,7770
Madhya Pradesh,2004,Total Property,7. Total Property Stolen & Recovered,13442,37646,241735232,627039527
Maharashtra,2004,Total Property,7. Total Property Stolen & Recovered,21721,65025,810624001,5206095253
Manipur,2004,Total Property,7. Total Property Stolen & Recovered,31,392,5450783,40213990
Meghalaya,2004,Total Property,7. Total Property Stolen & Recovered,135,711,14458164,127591156
Mizoram,2004,Total Property,7. Total Property Stolen & Recovered,640,876,880200,1354490
Nagaland,2004,Total Property,7. Total Property Stolen & Recovered,99,281,2491525,11990446
Odisha,2004,Total Property,7. Total Property Stolen & Recovered,4759,10415,87102662,228543539
Puducherry,2004,Total Property,7. Total Property Stolen & Recovered,464,730,7984326,14967498
Punjab,2004,Total Property,7. Total Property Stolen & Recovered,2935,5355,378750565,1102678622
Rajasthan,2004,Total Property,7. Total Property Stolen & Recovered,6796,24551,339005144,628070424
Sikkim,2004,Total Property,7. Total Property Stolen & Recovered,42,168,2086835,14489542
Tamil Nadu,2004,Total Property,7. Total Property Stolen & Recovered,18546,22489,356073796,554827854
Tripura,2004,Total Property,7. Total Property Stolen & Recovered,94,577,6652735,16328043
Uttar Pradesh,2004,Total Property,7. Total Property Stolen & Recovered,8479,26487,578303988,1038790881
Uttarakhand,2004,Total Property,7. Total Property Stolen & Recovered,658,2181,16075668,58231731
West Bengal,2004,Total Property,7. Total Property Stolen & Recovered,4854,17679,134405024,586035607
Andaman & Nicobar Islands,2005,Total Property,7. Total Property Stolen & Recovered,80,172,4202483,261703281
Andhra Pradesh,2005,Total Property,7. Total Property Stolen & Recovered,17962,32858,384024399,835804568
Arunachal Pradesh,2005,Total Property,7. Total Property Stolen & Recovered,247,949,10650151,103453293
Assam,2005,Total Property,7. Total Property Stolen & Recovered,2881,10589,53159940,226208836
Bihar,2005,Total Property,7. Total Property Stolen & Recovered,3206,20015,50933407,308853991
Chandigarh,2005,Total Property,7. Total Property Stolen & Recovered,806,1796,23799716,68882824
Chhattisgarh,2005,Total Property,7. Total Property Stolen & Recovered,3744,10154,144020041,284057082
Dadra & Nagar Haveli,2005,Total Property,7. Total Property Stolen & Recovered,66,126,15960625,24498525
Daman & Diu,2005,Total Property,7. Total Property Stolen & Recovered,24,100,1156843,8485596
Delhi,2005,Total Property,7. Total Property Stolen & Recovered,10505,24493,95162967,2059791640
Goa,2005,Total Property,7. Total Property Stolen & Recovered,273,854,14036795,97755667
Gujarat,2005,Total Property,7. Total Property Stolen & Recovered,8366,26642,354357628,3780550600
Haryana,2005,Total Property,7. Total Property Stolen & Recovered,6343,13584,750221865,969967442
Himachal Pradesh,2005,Total Property,7. Total Property Stolen & Recovered,479,1551,28142036,77410389
Jammu & Kashmir,2005,Total Property,7. Total Property Stolen & Recovered,979,3544,43064999,110658546
Jharkhand,2005,Total Property,7. Total Property Stolen & Recovered,1885,8814,35909015,196743782
Karnataka,2005,Total Property,7. Total Property Stolen & Recovered,7973,25185,357261516,2781334074
Kerala,2005,Total Property,7. Total Property Stolen & Recovered,3532,10952,95246439,672098935
Lakshadweep,2005,Total Property,7. Total Property Stolen & Recovered,2,9,9410,261658
Madhya Pradesh,2005,Total Property,7. Total Property Stolen & Recovered,12822,34691,277709045,695025291
Maharashtra,2005,Total Property,7. Total Property Stolen & Recovered,23704,70162,885513709,6472818409
Manipur,2005,Total Property,7. Total Property Stolen & Recovered,34,389,886110,115514363
Meghalaya,2005,Total Property,7. Total Property Stolen & Recovered,154,747,6766862,36733679
Mizoram,2005,Total Property,7. Total Property Stolen & Recovered,963,1270,12239706,18816636
Nagaland,2005,Total Property,7. Total Property Stolen & Recovered,130,492,10038405,24030333
Odisha,2005,Total Property,7. Total Property Stolen & Recovered,5528,11276,120929669,303393660
Puducherry,2005,Total Property,7. Total Property Stolen & Recovered,377,549,14721134,19654615
Punjab,2005,Total Property,7. Total Property Stolen & Recovered,3406,5700,562267445,803333365
Rajasthan,2005,Total Property,7. Total Property Stolen & Recovered,6921,19690,410789941,736101719
Sikkim,2005,Total Property,7. Total Property Stolen & Recovered,40,166,1267560,5335878
Tamil Nadu,2005,Total Property,7. Total Property Stolen & Recovered,17227,20352,313875556,434945098
Tripura,2005,Total Property,7. Total Property Stolen & Recovered,107,640,4924595,24059098
Uttar Pradesh,2005,Total Property,7. Total Property Stolen & Recovered,7898,23644,547115327,965375333
Uttarakhand,2005,Total Property,7. Total Property Stolen & Recovered,717,2186,20230893,69814936
West Bengal,2005,Total Property,7. Total Property Stolen & Recovered,4435,15448,109385164,496521039
Andaman & Nicobar Islands,2006,Total Property,7. Total Property Stolen & Recovered,81,191,2216709,7080770
Andhra Pradesh,2006,Total Property,7. Total Property Stolen & Recovered,16837,32815,436102758,996024721
Arunachal Pradesh,2006,Total Property,7. Total Property Stolen & Recovered,334,871,11115684,46993246
Assam,2006,Total Property,7. Total Property Stolen & Recovered,3159,12583,181939717,517377449
Bihar,2006,Total Property,7. Total Property Stolen & Recovered,3182,20326,45435277,283145127
Chandigarh,2006,Total Property,7. Total Property Stolen & Recovered,834,1648,29172639,61267281
Chhattisgarh,2006,Total Property,7. Total Property Stolen & Recovered,3515,9688,79645052,349906478
Dadra & Nagar Haveli,2006,Total Property,7. Total Property Stolen & Recovered,57,152,9943910,70488560
Daman & Diu,2006,Total Property,7. Total Property Stolen & Recovered,26,144,3033840,19301080
Delhi,2006,Total Property,7. Total Property Stolen & Recovered,9851,24041,135236686,2548624593
Goa,2006,Total Property,7. Total Property Stolen & Recovered,240,801,18044619,128964711
Gujarat,2006,Total Property,7. Total Property Stolen & Recovered,8903,27217,311989512,2588819656
Haryana,2006,Total Property,7. Total Property Stolen & Recovered,7695,16375,440261907,793943325
Himachal Pradesh,2006,Total Property,7. Total Property Stolen & Recovered,504,1752,40052403,141066404
Jammu & Kashmir,2006,Total Property,7. Total Property Stolen & Recovered,1068,3531,58372605,132745856
Jharkhand,2006,Total Property,7. Total Property Stolen & Recovered,1730,9625,27779882,170093250
Karnataka,2006,Total Property,7. Total Property Stolen & Recovered,7752,23164,327583403,976059874
Kerala,2006,Total Property,7. Total Property Stolen & Recovered,3087,10564,122680460,1441512632
Lakshadweep,2006,Total Property,7. Total Property Stolen & Recovered,12,19,111200,376300
Madhya Pradesh,2006,Total Property,7. Total Property Stolen & Recovered,12874,35604,323758170,1112553051
Maharashtra,2006,Total Property,7. Total Property Stolen & Recovered,24180,70004,1038628130,7247492694
Manipur,2006,Total Property,7. Total Property Stolen & Recovered,36,538,1393005,55464597
Meghalaya,2006,Total Property,7. Total Property Stolen & Recovered,161,758,6506859,46353666
Mizoram,2006,Total Property,7. Total Property Stolen & Recovered,895,1203,10827472,51113034
Nagaland,2006,Total Property,7. Total Property Stolen & Recovered,196,511,10480827,178771972
Odisha,2006,Total Property,7. Total Property Stolen & Recovered,5927,11465,136889225,410264680
Puducherry,2006,Total Property,7. Total Property Stolen & Recovered,347,657,22257370,28496009
Punjab,2006,Total Property,7. Total Property Stolen & Recovered,3998,7388,276979875,560219626
Rajasthan,2006,Total Property,7. Total Property Stolen & Recovered,7192,22623,454715661,805113937
Sikkim,2006,Total Property,7. Total Property Stolen & Recovered,61,216,2802200,9314414
Tamil Nadu,2006,Total Property,7. Total Property Stolen & Recovered,15620,17787,357485712,488594368
Tripura,2006,Total Property,7. Total Property Stolen & Recovered,228,898,6384673,27870880
Uttar Pradesh,2006,Total Property,7. Total Property Stolen & Recovered,8133,23845,1000583842,1087334791
Uttarakhand,2006,Total Property,7. Total Property Stolen & Recovered,723,1922,20570400,69956644
West Bengal,2006,Total Property,7. Total Property Stolen & Recovered,3600,15721,121322464,586751748
Andaman & Nicobar Islands,2007,Total Property,7. Total Property Stolen & Recovered,63,223,2627416,10346456
Andhra Pradesh,2007,Total Property,7. Total Property Stolen & Recovered,17746,32739,463292906,946145497
Arunachal Pradesh,2007,Total Property,7. Total Property Stolen & Recovered,386,896,19622170,98711949
Assam,2007,Total Property,7. Total Property Stolen & Recovered,3407,17809,57835155,221355879
Bihar,2007,Total Property,7. Total Property Stolen & Recovered,2778,19494,53220988,327832613
Chandigarh,2007,Total Property,7. Total Property Stolen & Recovered,808,2201,30425210,99772207
Chhattisgarh,2007,Total Property,7. Total Property Stolen & Recovered,3605,9837,142302236,344666888
Dadra & Nagar Haveli,2007,Total Property,7. Total Property Stolen & Recovered,63,146,38924810,68476623
Daman & Diu,2007,Total Property,7. Total Property Stolen & Recovered,16,105,6122750,32104265
Delhi,2007,Total Property,7. Total Property Stolen & Recovered,8449,23713,100794714,1849610325
Goa,2007,Total Property,7. Total Property Stolen & Recovered,237,845,17147274,129339357
Gujarat,2007,Total Property,7. Total Property Stolen & Recovered,8735,26069,402552487,1693060148
Haryana,2007,Total Property,7. Total Property Stolen & Recovered,7895,17536,503716384,889795438
Himachal Pradesh,2007,Total Property,7. Total Property Stolen & Recovered,557,2114,44316726,159234517
Jammu & Kashmir,2007,Total Property,7. Total Property Stolen & Recovered,1267,3808,76286462,205535168
Jharkhand,2007,Total Property,7. Total Property Stolen & Recovered,1582,10245,37075425,228644383
Karnataka,2007,Total Property,7. Total Property Stolen & Recovered,9429,22130,334206596,1238690783
Kerala,2007,Total Property,7. Total Property Stolen & Recovered,3763,12938,132700991,1538477397
Madhya Pradesh,2007,Total Property,7. Total Property Stolen & Recovered,13069,36934,424700650,959574841
Maharashtra,2007,Total Property,7. Total Property Stolen & Recovered,25106,71909,1462054517,10224489784
Manipur,2007,Total Property,7. Total Property Stolen & Recovered,24,893,1125910,114393817
Meghalaya,2007,Total Property,7. Total Property Stolen & Recovered,331,862,8370357,33349690
Mizoram,2007,Total Property,7. Total Property Stolen & Recovered,950,1281,29277424,57842771
Nagaland,2007,Total Property,7. Total Property Stolen & Recovered,116,576,13297970,51881342
Odisha,2007,Total Property,7. Total Property Stolen & Recovered,5667,12945,125979222,485922479
Puducherry,2007,Total Property,7. Total Property Stolen & Recovered,419,891,12566834,29524932
Punjab,2007,Total Property,7. Total Property Stolen & Recovered,5104,9213,448320542,830886540
Rajasthan,2007,Total Property,7. Total Property Stolen & Recovered,7725,25019,567313354,983019394
Sikkim,2007,Total Property,7. Total Property Stolen & Recovered,73,214,3310680,10673509
Tamil Nadu,2007,Total Property,7. Total Property Stolen & Recovered,15374,17875,495527011,680515631
Tripura,2007,Total Property,7. Total Property Stolen & Recovered,132,744,5015325,51376269
Uttar Pradesh,2007,Total Property,7. Total Property Stolen & Recovered,9068,26858,733279256,1259783227
Uttarakhand,2007,Total Property,7. Total Property Stolen & Recovered,780,2185,33282046,103755889
West Bengal,2007,Total Property,7. Total Property Stolen & Recovered,3568,17277,138824494,848181023
Andaman & Nicobar Islands,2008,Total Property,7. Total Property Stolen & Recovered,112,232,3878055,12614678
Andhra Pradesh,2008,Total Property,7. Total Property Stolen & Recovered,18274,34242,560320881,1208118982
Arunachal Pradesh,2008,Total Property,7. Total Property Stolen & Recovered,401,871,24196386,88071518
Assam,2008,Total Property,7. Total Property Stolen & Recovered,3857,13896,76895325,343487013
Bihar,2008,Total Property,7. Total Property Stolen & Recovered,3414,21324,55371417,464392646
Chandigarh,2008,Total Property,7. Total Property Stolen & Recovered,810,2529,42022211,119337288
Chhattisgarh,2008,Total Property,7. Total Property Stolen & Recovered,3671,11111,131722842,383749576
Dadra & Nagar Haveli,2008,Total Property,7. Total Property Stolen & Recovered,66,138,7828080,37855040
Daman & Diu,2008,Total Property,7. Total Property Stolen & Recovered,31,107,4230400,46597505
Delhi,2008,Total Property,7. Total Property Stolen & Recovered,5674,24583,100513072,3585385648
Goa,2008,Total Property,7. Total Property Stolen & Recovered,293,1021,24414356,116536210
Gujarat,2008,Total Property,7. Total Property Stolen & Recovered,9316,28840,401438417,2542202074
Haryana,2008,Total Property,7. Total Property Stolen & Recovered,7704,19382,508379848,964429164
Himachal Pradesh,2008,Total Property,7. Total Property Stolen & Recovered,658,2214,44637193,162707882
Jammu & Kashmir,2008,Total Property,7. Total Property Stolen & Recovered,1098,3694,61033622,163989540
Jharkhand,2008,Total Property,7. Total Property Stolen & Recovered,1657,10132,35320406,359861979
Karnataka,2008,Total Property,7. Total Property Stolen & Recovered,8160,26727,609152500,1921058853
Kerala,2008,Total Property,7. Total Property Stolen & Recovered,3879,12318,139104039,2577732881
Lakshadweep,2008,Total Property,7. Total Property Stolen & Recovered,3,11,99000,244000
Madhya Pradesh,2008,Total Property,7. Total Property Stolen & Recovered,13504,39064,334055917,1090769341
Maharashtra,2008,Total Property,7. Total Property Stolen & Recovered,26935,78569,1344884834,15469344396
Manipur,2008,Total Property,7. Total Property Stolen & Recovered,29,910,1988250,107265774
Meghalaya,2008,Total Property,7. Total Property Stolen & Recovered,296,1238,8349971,79852320
Mizoram,2008,Total Property,7. Total Property Stolen & Recovered,893,1154,21015932,29367749
Nagaland,2008,Total Property,7. Total Property Stolen & Recovered,80,563,3743186,419727342
Odisha,2008,Total Property,7. Total Property Stolen & Recovered,5905,12182,175265891,560367972
Puducherry,2008,Total Property,7. Total Property Stolen & Recovered,375,813,15247896,30018652
Punjab,2008,Total Property,7. Total Property Stolen & Recovered,5702,9642,507056563,845629659
Rajasthan,2008,Total Property,7. Total Property Stolen & Recovered,7409,24813,590556997,1049255128
Sikkim,2008,Total Property,7. Total Property Stolen & Recovered,76,222,4275311,164361102
Tamil Nadu,2008,Total Property,7. Total Property Stolen & Recovered,16221,19918,495235732,679476182
Tripura,2008,Total Property,7. Total Property Stolen & Recovered,307,902,3145635,49011382
Uttar Pradesh,2008,Total Property,7. Total Property Stolen & Recovered,9846,29291,1161786732,1820103969
Uttarakhand,2008,Total Property,7. Total Property Stolen & Recovered,759,2033,32982620,109696729
West Bengal,2008,Total Property,7. Total Property Stolen & Recovered,4109,21809,151338168,926940952
Andaman & Nicobar Islands,2009,Total Property,7. Total Property Stolen & Recovered,106,238,6081185,10328590
Andhra Pradesh,2009,Total Property,7. Total Property Stolen & Recovered,17384,33162,637818133,1399488392
Arunachal Pradesh,2009,Total Property,7. Total Property Stolen & Recovered,327,715,168882335,246090594
Assam,2009,Total Property,7. Total Property Stolen & Recovered,3171,13289,144813019,525464095
Bihar,2009,Total Property,7. Total Property Stolen & Recovered,3400,23314,72473571,507723195
Chandigarh,2009,Total Property,7. Total Property Stolen & Recovered,669,2275,26839645,108099228
Chhattisgarh,2009,Total Property,7. Total Property Stolen & Recovered,3792,10776,144046856,414738010
Dadra & Nagar Haveli,2009,Total Property,7. Total Property Stolen & Recovered,62,154,10178408,53048623
Daman & Diu,2009,Total Property,7. Total Property Stolen & Recovered,19,84,4521340,13412092
Delhi,2009,Total Property,7. Total Property Stolen & Recovered,6367,26693,244579475,7785717012
Goa,2009,Total Property,7. Total Property Stolen & Recovered,319,1242,26756962,656580967
Gujarat,2009,Total Property,7. Total Property Stolen & Recovered,8487,27407,483489012,2731563586
Haryana,2009,Total Property,7. Total Property Stolen & Recovered,7569,19595,482839759,990054398
Himachal Pradesh,2009,Total Property,7. Total Property Stolen & Recovered,536,1804,43091787,327419480
Jammu & Kashmir,2009,Total Property,7. Total Property Stolen & Recovered,1522,4341,85958912,214105545
Jharkhand,2009,Total Property,7. Total Property Stolen & Recovered,1953,10989,50457871,317553840
Karnataka,2009,Total Property,7. Total Property Stolen & Recovered,8933,30575,873516628,2511469442
Kerala,2009,Total Property,7. Total Property Stolen & Recovered,4479,11943,384303742,2812836460
Lakshadweep,2009,Total Property,7. Total Property Stolen & Recovered,11,58,300000,3077000
Madhya Pradesh,2009,Total Property,7. Total Property Stolen & Recovered,12714,37513,431865921,1101317559
Maharashtra,2009,Total Property,7. Total Property Stolen & Recovered,26097,77240,1352937107,12613758173
Manipur,2009,Total Property,7. Total Property Stolen & Recovered,33,698,48045570,119195331
Meghalaya,2009,Total Property,7. Total Property Stolen & Recovered,201,895,9579430,53628510
Mizoram,2009,Total Property,7. Total Property Stolen & Recovered,820,1213,42121387,151610184
Nagaland,2009,Total Property,7. Total Property Stolen & Recovered,88,770,21476025,736004694
Odisha,2009,Total Property,7. Total Property Stolen & Recovered,4873,12250,221987559,2775976092
Puducherry,2009,Total Property,7. Total Property Stolen & Recovered,484,807,17989480,29088679
Punjab,2009,Total Property,7. Total Property Stolen & Recovered,5297,9626,551202680,872707482
Rajasthan,2009,Total Property,7. Total Property Stolen & Recovered,4519,18178,814204198,1475572408
Sikkim,2009,Total Property,7. Total Property Stolen & Recovered,54,163,1992410,11445805
Tamil Nadu,2009,Total Property,7. Total Property Stolen & Recovered,16645,21489,593385049,894346136
Tripura,2009,Total Property,7. Total Property Stolen & Recovered,242,826,7188915,55631705
Uttar Pradesh,2009,Total Property,7. Total Property Stolen & Recovered,8588,32243,501281580,1240903869
Uttarakhand,2009,Total Property,7. Total Property Stolen & Recovered,836,1791,31904184,94997882
West Bengal,2009,Total Property,7. Total Property Stolen & Recovered,4801,21586,223031097,1095102416
Andaman & Nicobar Islands,2010,Total Property,7. Total Property Stolen & Recovered,90,219,1877591,8005476
Andhra Pradesh,2010,Total Property,7. Total Property Stolen & Recovered,19848,36407,725079668,1533054566
Arunachal Pradesh,2010,Total Property,7. Total Property Stolen & Recovered,287,831,41183072,194577564
Assam,2010,Total Property,7. Total Property Stolen & Recovered,1974,13694,104395362,424234339
Bihar,2010,Total Property,7. Total Property Stolen & Recovered,3180,22727,74962835,547924668
Chandigarh,2010,Total Property,7. Total Property Stolen & Recovered,725,2055,52203913,120437559
Chhattisgarh,2010,Total Property,7. Total Property Stolen & Recovered,3623,10569,136704392,472964216
Dadra & Nagar Haveli,2010,Total Property,7. Total Property Stolen & Recovered,51,123,4187591,29755928
Daman & Diu,2010,Total Property,7. Total Property Stolen & Recovered,32,85,5469085,14016402
Delhi,2010,Total Property,7. Total Property Stolen & Recovered,6500,28118,201822779,4195381977
Goa,2010,Total Property,7. Total Property Stolen & Recovered,434,1483,23233792,231265838
Gujarat,2010,Total Property,7. Total Property Stolen & Recovered,7689,23839,472276132,3496820849
Haryana,2010,Total Property,7. Total Property Stolen & Recovered,8106,23549,659378421,1247668627
Himachal Pradesh,2010,Total Property,7. Total Property Stolen & Recovered,539,1709,60928343,190373429
Jammu & Kashmir,2010,Total Property,7. Total Property Stolen & Recovered,1351,3978,97683758,226297520
Jharkhand,2010,Total Property,7. Total Property Stolen & Recovered,2153,10318,63504472,472956236
Karnataka,2010,Total Property,7. Total Property Stolen & Recovered,10293,29717,999646710,2411483345
Kerala,2010,Total Property,7. Total Property Stolen & Recovered,3914,9982,200163315,2685755183
Lakshadweep,2010,Total Property,7. Total Property Stolen & Recovered,3,7,22000,43000
Madhya Pradesh,2010,Total Property,7. Total Property Stolen & Recovered,11549,34358,7470011363,8265789122
Maharashtra,2010,Total Property,7. Total Property Stolen & Recovered,27960,80663,2337827896,23776254525
Manipur,2010,Total Property,7. Total Property Stolen & Recovered,37,665,1728760,92424968
Meghalaya,2010,Total Property,7. Total Property Stolen & Recovered,232,952,10255264,61353634
Mizoram,2010,Total Property,7. Total Property Stolen & Recovered,1112,1371,25117966,49795319
Nagaland,2010,Total Property,7. Total Property Stolen & Recovered,125,785,35836810,373911241
Odisha,2010,Total Property,7. Total Property Stolen & Recovered,5690,12691,311033656,1116660883
Puducherry,2010,Total Property,7. Total Property Stolen & Recovered,325,625,18752582,30249484
Punjab,2010,Total Property,7. Total Property Stolen & Recovered,5885,9873,646232099,1056728815
Rajasthan,2010,Total Property,7. Total Property Stolen & Recovered,8551,28152,854388626,1395764020
Sikkim,2010,Total Property,7. Total Property Stolen & Recovered,38,134,1444190,9445146
Tamil Nadu,2010,Total Property,7. Total Property Stolen & Recovered,16125,21509,660311804,1317919190
Tripura,2010,Total Property,7. Total Property Stolen & Recovered,192,879,5666102,33032746
Uttar Pradesh,2010,Total Property,7. Total Property Stolen & Recovered,9130,35068,577591772,1442670414
Uttarakhand,2010,Total Property,7. Total Property Stolen & Recovered,964,2234,47135685,123398840
West Bengal,2010,Total Property,7. Total Property Stolen & Recovered,4548,23759,1168242161,5015168687
