Area_Name,Year,Group_Name,Sub_Group_Name,K_A_Cases_Reported,K_A_Female_10_18_Years,K_A_Female_18_30_Years,K_A_Female_30_50_Years,K_A_Female_Above_50_Years,K_A_Female_Total,K_A_Female_Upto_10_Years,K_A_Grand_Total,K_A_Male_10_18_Years,K_A_Male_18_30_Years,K_A_Male_30_50_Years,K_A_Male_Above_50_Years,K_A_Male_Total,K_A_Male_Upto_10_Years
Andhra Pradesh,2001,Kidnap - For Adoption,01. For Adoption,8,0,4,0,0,5,1,8,0,0,0,0,3,3
Arunachal Pradesh,2001,Kidnap - For Adoption,01. For Adoption,0,0,0,0,0,0,0,0,0,0,0,0,0,0
Assam,2001,Kidnap - For Adoption,01. For Adoption,0,0,0,0,0,0,0,0,0,0,0,0,0,0
Bihar,2001,Kidnap - For Adoption,01. For Adoption,18,0,0,0,0,0,0,18,0,15,3,0,18,0
Chandigarh,2001,Kidnap - For Adoption,01. For Adoption,0,0,0,0,0,0,0,0,0,0,0,0,0,0
Chhattisgarh,2001,Kidnap - For Adoption,01. For Adoption,6,3,3,0,0,6,0,6,0,0,0,0,0,0
Delhi,2001,Kidnap - For Adoption,01. For Adoption,5,1,0,0,0,1,0,7,1,1,2,0,6,2
Gujarat,2001,Kidnap - For Adoption,01. For Adoption,3,0,2,0,0,3,1,3,0,0,0,0,0,0
Haryana,2001,Kidnap - For Adoption,01. For Adoption,0,0,0,0,0,0,0,0,0,0,0,0,0,0
Himachal Pradesh,2001,Kidnap - For Adoption,01. For Adoption,0,0,0,0,0,0,0,0,0,0,0,0,0,0
Jammu & Kashmir,2001,Kidnap - For Adoption,01. For Adoption,2,0,0,0,0,0,0,2,1,0,0,0,2,1
Jharkhand,2001,Kidnap - For Adoption,01. For Adoption,0,0,0,0,0,0,0,0,0,0,0,0,0,0
Karnataka,2001,Kidnap - For Adoption,01. For Adoption,0,0,0,0,0,0,0,0,0,0,0,0,0,0
Maharashtra,2001,Kidnap - For Adoption,01. For Adoption,1,0,0,0,0,0,0,1,0,0,0,0,1,1
Meghalaya,2001,Kidnap - For Adoption,01. For Adoption,0,0,0,0,0,0,0,0,0,0,0,0,0,0
Mizoram,2001,Kidnap - For Adoption,01. For Adoption,0,0,0,0,0,0,0,0,0,0,0,0,0,0
Nagaland,2001,Kidnap - For Adoption,01. For Adoption,3,0,0,0,0,1,1,3,0,2,0,0,2,0
Odisha,2001,Kidnap - For Adoption,01. For Adoption,2,2,0,0,0,2,0,2,0,0,0,0,0,0
Punjab,2001,Kidnap - For Adoption,01. For Adoption,3,0,0,0,0,1,1,3,0,0,0,0,2,2
Rajasthan,2001,Kidnap - For Adoption,01. For Adoption,1,0,0,0,0,0,0,1,0,0,0,0,1,1
Sikkim,2001,Kidnap - For Adoption,01. For Adoption,6,0,0,0,0,0,0,7,0,6,1,0,7,0
Tamil Nadu,2001,Kidnap - For Adoption,01. For Adoption,22,17,4,0,0,22,1,22,0,0,0,0,0,0
Uttar Pradesh,2001,Kidnap - For Adoption,01. For Adoption,6,1,0,0,0,1,0,6,2,3,0,0,5,0
West Bengal,2001,Kidnap - For Adoption,01. For Adoption,3,2,0,0,0,2,0,3,0,1,0,0,1,0
Andhra Pradesh,2002,Kidnap - For Adoption,01. For Adoption,0,0,0,0,0,0,0,0,0,0,0,0,0,0
Assam,2002,Kidnap - For Adoption,01. For Adoption,0,0,0,0,0,0,0,0,0,0,0,0,0,0
Bihar,2002,Kidnap - For Adoption,01. For Adoption,3,0,0,0,0,1,1,3,0,2,0,0,2,0
Chhattisgarh,2002,Kidnap - For Adoption,01. For Adoption,0,0,0,0,0,0,0,0,0,0,0,0,0,0
Daman & Diu,2002,Kidnap - For Adoption,01. For Adoption,0,0,0,0,0,0,0,0,0,0,0,0,0,0
Delhi,2002,Kidnap - For Adoption,01. For Adoption,6,2,3,0,0,5,0,6,0,0,0,0,1,1
Gujarat,2002,Kidnap - For Adoption,01. For Adoption,2,1,0,0,0,1,0,2,0,1,0,0,1,0
Haryana,2002,Kidnap - For Adoption,01. For Adoption,0,0,0,0,0,0,0,0,0,0,0,0,0,0
Himachal Pradesh,2002,Kidnap - For Adoption,01. For Adoption,0,0,0,0,0,0,0,0,0,0,0,0,0,0
Jammu & Kashmir,2002,Kidnap - For Adoption,01. For Adoption,0,0,0,0,0,0,0,0,0,0,0,0,0,0
Jharkhand,2002,Kidnap - For Adoption,01. For Adoption,2,0,0,0,0,0,0,2,0,2,0,0,2,0
Karnataka,2002,Kidnap - For Adoption,01. For Adoption,2,1,0,0,0,1,0,2,0,1,0,0,1,0
Madhya Pradesh,2002,Kidnap - For Adoption,01. For Adoption,6,0,1,0,0,2,1,6,0,3,0,0,4,1
Maharashtra,2002,Kidnap - For Adoption,01. For Adoption,1,0,0,0,0,0,0,1,0,0,0,0,1,1
Meghalaya,2002,Kidnap - For Adoption,01. For Adoption,4,0,0,0,0,0,0,4,0,3,1,0,4,0
Nagaland,2002,Kidnap - For Adoption,01. For Adoption,0,0,0,0,0,0,0,0,0,0,0,0,0,0
Odisha,2002,Kidnap - For Adoption,01. For Adoption,1,0,0,0,0,0,0,1,0,1,0,0,1,0
Punjab,2002,Kidnap - For Adoption,01. For Adoption,3,3,0,0,0,3,0,3,0,0,0,0,0,0
Rajasthan,2002,Kidnap - For Adoption,01. For Adoption,1,0,0,0,0,1,1,1,0,0,0,0,0,0
Tamil Nadu,2002,Kidnap - For Adoption,01. For Adoption,36,22,14,0,0,36,0,36,0,0,0,0,0,0
Tripura,2002,Kidnap - For Adoption,01. For Adoption,0,0,0,0,0,0,0,0,0,0,0,0,0,0
Uttar Pradesh,2002,Kidnap - For Adoption,01. For Adoption,8,1,0,0,0,1,0,8,0,6,1,0,7,0
West Bengal,2002,Kidnap - For Adoption,01. For Adoption,11,0,11,0,0,11,0,11,0,0,0,0,0,0
Andhra Pradesh,2003,Kidnap - For Adoption,01. For Adoption,0,0,0,0,0,0,0,0,0,0,0,0,0,0
Arunachal Pradesh,2003,Kidnap - For Adoption,01. For Adoption,0,0,0,0,0,0,0,0,0,0,0,0,0,0
Assam,2003,Kidnap - For Adoption,01. For Adoption,4,0,4,0,0,4,0,4,0,0,0,0,0,0
Bihar,2003,Kidnap - For Adoption,01. For Adoption,0,0,0,0,0,0,0,0,0,0,0,0,0,0
Chandigarh,2003,Kidnap - For Adoption,01. For Adoption,0,0,0,0,0,0,0,0,0,0,0,0,0,0
Chhattisgarh,2003,Kidnap - For Adoption,01. For Adoption,0,0,0,0,0,0,0,0,0,0,0,0,0,0
Daman & Diu,2003,Kidnap - For Adoption,01. For Adoption,0,0,0,0,0,0,0,0,0,0,0,0,0,0
Delhi,2003,Kidnap - For Adoption,01. For Adoption,8,2,2,0,0,5,1,8,0,0,0,0,3,3
Gujarat,2003,Kidnap - For Adoption,01. For Adoption,0,0,0,0,0,0,0,0,0,0,0,0,0,0
Haryana,2003,Kidnap - For Adoption,01. For Adoption,0,0,0,0,0,0,0,0,0,0,0,0,0,0
Himachal Pradesh,2003,Kidnap - For Adoption,01. For Adoption,0,0,0,0,0,0,0,0,0,0,0,0,0,0
Jammu & Kashmir,2003,Kidnap - For Adoption,01. For Adoption,0,0,0,0,0,0,0,0,0,0,0,0,0,0
Jharkhand,2003,Kidnap - For Adoption,01. For Adoption,1,0,0,0,0,0,0,1,0,1,0,0,1,0
Karnataka,2003,Kidnap - For Adoption,01. For Adoption,2,0,0,0,0,0,0,2,0,1,0,0,2,1
Madhya Pradesh,2003,Kidnap - For Adoption,01. For Adoption,2,1,0,0,0,1,0,2,0,0,0,0,1,1
Maharashtra,2003,Kidnap - For Adoption,01. For Adoption,7,1,5,0,0,7,1,7,0,0,0,0,0,0
Meghalaya,2003,Kidnap - For Adoption,01. For Adoption,0,0,0,0,0,0,0,0,0,0,0,0,0,0
Nagaland,2003,Kidnap - For Adoption,01. For Adoption,0,0,0,0,0,0,0,0,0,0,0,0,0,0
Odisha,2003,Kidnap - For Adoption,01. For Adoption,0,0,0,0,0,0,0,0,0,0,0,0,0,0
Puducherry,2003,Kidnap - For Adoption,01. For Adoption,0,0,0,0,0,0,0,0,0,0,0,0,0,0
Punjab,2003,Kidnap - For Adoption,01. For Adoption,7,0,0,0,0,3,3,7,0,3,0,0,4,1
Tamil Nadu,2003,Kidnap - For Adoption,01. For Adoption,21,6,4,0,0,10,0,21,0,5,6,0,11,0
Uttar Pradesh,2003,Kidnap - For Adoption,01. For Adoption,8,0,3,0,0,3,0,8,0,4,1,0,5,0
West Bengal,2003,Kidnap - For Adoption,01. For Adoption,0,0,0,0,0,0,0,0,0,0,0,0,0,0
Andhra Pradesh,2004,Kidnap - For Adoption,01. For Adoption,1,0,0,0,0,0,0,1,0,1,0,0,1,0
Arunachal Pradesh,2004,Kidnap - For Adoption,01. For Adoption,0,0,0,0,0,0,0,0,0,0,0,0,0,0
Assam,2004,Kidnap - For Adoption,01. For Adoption,0,0,0,0,0,0,0,0,0,0,0,0,0,0
Bihar,2004,Kidnap - For Adoption,01. For Adoption,8,0,3,0,0,3,0,8,0,5,0,0,5,0
Chhattisgarh,2004,Kidnap - For Adoption,01. For Adoption,0,0,0,0,0,0,0,0,0,0,0,0,0,0
Gujarat,2004,Kidnap - For Adoption,01. For Adoption,1,0,0,0,0,1,1,1,0,0,0,0,0,0
Himachal Pradesh,2004,Kidnap - For Adoption,01. For Adoption,0,0,0,0,0,0,0,0,0,0,0,0,0,0
Jharkhand,2004,Kidnap - For Adoption,01. For Adoption,1,0,0,0,0,0,0,1,0,1,0,0,1,0
Karnataka,2004,Kidnap - For Adoption,01. For Adoption,1,0,0,0,0,0,0,1,0,0,0,0,1,1
Kerala,2004,Kidnap - For Adoption,01. For Adoption,3,0,0,0,0,3,3,3,0,0,0,0,0,0
Madhya Pradesh,2004,Kidnap - For Adoption,01. For Adoption,2,1,0,0,0,1,0,2,0,0,0,0,1,1
Maharashtra,2004,Kidnap - For Adoption,01. For Adoption,3,0,0,0,0,1,1,3,0,0,0,0,2,2
Manipur,2004,Kidnap - For Adoption,01. For Adoption,0,0,0,0,0,0,0,0,0,0,0,0,0,0
Meghalaya,2004,Kidnap - For Adoption,01. For Adoption,0,0,0,0,0,0,0,0,0,0,0,0,0,0
Mizoram,2004,Kidnap - For Adoption,01. For Adoption,5,0,0,0,0,0,0,5,0,5,0,0,5,0
Nagaland,2004,Kidnap - For Adoption,01. For Adoption,0,0,0,0,0,0,0,0,0,0,0,0,0,0
Odisha,2004,Kidnap - For Adoption,01. For Adoption,0,0,0,0,0,0,0,0,0,0,0,0,0,0
Puducherry,2004,Kidnap - For Adoption,01. For Adoption,0,0,0,0,0,0,0,0,0,0,0,0,0,0
Punjab,2004,Kidnap - For Adoption,01. For Adoption,1,0,0,0,0,0,0,1,0,0,0,0,1,1
Tamil Nadu,2004,Kidnap - For Adoption,01. For Adoption,5,2,3,0,0,5,0,5,0,0,0,0,0,0
Uttar Pradesh,2004,Kidnap - For Adoption,01. For Adoption,6,0,0,0,0,0,0,6,0,4,1,0,6,1
West Bengal,2004,Kidnap - For Adoption,01. For Adoption,18,0,9,0,0,10,1,18,0,6,2,0,8,0
Andhra Pradesh,2005,Kidnap - For Adoption,01. For Adoption,3,0,2,0,0,3,1,3,0,0,0,0,0,0
Arunachal Pradesh,2005,Kidnap - For Adoption,01. For Adoption,2,2,0,0,0,2,0,2,0,0,0,0,0,0
Assam,2005,Kidnap - For Adoption,01. For Adoption,2,2,0,0,0,2,0,2,0,0,0,0,0,0
Bihar,2005,Kidnap - For Adoption,01. For Adoption,26,0,0,3,0,3,0,26,0,17,6,0,23,0
Chandigarh,2005,Kidnap - For Adoption,01. For Adoption,0,0,0,0,0,0,0,0,0,0,0,0,0,0
Chhattisgarh,2005,Kidnap - For Adoption,01. For Adoption,0,0,0,0,0,0,0,0,0,0,0,0,0,0
Delhi,2005,Kidnap - For Adoption,01. For Adoption,2,0,0,0,0,1,1,2,0,0,0,0,1,1
Gujarat,2005,Kidnap - For Adoption,01. For Adoption,0,0,0,0,0,0,0,0,0,0,0,0,0,0
Haryana,2005,Kidnap - For Adoption,01. For Adoption,17,10,1,0,0,11,0,18,3,3,0,0,7,1
Himachal Pradesh,2005,Kidnap - For Adoption,01. For Adoption,0,0,0,0,0,0,0,0,0,0,0,0,0,0
Jammu & Kashmir,2005,Kidnap - For Adoption,01. For Adoption,0,0,0,0,0,0,0,0,0,0,0,0,0,0
Jharkhand,2005,Kidnap - For Adoption,01. For Adoption,1,0,0,0,0,0,0,1,0,1,0,0,1,0
Karnataka,2005,Kidnap - For Adoption,01. For Adoption,1,0,0,0,0,0,0,1,0,0,0,0,1,1
Madhya Pradesh,2005,Kidnap - For Adoption,01. For Adoption,6,6,0,0,0,6,0,6,0,0,0,0,0,0
Maharashtra,2005,Kidnap - For Adoption,01. For Adoption,12,7,0,0,0,8,1,12,0,1,0,0,4,3
Manipur,2005,Kidnap - For Adoption,01. For Adoption,0,0,0,0,0,0,0,0,0,0,0,0,0,0
Meghalaya,2005,Kidnap - For Adoption,01. For Adoption,0,0,0,0,0,0,0,0,0,0,0,0,0,0
Mizoram,2005,Kidnap - For Adoption,01. For Adoption,3,0,0,0,0,0,0,3,0,3,0,0,3,0
Nagaland,2005,Kidnap - For Adoption,01. For Adoption,0,0,0,0,0,0,0,0,0,0,0,0,0,0
Odisha,2005,Kidnap - For Adoption,01. For Adoption,0,0,0,0,0,0,0,0,0,0,0,0,0,0
Punjab,2005,Kidnap - For Adoption,01. For Adoption,2,0,0,0,0,0,0,2,0,0,0,0,2,2
Tamil Nadu,2005,Kidnap - For Adoption,01. For Adoption,33,0,24,0,0,24,0,33,0,0,9,0,9,0
Tripura,2005,Kidnap - For Adoption,01. For Adoption,0,0,0,0,0,0,0,0,0,0,0,0,0,0
Uttar Pradesh,2005,Kidnap - For Adoption,01. For Adoption,0,0,0,0,0,0,0,0,0,0,0,0,0,0
West Bengal,2005,Kidnap - For Adoption,01. For Adoption,0,0,0,0,0,0,0,0,0,0,0,0,0,0
Andhra Pradesh,2006,Kidnap - For Adoption,01. For Adoption,0,0,0,0,0,0,0,0,0,0,0,0,0,0
Arunachal Pradesh,2006,Kidnap - For Adoption,01. For Adoption,0,0,0,0,0,0,0,0,0,0,0,0,0,0
Assam,2006,Kidnap - For Adoption,01. For Adoption,0,0,0,0,0,0,0,0,0,0,0,0,0,0
Bihar,2006,Kidnap - For Adoption,01. For Adoption,50,0,0,0,0,0,0,50,0,50,0,0,50,0
Chhattisgarh,2006,Kidnap - For Adoption,01. For Adoption,0,0,0,0,0,0,0,0,0,0,0,0,0,0
Delhi,2006,Kidnap - For Adoption,01. For Adoption,4,2,0,0,0,3,1,4,0,0,0,0,1,1
Gujarat,2006,Kidnap - For Adoption,01. For Adoption,2,0,0,0,0,0,0,2,0,0,0,0,2,2
Himachal Pradesh,2006,Kidnap - For Adoption,01. For Adoption,1,0,0,0,0,0,0,1,0,0,0,0,1,1
Jammu & Kashmir,2006,Kidnap - For Adoption,01. For Adoption,0,0,0,0,0,0,0,0,0,0,0,0,0,0
Jharkhand,2006,Kidnap - For Adoption,01. For Adoption,2,0,0,0,0,0,0,2,0,2,0,0,2,0
Karnataka,2006,Kidnap - For Adoption,01. For Adoption,11,0,0,0,0,0,0,11,0,6,5,0,11,0
Kerala,2006,Kidnap - For Adoption,01. For Adoption,3,0,0,0,0,1,1,3,0,0,0,0,2,2
Madhya Pradesh,2006,Kidnap - For Adoption,01. For Adoption,4,3,0,0,0,3,0,4,1,0,0,0,1,0
Maharashtra,2006,Kidnap - For Adoption,01. For Adoption,13,1,0,1,0,3,1,13,3,3,2,1,10,1
Manipur,2006,Kidnap - For Adoption,01. For Adoption,0,0,0,0,0,0,0,0,0,0,0,0,0,0
Meghalaya,2006,Kidnap - For Adoption,01. For Adoption,0,0,0,0,0,0,0,0,0,0,0,0,0,0
Mizoram,2006,Kidnap - For Adoption,01. For Adoption,0,0,0,0,0,0,0,0,0,0,0,0,0,0
Nagaland,2006,Kidnap - For Adoption,01. For Adoption,0,0,0,0,0,0,0,0,0,0,0,0,0,0
Odisha,2006,Kidnap - For Adoption,01. For Adoption,4,1,3,0,0,4,0,4,0,0,0,0,0,0
Punjab,2006,Kidnap - For Adoption,01. For Adoption,1,0,0,0,0,0,0,1,0,0,0,0,1,1
Tamil Nadu,2006,Kidnap - For Adoption,01. For Adoption,12,0,10,0,0,10,0,12,0,1,0,0,2,1
Tripura,2006,Kidnap - For Adoption,01. For Adoption,0,0,0,0,0,0,0,0,0,0,0,0,0,0
Uttar Pradesh,2006,Kidnap - For Adoption,01. For Adoption,0,0,0,0,0,0,0,0,0,0,0,0,0,0
West Bengal,2006,Kidnap - For Adoption,01. For Adoption,0,0,0,0,0,0,0,0,0,0,0,0,0,0
Andhra Pradesh,2007,Kidnap - For Adoption,01. For Adoption,5,0,2,0,0,2,0,5,1,1,0,0,3,1
Arunachal Pradesh,2007,Kidnap - For Adoption,01. For Adoption,0,0,0,0,0,0,0,0,0,0,0,0,0,0
Assam,2007,Kidnap - For Adoption,01. For Adoption,0,0,0,0,0,0,0,0,0,0,0,0,0,0
Bihar,2007,Kidnap - For Adoption,01. For Adoption,62,0,0,0,0,0,0,62,15,38,3,0,62,6
Chhattisgarh,2007,Kidnap - For Adoption,01. For Adoption,1,0,0,0,0,0,0,1,0,0,1,0,1,0
Gujarat,2007,Kidnap - For Adoption,01. For Adoption,0,0,0,0,0,0,0,0,0,0,0,0,0,0
Haryana,2007,Kidnap - For Adoption,01. For Adoption,2,1,0,0,0,2,1,2,0,0,0,0,0,0
Himachal Pradesh,2007,Kidnap - For Adoption,01. For Adoption,0,0,0,0,0,0,0,0,0,0,0,0,0,0
Jammu & Kashmir,2007,Kidnap - For Adoption,01. For Adoption,2,1,1,0,0,2,0,2,0,0,0,0,0,0
Karnataka,2007,Kidnap - For Adoption,01. For Adoption,2,0,2,0,0,2,0,2,0,0,0,0,0,0
Kerala,2007,Kidnap - For Adoption,01. For Adoption,1,0,0,0,0,0,0,1,0,0,0,0,1,1
Madhya Pradesh,2007,Kidnap - For Adoption,01. For Adoption,8,6,2,0,0,8,0,8,0,0,0,0,0,0
Maharashtra,2007,Kidnap - For Adoption,01. For Adoption,1,0,0,0,0,0,0,1,0,0,0,0,1,1
Manipur,2007,Kidnap - For Adoption,01. For Adoption,0,0,0,0,0,0,0,0,0,0,0,0,0,0
Meghalaya,2007,Kidnap - For Adoption,01. For Adoption,0,0,0,0,0,0,0,0,0,0,0,0,0,0
Mizoram,2007,Kidnap - For Adoption,01. For Adoption,0,0,0,0,0,0,0,0,0,0,0,0,0,0
Nagaland,2007,Kidnap - For Adoption,01. For Adoption,0,0,0,0,0,0,0,0,0,0,0,0,0,0
Odisha,2007,Kidnap - For Adoption,01. For Adoption,40,2,33,2,0,37,0,40,0,3,0,0,3,0
Puducherry,2007,Kidnap - For Adoption,01. For Adoption,0,0,0,0,0,0,0,0,0,0,0,0,0,0
Punjab,2007,Kidnap - For Adoption,01. For Adoption,0,0,0,0,0,0,0,0,0,0,0,0,0,0
Rajasthan,2007,Kidnap - For Adoption,01. For Adoption,1,0,0,0,0,0,0,1,0,1,0,0,1,0
Tamil Nadu,2007,Kidnap - For Adoption,01. For Adoption,6,0,3,3,0,6,0,6,0,0,0,0,0,0
West Bengal,2007,Kidnap - For Adoption,01. For Adoption,0,0,0,0,0,0,0,0,0,0,0,0,0,0
Andhra Pradesh,2008,Kidnap - For Adoption,01. For Adoption,0,0,0,0,0,0,0,0,0,0,0,0,0,0
Arunachal Pradesh,2008,Kidnap - For Adoption,01. For Adoption,0,0,0,0,0,0,0,0,0,0,0,0,0,0
Assam,2008,Kidnap - For Adoption,01. For Adoption,0,0,0,0,0,0,0,0,0,0,0,0,0,0
Bihar,2008,Kidnap - For Adoption,01. For Adoption,72,0,0,0,0,0,0,72,12,36,22,0,72,2
Chhattisgarh,2008,Kidnap - For Adoption,01. For Adoption,0,0,0,0,0,0,0,0,0,0,0,0,0,0
Gujarat,2008,Kidnap - For Adoption,01. For Adoption,2,0,0,0,0,0,0,2,0,1,1,0,2,0
Haryana,2008,Kidnap - For Adoption,01. For Adoption,0,0,0,0,0,0,0,0,0,0,0,0,0,0
Himachal Pradesh,2008,Kidnap - For Adoption,01. For Adoption,0,0,0,0,0,0,0,0,0,0,0,0,0,0
Jammu & Kashmir,2008,Kidnap - For Adoption,01. For Adoption,5,0,2,0,0,3,1,5,0,1,0,0,2,1
Jharkhand,2008,Kidnap - For Adoption,01. For Adoption,7,0,0,0,0,0,0,7,6,0,0,0,7,1
Karnataka,2008,Kidnap - For Adoption,01. For Adoption,0,0,0,0,0,0,0,0,0,0,0,0,0,0
Madhya Pradesh,2008,Kidnap - For Adoption,01. For Adoption,10,7,0,0,0,7,0,10,0,0,0,2,3,1
Maharashtra,2008,Kidnap - For Adoption,01. For Adoption,2,0,0,0,0,0,0,2,0,0,0,0,2,2
Manipur,2008,Kidnap - For Adoption,01. For Adoption,0,0,0,0,0,0,0,0,0,0,0,0,0,0
Meghalaya,2008,Kidnap - For Adoption,01. For Adoption,0,0,0,0,0,0,0,0,0,0,0,0,0,0
Mizoram,2008,Kidnap - For Adoption,01. For Adoption,0,0,0,0,0,0,0,0,0,0,0,0,0,0
Nagaland,2008,Kidnap - For Adoption,01. For Adoption,0,0,0,0,0,0,0,0,0,0,0,0,0,0
Odisha,2008,Kidnap - For Adoption,01. For Adoption,13,0,7,1,0,8,0,13,0,0,5,0,5,0
Puducherry,2008,Kidnap - For Adoption,01. For Adoption,0,0,0,0,0,0,0,0,0,0,0,0,0,0
Punjab,2008,Kidnap - For Adoption,01. For Adoption,28,0,24,1,0,25,0,28,0,3,0,0,3,0
Sikkim,2008,Kidnap - For Adoption,01. For Adoption,1,0,1,0,0,1,0,1,0,0,0,0,0,0
Tamil Nadu,2008,Kidnap - For Adoption,01. For Adoption,4,0,3,0,0,4,1,4,0,0,0,0,0,0
West Bengal,2008,Kidnap - For Adoption,01. For Adoption,0,0,0,0,0,0,0,0,0,0,0,0,0,0
Andhra Pradesh,2009,Kidnap - For Adoption,01. For Adoption,0,0,0,0,0,0,0,0,0,0,0,0,0,0
Arunachal Pradesh,2009,Kidnap - For Adoption,01. For Adoption,0,0,0,0,0,0,0,0,0,0,0,0,0,0
Assam,2009,Kidnap - For Adoption,01. For Adoption,0,0,0,0,0,0,0,0,0,0,0,0,0,0
Bihar,2009,Kidnap - For Adoption,01. For Adoption,11,0,0,0,0,0,0,11,9,2,0,0,11,0
Chandigarh,2009,Kidnap - For Adoption,01. For Adoption,0,0,0,0,0,0,0,0,0,0,0,0,0,0
Chhattisgarh,2009,Kidnap - For Adoption,01. For Adoption,2,2,0,0,0,2,0,2,0,0,0,0,0,0
Dadra & Nagar Haveli,2009,Kidnap - For Adoption,01. For Adoption,1,0,0,0,0,0,0,1,0,0,0,0,1,1
Delhi,2009,Kidnap - For Adoption,01. For Adoption,5,0,0,0,0,1,1,5,2,0,0,0,4,2
Gujarat,2009,Kidnap - For Adoption,01. For Adoption,2,0,0,0,0,0,0,2,0,1,0,0,2,1
Haryana,2009,Kidnap - For Adoption,01. For Adoption,0,0,0,0,0,0,0,0,0,0,0,0,0,0
Himachal Pradesh,2009,Kidnap - For Adoption,01. For Adoption,0,0,0,0,0,0,0,0,0,0,0,0,0,0
Jammu & Kashmir,2009,Kidnap - For Adoption,01. For Adoption,1,1,0,0,0,1,0,1,0,0,0,0,0,0
Karnataka,2009,Kidnap - For Adoption,01. For Adoption,0,0,0,0,0,0,0,0,0,0,0,0,0,0
Madhya Pradesh,2009,Kidnap - For Adoption,01. For Adoption,23,20,0,0,0,20,0,23,2,0,0,0,3,1
Maharashtra,2009,Kidnap - For Adoption,01. For Adoption,2,0,0,0,0,0,0,3,0,2,1,0,3,0
Manipur,2009,Kidnap - For Adoption,01. For Adoption,0,0,0,0,0,0,0,0,0,0,0,0,0,0
Meghalaya,2009,Kidnap - For Adoption,01. For Adoption,0,0,0,0,0,0,0,0,0,0,0,0,0,0
Nagaland,2009,Kidnap - For Adoption,01. For Adoption,0,0,0,0,0,0,0,0,0,0,0,0,0,0
Odisha,2009,Kidnap - For Adoption,01. For Adoption,0,0,0,0,0,0,0,0,0,0,0,0,0,0
Puducherry,2009,Kidnap - For Adoption,01. For Adoption,0,0,0,0,0,0,0,0,0,0,0,0,0,0
Punjab,2009,Kidnap - For Adoption,01. For Adoption,1,0,0,0,0,0,0,1,0,0,0,0,1,1
Tamil Nadu,2009,Kidnap - For Adoption,01. For Adoption,1,0,0,0,0,1,1,1,0,0,0,0,0,0
West Bengal,2009,Kidnap - For Adoption,01. For Adoption,0,0,0,0,0,0,0,0,0,0,0,0,0,0
Andhra Pradesh,2010,Kidnap - For Adoption,01. For Adoption,3,0,0,0,0,0,0,3,0,0,2,0,3,1
Arunachal Pradesh,2010,Kidnap - For Adoption,01. For Adoption,0,0,0,0,0,0,0,0,0,0,0,0,0,0
Bihar,2010,Kidnap - For Adoption,01. For Adoption,6,0,0,0,0,0,0,6,2,1,2,0,6,1
Chhattisgarh,2010,Kidnap - For Adoption,01. For Adoption,3,3,0,0,0,3,0,3,0,0,0,0,0,0
Delhi,2010,Kidnap - For Adoption,01. For Adoption,1,0,0,0,0,0,0,1,0,0,0,0,1,1
Goa,2010,Kidnap - For Adoption,01. For Adoption,1,0,0,0,0,0,0,1,0,0,0,0,1,1
Gujarat,2010,Kidnap - For Adoption,01. For Adoption,0,0,0,0,0,0,0,0,0,0,0,0,0,0
Haryana,2010,Kidnap - For Adoption,01. For Adoption,2,0,0,0,0,0,0,2,0,0,0,0,2,2
Himachal Pradesh,2010,Kidnap - For Adoption,01. For Adoption,1,0,0,0,0,0,0,1,0,0,0,0,1,1
Jammu & Kashmir,2010,Kidnap - For Adoption,01. For Adoption,3,0,3,0,0,3,0,3,0,0,0,0,0,0
Jharkhand,2010,Kidnap - For Adoption,01. For Adoption,12,3,6,0,0,9,0,12,0,3,0,0,3,0
Karnataka,2010,Kidnap - For Adoption,01. For Adoption,1,0,0,0,0,1,1,1,0,0,0,0,0,0
Kerala,2010,Kidnap - For Adoption,01. For Adoption,0,0,0,0,0,0,0,0,0,0,0,0,0,0
Madhya Pradesh,2010,Kidnap - For Adoption,01. For Adoption,23,7,16,0,0,23,0,23,0,0,0,0,0,0
Maharashtra,2010,Kidnap - For Adoption,01. For Adoption,0,0,0,0,0,0,0,0,0,0,0,0,0,0
Manipur,2010,Kidnap - For Adoption,01. For Adoption,0,0,0,0,0,0,0,0,0,0,0,0,0,0
Meghalaya,2010,Kidnap - For Adoption,01. For Adoption,0,0,0,0,0,0,0,0,0,0,0,0,0,0
Mizoram,2010,Kidnap - For Adoption,01. For Adoption,0,0,0,0,0,0,0,0,0,0,0,0,0,0
Nagaland,2010,Kidnap - For Adoption,01. For Adoption,22,4,1,0,0,6,1,22,4,4,7,0,16,1
Odisha,2010,Kidnap - For Adoption,01. For Adoption,45,0,42,3,0,45,0,45,0,0,0,0,0,0
Punjab,2010,Kidnap - For Adoption,01. For Adoption,3,0,0,0,0,1,1,3,0,0,0,0,2,2
Tamil Nadu,2010,Kidnap - For Adoption,01. For Adoption,0,0,0,0,0,0,0,0,0,0,0,0,0,0
Uttar Pradesh,2010,Kidnap - For Adoption,01. For Adoption,1,0,0,0,0,0,0,1,0,0,0,0,1,1
West Bengal,2010,Kidnap - For Adoption,01. For Adoption,0,0,0,0,0,0,0,0,0,0,0,0,0,0
Andhra Pradesh,2001,Kidnap - For Begging,02. For Begging,2,0,0,0,0,0,0,2,2,0,0,0,2,0
Arunachal Pradesh,2001,Kidnap - For Begging,02. For Begging,0,0,0,0,0,0,0,0,0,0,0,0,0,0
Assam,2001,Kidnap - For Begging,02. For Begging,6,2,1,0,0,3,0,6,1,2,0,0,3,0
Bihar,2001,Kidnap - For Begging,02. For Begging,0,0,0,0,0,0,0,0,0,0,0,0,0,0
Chandigarh,2001,Kidnap - For Begging,02. For Begging,0,0,0,0,0,0,0,0,0,0,0,0,0,0
Chhattisgarh,2001,Kidnap - For Begging,02. For Begging,9,8,0,1,0,9,0,9,0,0,0,0,0,0
Gujarat,2001,Kidnap - For Begging,02. For Begging,0,0,0,0,0,0,0,0,0,0,0,0,0,0
Haryana,2001,Kidnap - For Begging,02. For Begging,1,0,1,0,0,1,0,2,0,0,0,0,1,1
Himachal Pradesh,2001,Kidnap - For Begging,02. For Begging,0,0,0,0,0,0,0,0,0,0,0,0,0,0
Jammu & Kashmir,2001,Kidnap - For Begging,02. For Begging,1,0,0,0,0,0,0,1,0,0,0,0,1,1
Jharkhand,2001,Kidnap - For Begging,02. For Begging,0,0,0,0,0,0,0,0,0,0,0,0,0,0
Karnataka,2001,Kidnap - For Begging,02. For Begging,0,0,0,0,0,0,0,0,0,0,0,0,0,0
Kerala,2001,Kidnap - For Begging,02. For Begging,1,0,0,0,0,0,0,1,1,0,0,0,1,0
Maharashtra,2001,Kidnap - For Begging,02. For Begging,2,0,0,0,0,1,1,2,0,0,0,0,1,1
Meghalaya,2001,Kidnap - For Begging,02. For Begging,0,0,0,0,0,0,0,0,0,0,0,0,0,0
Mizoram,2001,Kidnap - For Begging,02. For Begging,0,0,0,0,0,0,0,0,0,0,0,0,0,0
Nagaland,2001,Kidnap - For Begging,02. For Begging,0,0,0,0,0,0,0,0,0,0,0,0,0,0
Odisha,2001,Kidnap - For Begging,02. For Begging,0,0,0,0,0,0,0,0,0,0,0,0,0,0
Punjab,2001,Kidnap - For Begging,02. For Begging,1,0,0,0,0,0,0,1,0,0,0,0,1,1
Tamil Nadu,2001,Kidnap - For Begging,02. For Begging,0,0,0,0,0,0,0,0,0,0,0,0,0,0
Uttar Pradesh,2001,Kidnap - For Begging,02. For Begging,5,0,0,0,0,0,0,5,2,0,0,0,5,3
West Bengal,2001,Kidnap - For Begging,02. For Begging,0,0,0,0,0,0,0,0,0,0,0,0,0,0
Andhra Pradesh,2002,Kidnap - For Begging,02. For Begging,6,0,1,0,0,1,0,6,0,4,0,0,5,1
Assam,2002,Kidnap - For Begging,02. For Begging,9,0,0,0,0,0,0,0,0,0,0,0,0,0
Bihar,2002,Kidnap - For Begging,02. For Begging,0,0,0,0,0,0,0,0,0,0,0,0,0,0
Chhattisgarh,2002,Kidnap - For Begging,02. For Begging,0,0,0,0,0,0,0,0,0,0,0,0,0,0
Daman & Diu,2002,Kidnap - For Begging,02. For Begging,0,0,0,0,0,0,0,0,0,0,0,0,0,0
Gujarat,2002,Kidnap - For Begging,02. For Begging,0,0,0,0,0,0,0,0,0,0,0,0,0,0
Haryana,2002,Kidnap - For Begging,02. For Begging,0,0,0,0,0,0,0,0,0,0,0,0,0,0
Himachal Pradesh,2002,Kidnap - For Begging,02. For Begging,0,0,0,0,0,0,0,0,0,0,0,0,0,0
Jammu & Kashmir,2002,Kidnap - For Begging,02. For Begging,0,0,0,0,0,0,0,0,0,0,0,0,0,0
Karnataka,2002,Kidnap - For Begging,02. For Begging,0,0,0,0,0,0,0,0,0,0,0,0,0,0
Kerala,2002,Kidnap - For Begging,02. For Begging,3,0,1,0,0,2,1,3,0,0,0,0,1,1
Madhya Pradesh,2002,Kidnap - For Begging,02. For Begging,0,0,0,0,0,0,0,0,0,0,0,0,0,0
Maharashtra,2002,Kidnap - For Begging,02. For Begging,2,0,0,0,0,0,0,2,1,0,0,0,2,1
Meghalaya,2002,Kidnap - For Begging,02. For Begging,0,0,0,0,0,0,0,0,0,0,0,0,0,0
Nagaland,2002,Kidnap - For Begging,02. For Begging,0,0,0,0,0,0,0,0,0,0,0,0,0,0
Odisha,2002,Kidnap - For Begging,02. For Begging,0,0,0,0,0,0,0,0,0,0,0,0,0,0
Punjab,2002,Kidnap - For Begging,02. For Begging,0,0,0,0,0,0,0,0,0,0,0,0,0,0
Rajasthan,2002,Kidnap - For Begging,02. For Begging,1,0,0,0,0,1,1,1,0,0,0,0,0,0
Tamil Nadu,2002,Kidnap - For Begging,02. For Begging,0,0,0,0,0,0,0,0,0,0,0,0,0,0
Tripura,2002,Kidnap - For Begging,02. For Begging,0,0,0,0,0,0,0,0,0,0,0,0,0,0
Uttar Pradesh,2002,Kidnap - For Begging,02. For Begging,1,0,0,0,0,0,0,1,1,0,0,0,1,0
West Bengal,2002,Kidnap - For Begging,02. For Begging,1,0,0,0,0,0,0,1,0,0,0,0,1,1
Andhra Pradesh,2003,Kidnap - For Begging,02. For Begging,1,0,0,0,0,1,1,1,0,0,0,0,0,0
Arunachal Pradesh,2003,Kidnap - For Begging,02. For Begging,0,0,0,0,0,0,0,0,0,0,0,0,0,0
Assam,2003,Kidnap - For Begging,02. For Begging,0,0,0,0,0,0,0,0,0,0,0,0,0,0
Bihar,2003,Kidnap - For Begging,02. For Begging,0,0,0,0,0,0,0,0,0,0,0,0,0,0
Chandigarh,2003,Kidnap - For Begging,02. For Begging,0,0,0,0,0,0,0,0,0,0,0,0,0,0
Chhattisgarh,2003,Kidnap - For Begging,02. For Begging,0,0,0,0,0,0,0,0,0,0,0,0,0,0
Daman & Diu,2003,Kidnap - For Begging,02. For Begging,0,0,0,0,0,0,0,0,0,0,0,0,0,0
Gujarat,2003,Kidnap - For Begging,02. For Begging,0,0,0,0,0,0,0,0,0,0,0,0,0,0
Haryana,2003,Kidnap - For Begging,02. For Begging,1,0,1,0,0,1,0,1,0,0,0,0,0,0
Himachal Pradesh,2003,Kidnap - For Begging,02. For Begging,0,0,0,0,0,0,0,0,0,0,0,0,0,0
Jammu & Kashmir,2003,Kidnap - For Begging,02. For Begging,0,0,0,0,0,0,0,0,0,0,0,0,0,0
Jharkhand,2003,Kidnap - For Begging,02. For Begging,0,0,0,0,0,0,0,0,0,0,0,0,0,0
Karnataka,2003,Kidnap - For Begging,02. For Begging,0,0,0,0,0,0,0,0,0,0,0,0,0,0
Kerala,2003,Kidnap - For Begging,02. For Begging,3,0,0,0,0,1,1,3,0,0,0,0,2,2
Madhya Pradesh,2003,Kidnap - For Begging,02. For Begging,0,0,0,0,0,0,0,0,0,0,0,0,0,0
Maharashtra,2003,Kidnap - For Begging,02. For Begging,2,0,0,0,0,2,2,2,0,0,0,0,0,0
Meghalaya,2003,Kidnap - For Begging,02. For Begging,0,0,0,0,0,0,0,0,0,0,0,0,0,0
Nagaland,2003,Kidnap - For Begging,02. For Begging,0,0,0,0,0,0,0,0,0,0,0,0,0,0
Odisha,2003,Kidnap - For Begging,02. For Begging,0,0,0,0,0,0,0,0,0,0,0,0,0,0
Punjab,2003,Kidnap - For Begging,02. For Begging,0,0,0,0,0,0,0,0,0,0,0,0,0,0
Tamil Nadu,2003,Kidnap - For Begging,02. For Begging,0,0,0,0,0,0,0,0,0,0,0,0,0,0
West Bengal,2003,Kidnap - For Begging,02. For Begging,0,0,0,0,0,0,0,0,0,0,0,0,0,0
Andhra Pradesh,2004,Kidnap - For Begging,02. For Begging,0,0,0,0,0,0,0,0,0,0,0,0,0,0
Arunachal Pradesh,2004,Kidnap - For Begging,02. For Begging,0,0,0,0,0,0,0,0,0,0,0,0,0,0
Assam,2004,Kidnap - For Begging,02. For Begging,0,0,0,0,0,0,0,0,0,0,0,0,0,0
Bihar,2004,Kidnap - For Begging,02. For Begging,1,0,0,0,0,0,0,1,1,0,0,0,1,0
Chandigarh,2004,Kidnap - For Begging,02. For Begging,1,0,0,0,0,0,0,2,0,0,0,0,2,2
Chhattisgarh,2004,Kidnap - For Begging,02. For Begging,1,0,0,0,0,1,1,1,0,0,0,0,0,0
Gujarat,2004,Kidnap - For Begging,02. For Begging,0,0,0,0,0,0,0,0,0,0,0,0,0,0
Haryana,2004,Kidnap - For Begging,02. For Begging,1,0,0,0,0,0,0,1,0,0,0,0,1,1
Himachal Pradesh,2004,Kidnap - For Begging,02. For Begging,0,0,0,0,0,0,0,0,0,0,0,0,0,0
Karnataka,2004,Kidnap - For Begging,02. For Begging,2,0,0,0,0,0,0,2,0,0,0,0,2,2
Madhya Pradesh,2004,Kidnap - For Begging,02. For Begging,2,0,0,0,0,0,0,2,0,0,0,0,2,2
Maharashtra,2004,Kidnap - For Begging,02. For Begging,5,0,0,0,0,5,5,6,0,0,0,0,1,1
Manipur,2004,Kidnap - For Begging,02. For Begging,0,0,0,0,0,0,0,0,0,0,0,0,0,0
Meghalaya,2004,Kidnap - For Begging,02. For Begging,0,0,0,0,0,0,0,0,0,0,0,0,0,0
Mizoram,2004,Kidnap - For Begging,02. For Begging,0,0,0,0,0,0,0,0,0,0,0,0,0,0
Nagaland,2004,Kidnap - For Begging,02. For Begging,0,0,0,0,0,0,0,0,0,0,0,0,0,0
Odisha,2004,Kidnap - For Begging,02. For Begging,0,0,0,0,0,0,0,0,0,0,0,0,0,0
Punjab,2004,Kidnap - For Begging,02. For Begging,0,0,0,0,0,0,0,0,0,0,0,0,0,0
Rajasthan,2004,Kidnap - For Begging,02. For Begging,1,1,0,0,0,1,0,1,0,0,0,0,0,0
Tamil Nadu,2004,Kidnap - For Begging,02. For Begging,0,0,0,0,0,0,0,0,0,0,0,0,0,0
Uttar Pradesh,2004,Kidnap - For Begging,02. For Begging,4,1,0,0,0,1,0,4,1,0,0,0,3,2
West Bengal,2004,Kidnap - For Begging,02. For Begging,0,0,0,0,0,0,0,0,0,0,0,0,0,0
Andhra Pradesh,2005,Kidnap - For Begging,02. For Begging,2,1,0,0,0,1,0,2,0,1,0,0,1,0
Arunachal Pradesh,2005,Kidnap - For Begging,02. For Begging,0,0,0,0,0,0,0,0,0,0,0,0,0,0
Assam,2005,Kidnap - For Begging,02. For Begging,0,0,0,0,0,0,0,0,0,0,0,0,0,0
Bihar,2005,Kidnap - For Begging,02. For Begging,0,0,0,0,0,0,0,0,0,0,0,0,0,0
Chandigarh,2005,Kidnap - For Begging,02. For Begging,0,0,0,0,0,0,0,0,0,0,0,0,0,0
Chhattisgarh,2005,Kidnap - For Begging,02. For Begging,0,0,0,0,0,0,0,0,0,0,0,0,0,0
Delhi,2005,Kidnap - For Begging,02. For Begging,2,0,0,0,0,1,1,3,0,0,0,0,2,2
Goa,2005,Kidnap - For Begging,02. For Begging,1,0,0,0,0,0,0,1,1,0,0,0,1,0
Gujarat,2005,Kidnap - For Begging,02. For Begging,2,0,0,1,0,3,2,4,1,0,0,0,1,0
Haryana,2005,Kidnap - For Begging,02. For Begging,1,0,0,0,0,1,1,1,0,0,0,0,0,0
Himachal Pradesh,2005,Kidnap - For Begging,02. For Begging,0,0,0,0,0,0,0,0,0,0,0,0,0,0
Jammu & Kashmir,2005,Kidnap - For Begging,02. For Begging,0,0,0,0,0,0,0,0,0,0,0,0,0,0
Jharkhand,2005,Kidnap - For Begging,02. For Begging,0,0,0,0,0,0,0,0,0,0,0,0,0,0
Karnataka,2005,Kidnap - For Begging,02. For Begging,4,2,0,0,0,2,0,4,2,0,0,0,2,0
Kerala,2005,Kidnap - For Begging,02. For Begging,1,0,0,0,0,1,1,1,0,0,0,0,0,0
Madhya Pradesh,2005,Kidnap - For Begging,02. For Begging,0,0,0,0,0,0,0,0,0,0,0,0,0,0
Maharashtra,2005,Kidnap - For Begging,02. For Begging,2,0,0,0,0,1,1,3,0,0,0,0,2,2
Manipur,2005,Kidnap - For Begging,02. For Begging,0,0,0,0,0,0,0,0,0,0,0,0,0,0
Meghalaya,2005,Kidnap - For Begging,02. For Begging,0,0,0,0,0,0,0,0,0,0,0,0,0,0
Mizoram,2005,Kidnap - For Begging,02. For Begging,0,0,0,0,0,0,0,0,0,0,0,0,0,0
Nagaland,2005,Kidnap - For Begging,02. For Begging,0,0,0,0,0,0,0,0,0,0,0,0,0,0
Odisha,2005,Kidnap - For Begging,02. For Begging,0,0,0,0,0,0,0,0,0,0,0,0,0,0
Punjab,2005,Kidnap - For Begging,02. For Begging,2,0,0,0,0,0,0,5,0,5,0,0,5,0
Tripura,2005,Kidnap - For Begging,02. For Begging,0,0,0,0,0,0,0,0,0,0,0,0,0,0
Uttar Pradesh,2005,Kidnap - For Begging,02. For Begging,0,0,0,0,0,0,0,0,0,0,0,0,0,0
Uttarakhand,2005,Kidnap - For Begging,02. For Begging,1,0,0,0,0,0,0,2,0,0,0,0,2,2
West Bengal,2005,Kidnap - For Begging,02. For Begging,0,0,0,0,0,0,0,0,0,0,0,0,0,0
Andhra Pradesh,2006,Kidnap - For Begging,02. For Begging,1,0,0,0,0,0,0,1,1,0,0,0,1,0
Arunachal Pradesh,2006,Kidnap - For Begging,02. For Begging,0,0,0,0,0,0,0,0,0,0,0,0,0,0
Assam,2006,Kidnap - For Begging,02. For Begging,0,0,0,0,0,0,0,0,0,0,0,0,0,0
Chhattisgarh,2006,Kidnap - For Begging,02. For Begging,0,0,0,0,0,0,0,0,0,0,0,0,0,0
Gujarat,2006,Kidnap - For Begging,02. For Begging,1,0,0,0,0,0,0,1,0,0,0,0,1,1
Haryana,2006,Kidnap - For Begging,02. For Begging,1,0,0,0,0,0,0,1,0,0,0,0,1,1
Himachal Pradesh,2006,Kidnap - For Begging,02. For Begging,0,0,0,0,0,0,0,0,0,0,0,0,0,0
Jammu & Kashmir,2006,Kidnap - For Begging,02. For Begging,0,0,0,0,0,0,0,0,0,0,0,0,0,0
Jharkhand,2006,Kidnap - For Begging,02. For Begging,0,0,0,0,0,0,0,0,0,0,0,0,0,0
Karnataka,2006,Kidnap - For Begging,02. For Begging,0,0,0,0,0,0,0,0,0,0,0,0,0,0
Kerala,2006,Kidnap - For Begging,02. For Begging,2,0,0,0,0,1,1,2,0,0,0,0,1,1
Madhya Pradesh,2006,Kidnap - For Begging,02. For Begging,1,0,0,0,0,1,1,2,0,0,0,0,1,1
Maharashtra,2006,Kidnap - For Begging,02. For Begging,1,0,0,0,0,1,1,1,0,0,0,0,0,0
Manipur,2006,Kidnap - For Begging,02. For Begging,0,0,0,0,0,0,0,0,0,0,0,0,0,0
Meghalaya,2006,Kidnap - For Begging,02. For Begging,0,0,0,0,0,0,0,0,0,0,0,0,0,0
Mizoram,2006,Kidnap - For Begging,02. For Begging,0,0,0,0,0,0,0,0,0,0,0,0,0,0
Nagaland,2006,Kidnap - For Begging,02. For Begging,0,0,0,0,0,0,0,0,0,0,0,0,0,0
Odisha,2006,Kidnap - For Begging,02. For Begging,9,9,0,0,0,9,0,9,0,0,0,0,0,0
Tamil Nadu,2006,Kidnap - For Begging,02. For Begging,0,0,0,0,0,0,0,0,0,0,0,0,0,0
Tripura,2006,Kidnap - For Begging,02. For Begging,0,0,0,0,0,0,0,0,0,0,0,0,0,0
Uttar Pradesh,2006,Kidnap - For Begging,02. For Begging,4,0,0,0,0,0,0,4,3,0,0,0,4,1
West Bengal,2006,Kidnap - For Begging,02. For Begging,3,0,0,0,0,1,1,3,2,0,0,0,2,0
Andhra Pradesh,2007,Kidnap - For Begging,02. For Begging,6,1,0,0,0,1,0,6,0,4,0,0,5,1
Arunachal Pradesh,2007,Kidnap - For Begging,02. For Begging,0,0,0,0,0,0,0,0,0,0,0,0,0,0
Assam,2007,Kidnap - For Begging,02. For Begging,0,0,0,0,0,0,0,0,0,0,0,0,0,0
Bihar,2007,Kidnap - For Begging,02. For Begging,1,0,0,0,0,0,0,1,1,0,0,0,1,0
Chhattisgarh,2007,Kidnap - For Begging,02. For Begging,0,0,0,0,0,0,0,0,0,0,0,0,0,0
Gujarat,2007,Kidnap - For Begging,02. For Begging,0,0,0,0,0,0,0,0,0,0,0,0,0,0
Haryana,2007,Kidnap - For Begging,02. For Begging,0,0,0,0,0,0,0,0,0,0,0,0,0,0
Himachal Pradesh,2007,Kidnap - For Begging,02. For Begging,0,0,0,0,0,0,0,0,0,0,0,0,0,0
Jammu & Kashmir,2007,Kidnap - For Begging,02. For Begging,0,0,0,0,0,0,0,0,0,0,0,0,0,0
Jharkhand,2007,Kidnap - For Begging,02. For Begging,1,0,0,0,0,0,0,1,0,0,0,0,1,1
Karnataka,2007,Kidnap - For Begging,02. For Begging,1,0,0,0,0,0,0,1,0,0,0,0,1,1
Kerala,2007,Kidnap - For Begging,02. For Begging,2,0,0,0,0,0,0,2,1,0,0,0,2,1
Madhya Pradesh,2007,Kidnap - For Begging,02. For Begging,0,0,0,0,0,0,0,0,0,0,0,0,0,0
Maharashtra,2007,Kidnap - For Begging,02. For Begging,1,0,0,0,0,1,1,3,2,0,0,0,2,0
Manipur,2007,Kidnap - For Begging,02. For Begging,0,0,0,0,0,0,0,0,0,0,0,0,0,0
Meghalaya,2007,Kidnap - For Begging,02. For Begging,0,0,0,0,0,0,0,0,0,0,0,0,0,0
Mizoram,2007,Kidnap - For Begging,02. For Begging,0,0,0,0,0,0,0,0,0,0,0,0,0,0
Nagaland,2007,Kidnap - For Begging,02. For Begging,0,0,0,0,0,0,0,0,0,0,0,0,0,0
Odisha,2007,Kidnap - For Begging,02. For Begging,0,0,0,0,0,0,0,0,0,0,0,0,0,0
Rajasthan,2007,Kidnap - For Begging,02. For Begging,1,0,0,0,0,1,1,1,0,0,0,0,0,0
Tamil Nadu,2007,Kidnap - For Begging,02. For Begging,1,0,0,0,0,0,0,1,0,0,0,0,1,1
West Bengal,2007,Kidnap - For Begging,02. For Begging,1,1,0,0,0,1,0,1,0,0,0,0,0,0
Andhra Pradesh,2008,Kidnap - For Begging,02. For Begging,18,0,0,4,0,4,0,18,0,13,0,0,14,1
Arunachal Pradesh,2008,Kidnap - For Begging,02. For Begging,0,0,0,0,0,0,0,0,0,0,0,0,0,0
Assam,2008,Kidnap - For Begging,02. For Begging,0,0,0,0,0,0,0,0,0,0,0,0,0,0
Bihar,2008,Kidnap - For Begging,02. For Begging,1,0,0,0,0,0,0,1,1,0,0,0,1,0
Chhattisgarh,2008,Kidnap - For Begging,02. For Begging,0,0,0,0,0,0,0,0,0,0,0,0,0,0
Delhi,2008,Kidnap - For Begging,02. For Begging,0,0,0,0,0,0,0,0,0,0,0,0,0,0
Gujarat,2008,Kidnap - For Begging,02. For Begging,5,0,0,0,0,2,2,5,2,1,0,0,3,0
Haryana,2008,Kidnap - For Begging,02. For Begging,0,0,0,0,0,0,0,0,0,0,0,0,0,0
Himachal Pradesh,2008,Kidnap - For Begging,02. For Begging,0,0,0,0,0,0,0,0,0,0,0,0,0,0
Jammu & Kashmir,2008,Kidnap - For Begging,02. For Begging,0,0,0,0,0,0,0,0,0,0,0,0,0,0
Karnataka,2008,Kidnap - For Begging,02. For Begging,0,0,0,0,0,0,0,0,0,0,0,0,0,0
Madhya Pradesh,2008,Kidnap - For Begging,02. For Begging,2,0,0,0,0,0,0,2,1,0,0,0,2,1
Maharashtra,2008,Kidnap - For Begging,02. For Begging,4,0,0,0,0,1,1,4,1,0,0,0,3,2
Manipur,2008,Kidnap - For Begging,02. For Begging,1,0,0,0,0,0,0,2,2,0,0,0,2,0
Meghalaya,2008,Kidnap - For Begging,02. For Begging,0,0,0,0,0,0,0,0,0,0,0,0,0,0
Mizoram,2008,Kidnap - For Begging,02. For Begging,0,0,0,0,0,0,0,0,0,0,0,0,0,0
Nagaland,2008,Kidnap - For Begging,02. For Begging,0,0,0,0,0,0,0,0,0,0,0,0,0,0
Odisha,2008,Kidnap - For Begging,02. For Begging,0,0,0,0,0,0,0,0,0,0,0,0,0,0
Puducherry,2008,Kidnap - For Begging,02. For Begging,0,0,0,0,0,0,0,0,0,0,0,0,0,0
Rajasthan,2008,Kidnap - For Begging,02. For Begging,2,0,0,0,0,0,0,2,2,0,0,0,2,0
Tamil Nadu,2008,Kidnap - For Begging,02. For Begging,1,0,0,0,0,0,0,1,0,0,0,0,1,1
West Bengal,2008,Kidnap - For Begging,02. For Begging,0,0,0,0,0,0,0,0,0,0,0,0,0,0
Andhra Pradesh,2009,Kidnap - For Begging,02. For Begging,1,0,0,0,0,1,1,1,0,0,0,0,0,0
Arunachal Pradesh,2009,Kidnap - For Begging,02. For Begging,0,0,0,0,0,0,0,0,0,0,0,0,0,0
Assam,2009,Kidnap - For Begging,02. For Begging,0,0,0,0,0,0,0,0,0,0,0,0,0,0
Bihar,2009,Kidnap - For Begging,02. For Begging,1,0,0,0,0,0,0,1,1,0,0,0,1,0
Chandigarh,2009,Kidnap - For Begging,02. For Begging,0,0,0,0,0,0,0,0,0,0,0,0,0,0
Chhattisgarh,2009,Kidnap - For Begging,02. For Begging,0,0,0,0,0,0,0,0,0,0,0,0,0,0
Delhi,2009,Kidnap - For Begging,02. For Begging,1,0,0,0,0,0,0,1,0,0,0,0,1,1
Gujarat,2009,Kidnap - For Begging,02. For Begging,1,0,0,0,0,0,0,2,2,0,0,0,2,0
Haryana,2009,Kidnap - For Begging,02. For Begging,0,0,0,0,0,0,0,0,0,0,0,0,0,0
Himachal Pradesh,2009,Kidnap - For Begging,02. For Begging,0,0,0,0,0,0,0,0,0,0,0,0,0,0
Jammu & Kashmir,2009,Kidnap - For Begging,02. For Begging,0,0,0,0,0,0,0,0,0,0,0,0,0,0
Karnataka,2009,Kidnap - For Begging,02. For Begging,2,0,0,0,0,1,1,2,0,1,0,0,1,0
Kerala,2009,Kidnap - For Begging,02. For Begging,2,0,0,0,0,1,1,2,0,0,0,0,1,1
Madhya Pradesh,2009,Kidnap - For Begging,02. For Begging,1,0,0,0,0,0,0,1,1,0,0,0,1,0
Maharashtra,2009,Kidnap - For Begging,02. For Begging,2,2,0,0,0,6,4,9,3,0,0,0,3,0
Manipur,2009,Kidnap - For Begging,02. For Begging,0,0,0,0,0,0,0,0,0,0,0,0,0,0
Meghalaya,2009,Kidnap - For Begging,02. For Begging,0,0,0,0,0,0,0,0,0,0,0,0,0,0
Nagaland,2009,Kidnap - For Begging,02. For Begging,0,0,0,0,0,0,0,0,0,0,0,0,0,0
Odisha,2009,Kidnap - For Begging,02. For Begging,0,0,0,0,0,0,0,0,0,0,0,0,0,0
Punjab,2009,Kidnap - For Begging,02. For Begging,1,1,0,0,0,1,0,1,0,0,0,0,0,0
Tamil Nadu,2009,Kidnap - For Begging,02. For Begging,0,0,0,0,0,0,0,0,0,0,0,0,0,0
West Bengal,2009,Kidnap - For Begging,02. For Begging,19,0,0,2,0,4,2,19,5,6,0,0,15,4
Andhra Pradesh,2010,Kidnap - For Begging,02. For Begging,3,0,0,0,0,0,0,3,1,0,1,0,3,1
Arunachal Pradesh,2010,Kidnap - For Begging,02. For Begging,0,0,0,0,0,0,0,0,0,0,0,0,0,0
Bihar,2010,Kidnap - For Begging,02. For Begging,1,0,0,0,0,0,0,1,1,0,0,0,1,0
Chhattisgarh,2010,Kidnap - For Begging,02. For Begging,1,0,0,0,0,1,1,1,0,0,0,0,0,0
Gujarat,2010,Kidnap - For Begging,02. For Begging,0,0,0,0,0,0,0,0,0,0,0,0,0,0
Himachal Pradesh,2010,Kidnap - For Begging,02. For Begging,0,0,0,0,0,0,0,0,0,0,0,0,0,0
Jammu & Kashmir,2010,Kidnap - For Begging,02. For Begging,0,0,0,0,0,0,0,0,0,0,0,0,0,0
Jharkhand,2010,Kidnap - For Begging,02. For Begging,0,0,0,0,0,0,0,0,0,0,0,0,0,0
Karnataka,2010,Kidnap - For Begging,02. For Begging,2,0,1,0,0,1,0,2,0,1,0,0,1,0
Kerala,2010,Kidnap - For Begging,02. For Begging,1,0,0,0,0,0,0,1,0,0,0,0,1,1
Madhya Pradesh,2010,Kidnap - For Begging,02. For Begging,1,0,0,0,0,1,1,1,0,0,0,0,0,0
Maharashtra,2010,Kidnap - For Begging,02. For Begging,1,0,0,0,0,2,2,2,0,0,0,0,0,0
Manipur,2010,Kidnap - For Begging,02. For Begging,1,0,0,0,0,1,1,1,0,0,0,0,0,0
Meghalaya,2010,Kidnap - For Begging,02. For Begging,0,0,0,0,0,0,0,0,0,0,0,0,0,0
Mizoram,2010,Kidnap - For Begging,02. For Begging,0,0,0,0,0,0,0,0,0,0,0,0,0,0
Nagaland,2010,Kidnap - For Begging,02. For Begging,0,0,0,0,0,0,0,0,0,0,0,0,0,0
Odisha,2010,Kidnap - For Begging,02. For Begging,25,0,25,0,0,25,0,25,0,0,0,0,0,0
Puducherry,2010,Kidnap - For Begging,02. For Begging,1,0,0,0,0,3,3,3,0,0,0,0,0,0
Punjab,2010,Kidnap - For Begging,02. For Begging,1,1,0,0,0,1,0,1,0,0,0,0,0,0
Rajasthan,2010,Kidnap - For Begging,02. For Begging,3,0,0,0,0,2,2,3,0,0,0,0,1,1
Tamil Nadu,2010,Kidnap - For Begging,02. For Begging,0,0,0,0,0,0,0,0,0,0,0,0,0,0
West Bengal,2010,Kidnap - For Begging,02. For Begging,18,4,2,0,0,6,0,20,12,0,0,0,14,2
Andhra Pradesh,2001,Kidnap - For Illicit Intercourse,04. For Illicit Intercourse,78,49,25,2,0,78,2,78,0,0,0,0,0,0
Arunachal Pradesh,2001,Kidnap - For Illicit Intercourse,04. For Illicit Intercourse,7,0,7,0,0,7,0,7,0,0,0,0,0,0
Assam,2001,Kidnap - For Illicit Intercourse,04. For Illicit Intercourse,65,24,28,12,0,65,1,65,0,0,0,0,0,0
Bihar,2001,Kidnap - For Illicit Intercourse,04. For Illicit Intercourse,46,7,35,4,0,46,0,46,0,0,0,0,0,0
Chandigarh,2001,Kidnap - For Illicit Intercourse,04. For Illicit Intercourse,0,0,0,0,0,0,0,0,0,0,0,0,0,0
Chhattisgarh,2001,Kidnap - For Illicit Intercourse,04. For Illicit Intercourse,3,2,1,0,0,3,0,3,0,0,0,0,0,0
Delhi,2001,Kidnap - For Illicit Intercourse,04. For Illicit Intercourse,14,11,2,0,0,13,0,14,1,0,0,0,1,0
Goa,2001,Kidnap - For Illicit Intercourse,04. For Illicit Intercourse,1,1,0,0,0,1,0,1,0,0,0,0,0,0
Gujarat,2001,Kidnap - For Illicit Intercourse,04. For Illicit Intercourse,141,81,42,3,0,128,2,141,8,5,0,0,13,0
Haryana,2001,Kidnap - For Illicit Intercourse,04. For Illicit Intercourse,95,75,17,0,0,95,3,95,0,0,0,0,0,0
Himachal Pradesh,2001,Kidnap - For Illicit Intercourse,04. For Illicit Intercourse,6,6,0,0,0,6,0,6,0,0,0,0,0,0
Jammu & Kashmir,2001,Kidnap - For Illicit Intercourse,04. For Illicit Intercourse,203,83,104,14,0,203,2,203,0,0,0,0,0,0
Jharkhand,2001,Kidnap - For Illicit Intercourse,04. For Illicit Intercourse,13,5,9,2,0,16,0,20,0,4,0,0,4,0
Karnataka,2001,Kidnap - For Illicit Intercourse,04. For Illicit Intercourse,11,3,6,1,0,11,1,11,0,0,0,0,0,0
Kerala,2001,Kidnap - For Illicit Intercourse,04. For Illicit Intercourse,9,5,0,1,0,8,2,10,2,0,0,0,2,0
Madhya Pradesh,2001,Kidnap - For Illicit Intercourse,04. For Illicit Intercourse,101,60,17,4,0,83,2,101,17,0,0,0,18,1
Maharashtra,2001,Kidnap - For Illicit Intercourse,04. For Illicit Intercourse,54,17,23,4,0,48,4,55,1,0,3,0,7,3
Meghalaya,2001,Kidnap - For Illicit Intercourse,04. For Illicit Intercourse,0,0,0,0,0,0,0,0,0,0,0,0,0,0
Mizoram,2001,Kidnap - For Illicit Intercourse,04. For Illicit Intercourse,0,0,0,0,0,0,0,0,0,0,0,0,0,0
Nagaland,2001,Kidnap - For Illicit Intercourse,04. For Illicit Intercourse,1,0,1,0,0,1,0,1,0,0,0,0,0,0
Odisha,2001,Kidnap - For Illicit Intercourse,04. For Illicit Intercourse,91,55,36,0,0,91,0,91,0,0,0,0,0,0
Punjab,2001,Kidnap - For Illicit Intercourse,04. For Illicit Intercourse,74,56,4,5,0,65,0,74,7,2,0,0,9,0
Rajasthan,2001,Kidnap - For Illicit Intercourse,04. For Illicit Intercourse,44,6,31,7,0,44,0,44,0,0,0,0,0,0
Tamil Nadu,2001,Kidnap - For Illicit Intercourse,04. For Illicit Intercourse,12,8,4,0,0,12,0,12,0,0,0,0,0,0
Uttar Pradesh,2001,Kidnap - For Illicit Intercourse,04. For Illicit Intercourse,931,314,498,109,4,925,0,925,0,0,0,0,0,0
West Bengal,2001,Kidnap - For Illicit Intercourse,04. For Illicit Intercourse,38,25,11,2,0,38,0,38,0,0,0,0,0,0
Andhra Pradesh,2002,Kidnap - For Illicit Intercourse,04. For Illicit Intercourse,98,1,89,8,0,98,0,98,0,0,0,0,0,0
Arunachal Pradesh,2002,Kidnap - For Illicit Intercourse,04. For Illicit Intercourse,1,0,1,0,0,1,0,1,0,0,0,0,0,0
Assam,2002,Kidnap - For Illicit Intercourse,04. For Illicit Intercourse,81,0,52,29,0,81,0,81,0,0,0,0,0,0
Bihar,2002,Kidnap - For Illicit Intercourse,04. For Illicit Intercourse,69,2,66,1,0,69,0,69,0,0,0,0,0,0
Chandigarh,2002,Kidnap - For Illicit Intercourse,04. For Illicit Intercourse,0,0,0,0,0,0,0,0,0,0,0,0,0,0
Chhattisgarh,2002,Kidnap - For Illicit Intercourse,04. For Illicit Intercourse,19,13,4,2,0,19,0,19,0,0,0,0,0,0
Daman & Diu,2002,Kidnap - For Illicit Intercourse,04. For Illicit Intercourse,0,0,0,0,0,0,0,0,0,0,0,0,0,0
Delhi,2002,Kidnap - For Illicit Intercourse,04. For Illicit Intercourse,13,12,1,1,0,14,0,16,1,0,1,0,2,0
Goa,2002,Kidnap - For Illicit Intercourse,04. For Illicit Intercourse,1,0,1,0,0,1,0,1,0,0,0,0,0,0
Gujarat,2002,Kidnap - For Illicit Intercourse,04. For Illicit Intercourse,126,23,68,22,0,114,1,126,1,5,6,0,12,0
Haryana,2002,Kidnap - For Illicit Intercourse,04. For Illicit Intercourse,83,4,77,2,0,83,0,83,0,0,0,0,0,0
Himachal Pradesh,2002,Kidnap - For Illicit Intercourse,04. For Illicit Intercourse,10,4,5,1,0,10,0,10,0,0,0,0,0,0
Jammu & Kashmir,2002,Kidnap - For Illicit Intercourse,04. For Illicit Intercourse,181,0,174,7,0,181,0,181,0,0,0,0,0,0
Jharkhand,2002,Kidnap - For Illicit Intercourse,04. For Illicit Intercourse,23,1,14,3,0,18,0,20,0,2,0,0,2,0
Karnataka,2002,Kidnap - For Illicit Intercourse,04. For Illicit Intercourse,3,0,4,0,0,4,0,4,0,0,0,0,0,0
Kerala,2002,Kidnap - For Illicit Intercourse,04. For Illicit Intercourse,10,3,1,1,0,6,1,10,2,0,0,0,4,2
Madhya Pradesh,2002,Kidnap - For Illicit Intercourse,04. For Illicit Intercourse,102,39,45,14,0,102,4,102,0,0,0,0,0,0
Maharashtra,2002,Kidnap - For Illicit Intercourse,04. For Illicit Intercourse,72,20,43,3,0,69,3,73,2,2,0,0,4,0
Meghalaya,2002,Kidnap - For Illicit Intercourse,04. For Illicit Intercourse,0,0,0,0,0,0,0,0,0,0,0,0,0,0
Nagaland,2002,Kidnap - For Illicit Intercourse,04. For Illicit Intercourse,0,0,0,0,0,0,0,0,0,0,0,0,0,0
Odisha,2002,Kidnap - For Illicit Intercourse,04. For Illicit Intercourse,95,4,88,3,0,95,0,95,0,0,0,0,0,0
Punjab,2002,Kidnap - For Illicit Intercourse,04. For Illicit Intercourse,53,8,37,3,0,49,1,53,4,0,0,0,4,0
Rajasthan,2002,Kidnap - For Illicit Intercourse,04. For Illicit Intercourse,29,0,28,1,0,29,0,29,0,0,0,0,0,0
Tamil Nadu,2002,Kidnap - For Illicit Intercourse,04. For Illicit Intercourse,18,8,8,1,0,17,0,18,0,0,1,0,1,0
Tripura,2002,Kidnap - For Illicit Intercourse,04. For Illicit Intercourse,0,0,0,0,0,0,0,0,0,0,0,0,0,0
Uttar Pradesh,2002,Kidnap - For Illicit Intercourse,04. For Illicit Intercourse,685,99,391,166,0,656,0,685,20,9,0,0,29,0
Uttarakhand,2002,Kidnap - For Illicit Intercourse,04. For Illicit Intercourse,6,0,4,2,0,6,0,6,0,0,0,0,0,0
West Bengal,2002,Kidnap - For Illicit Intercourse,04. For Illicit Intercourse,30,12,16,2,0,30,0,30,0,0,0,0,0,0
Andhra Pradesh,2003,Kidnap - For Illicit Intercourse,04. For Illicit Intercourse,80,27,40,14,0,81,0,81,0,0,0,0,0,0
Arunachal Pradesh,2003,Kidnap - For Illicit Intercourse,04. For Illicit Intercourse,9,6,3,0,0,9,0,9,0,0,0,0,0,0
Assam,2003,Kidnap - For Illicit Intercourse,04. For Illicit Intercourse,125,0,101,23,1,125,0,125,0,0,0,0,0,0
Bihar,2003,Kidnap - For Illicit Intercourse,04. For Illicit Intercourse,43,0,41,0,0,41,0,51,0,6,4,0,10,0
Chandigarh,2003,Kidnap - For Illicit Intercourse,04. For Illicit Intercourse,0,0,0,0,0,0,0,0,0,0,0,0,0,0
Chhattisgarh,2003,Kidnap - For Illicit Intercourse,04. For Illicit Intercourse,20,6,13,1,0,20,0,20,0,0,0,0,0,0
Daman & Diu,2003,Kidnap - For Illicit Intercourse,04. For Illicit Intercourse,0,0,0,0,0,0,0,0,0,0,0,0,0,0
Delhi,2003,Kidnap - For Illicit Intercourse,04. For Illicit Intercourse,23,13,8,0,0,22,1,23,0,0,1,0,1,0
Gujarat,2003,Kidnap - For Illicit Intercourse,04. For Illicit Intercourse,177,50,101,9,0,160,0,177,1,16,0,0,17,0
Haryana,2003,Kidnap - For Illicit Intercourse,04. For Illicit Intercourse,57,5,52,0,0,57,0,57,0,0,0,0,0,0
Himachal Pradesh,2003,Kidnap - For Illicit Intercourse,04. For Illicit Intercourse,0,0,0,0,0,0,0,0,0,0,0,0,0,0
Jammu & Kashmir,2003,Kidnap - For Illicit Intercourse,04. For Illicit Intercourse,218,0,185,33,0,218,0,218,0,0,0,0,0,0
Jharkhand,2003,Kidnap - For Illicit Intercourse,04. For Illicit Intercourse,46,1,11,4,0,16,0,20,0,4,0,0,4,0
Karnataka,2003,Kidnap - For Illicit Intercourse,04. For Illicit Intercourse,6,3,3,0,0,6,0,6,0,0,0,0,0,0
Kerala,2003,Kidnap - For Illicit Intercourse,04. For Illicit Intercourse,8,2,5,0,0,8,1,8,0,0,0,0,0,0
Madhya Pradesh,2003,Kidnap - For Illicit Intercourse,04. For Illicit Intercourse,100,24,68,6,0,99,1,100,1,0,0,0,1,0
Maharashtra,2003,Kidnap - For Illicit Intercourse,04. For Illicit Intercourse,46,20,21,1,0,44,2,46,0,1,0,0,2,1
Meghalaya,2003,Kidnap - For Illicit Intercourse,04. For Illicit Intercourse,2,1,0,1,0,2,0,2,0,0,0,0,0,0
Mizoram,2003,Kidnap - For Illicit Intercourse,04. For Illicit Intercourse,1,1,0,0,0,1,0,1,0,0,0,0,0,0
Nagaland,2003,Kidnap - For Illicit Intercourse,04. For Illicit Intercourse,0,0,0,0,0,0,0,0,0,0,0,0,0,0
Odisha,2003,Kidnap - For Illicit Intercourse,04. For Illicit Intercourse,59,11,48,0,0,59,0,59,0,0,0,0,0,0
Punjab,2003,Kidnap - For Illicit Intercourse,04. For Illicit Intercourse,45,10,36,3,0,49,0,49,0,0,0,0,0,0
Rajasthan,2003,Kidnap - For Illicit Intercourse,04. For Illicit Intercourse,11,9,0,0,0,11,2,11,0,0,0,0,0,0
Tamil Nadu,2003,Kidnap - For Illicit Intercourse,04. For Illicit Intercourse,13,1,9,1,0,11,0,13,0,0,1,1,2,0
Uttar Pradesh,2003,Kidnap - For Illicit Intercourse,04. For Illicit Intercourse,498,179,248,63,8,498,0,498,0,0,0,0,0,0
Uttarakhand,2003,Kidnap - For Illicit Intercourse,04. For Illicit Intercourse,6,0,6,0,0,6,0,6,0,0,0,0,0,0
West Bengal,2003,Kidnap - For Illicit Intercourse,04. For Illicit Intercourse,25,3,21,0,0,25,1,25,0,0,0,0,0,0
Andhra Pradesh,2004,Kidnap - For Illicit Intercourse,04. For Illicit Intercourse,102,23,68,8,1,102,2,102,0,0,0,0,0,0
Arunachal Pradesh,2004,Kidnap - For Illicit Intercourse,04. For Illicit Intercourse,1,0,1,0,0,1,0,1,0,0,0,0,0,0
Assam,2004,Kidnap - For Illicit Intercourse,04. For Illicit Intercourse,218,0,159,59,0,218,0,218,0,0,0,0,0,0
Bihar,2004,Kidnap - For Illicit Intercourse,04. For Illicit Intercourse,57,1,52,4,0,57,0,57,0,0,0,0,0,0
Chhattisgarh,2004,Kidnap - For Illicit Intercourse,04. For Illicit Intercourse,18,16,1,0,0,17,0,18,1,0,0,0,1,0
Delhi,2004,Kidnap - For Illicit Intercourse,04. For Illicit Intercourse,3,1,1,1,0,3,0,3,0,0,0,0,0,0
Gujarat,2004,Kidnap - For Illicit Intercourse,04. For Illicit Intercourse,136,30,80,10,0,121,1,136,2,11,0,0,15,2
Haryana,2004,Kidnap - For Illicit Intercourse,04. For Illicit Intercourse,66,13,58,0,0,71,0,71,0,0,0,0,0,0
Himachal Pradesh,2004,Kidnap - For Illicit Intercourse,04. For Illicit Intercourse,3,1,2,0,0,3,0,3,0,0,0,0,0,0
Jammu & Kashmir,2004,Kidnap - For Illicit Intercourse,04. For Illicit Intercourse,217,0,182,31,0,213,0,218,0,2,3,0,5,0
Jharkhand,2004,Kidnap - For Illicit Intercourse,04. For Illicit Intercourse,44,1,11,4,0,16,0,20,0,4,0,0,4,0
Karnataka,2004,Kidnap - For Illicit Intercourse,04. For Illicit Intercourse,13,4,7,1,0,13,1,13,0,0,0,0,0,0
Kerala,2004,Kidnap - For Illicit Intercourse,04. For Illicit Intercourse,18,13,5,0,0,18,0,18,0,0,0,0,0,0
Madhya Pradesh,2004,Kidnap - For Illicit Intercourse,04. For Illicit Intercourse,0,0,0,0,0,0,0,0,0,0,0,0,0,0
Maharashtra,2004,Kidnap - For Illicit Intercourse,04. For Illicit Intercourse,38,20,15,2,0,39,2,39,0,0,0,0,0,0
Manipur,2004,Kidnap - For Illicit Intercourse,04. For Illicit Intercourse,14,10,4,0,0,14,0,14,0,0,0,0,0,0
Meghalaya,2004,Kidnap - For Illicit Intercourse,04. For Illicit Intercourse,1,0,1,0,0,1,0,1,0,0,0,0,0,0
Mizoram,2004,Kidnap - For Illicit Intercourse,04. For Illicit Intercourse,0,0,0,0,0,0,0,0,0,0,0,0,0,0
Nagaland,2004,Kidnap - For Illicit Intercourse,04. For Illicit Intercourse,0,0,0,0,0,0,0,0,0,0,0,0,0,0
Odisha,2004,Kidnap - For Illicit Intercourse,04. For Illicit Intercourse,65,2,34,31,0,67,0,67,0,0,0,0,0,0
Punjab,2004,Kidnap - For Illicit Intercourse,04. For Illicit Intercourse,76,8,63,5,0,76,0,76,0,0,0,0,0,0
Rajasthan,2004,Kidnap - For Illicit Intercourse,04. For Illicit Intercourse,14,0,14,0,0,14,0,14,0,0,0,0,0,0
Tamil Nadu,2004,Kidnap - For Illicit Intercourse,04. For Illicit Intercourse,30,5,19,5,0,30,1,30,0,0,0,0,0,0
Tripura,2004,Kidnap - For Illicit Intercourse,04. For Illicit Intercourse,0,0,0,0,0,0,0,0,0,0,0,0,0,0
Uttar Pradesh,2004,Kidnap - For Illicit Intercourse,04. For Illicit Intercourse,892,229,351,162,1,748,5,892,4,30,110,0,144,0
Uttarakhand,2004,Kidnap - For Illicit Intercourse,04. For Illicit Intercourse,6,0,3,3,0,6,0,6,0,0,0,0,0,0
West Bengal,2004,Kidnap - For Illicit Intercourse,04. For Illicit Intercourse,35,16,21,0,0,37,0,37,0,0,0,0,0,0
Andhra Pradesh,2005,Kidnap - For Illicit Intercourse,04. For Illicit Intercourse,58,29,21,4,0,55,1,58,0,3,0,0,3,0
Arunachal Pradesh,2005,Kidnap - For Illicit Intercourse,04. For Illicit Intercourse,1,1,0,0,0,1,0,1,0,0,0,0,0,0
Assam,2005,Kidnap - For Illicit Intercourse,04. For Illicit Intercourse,129,0,110,19,0,129,0,129,0,0,0,0,0,0
Bihar,2005,Kidnap - For Illicit Intercourse,04. For Illicit Intercourse,31,12,19,0,0,31,0,31,0,0,0,0,0,0
Chandigarh,2005,Kidnap - For Illicit Intercourse,04. For Illicit Intercourse,0,0,0,0,0,0,0,0,0,0,0,0,0,0
Chhattisgarh,2005,Kidnap - For Illicit Intercourse,04. For Illicit Intercourse,33,24,4,0,0,28,0,33,1,2,2,0,5,0
Delhi,2005,Kidnap - For Illicit Intercourse,04. For Illicit Intercourse,4,3,0,0,1,4,0,4,0,0,0,0,0,0
Gujarat,2005,Kidnap - For Illicit Intercourse,04. For Illicit Intercourse,154,44,98,2,0,149,5,154,1,3,1,0,5,0
Haryana,2005,Kidnap - For Illicit Intercourse,04. For Illicit Intercourse,68,19,18,31,0,68,0,69,1,0,0,0,1,0
Himachal Pradesh,2005,Kidnap - For Illicit Intercourse,04. For Illicit Intercourse,5,2,1,2,0,5,0,5,0,0,0,0,0,0
Jammu & Kashmir,2005,Kidnap - For Illicit Intercourse,04. For Illicit Intercourse,269,0,229,40,0,269,0,269,0,0,0,0,0,0
Jharkhand,2005,Kidnap - For Illicit Intercourse,04. For Illicit Intercourse,40,1,11,4,0,16,0,40,0,4,20,0,24,0
Karnataka,2005,Kidnap - For Illicit Intercourse,04. For Illicit Intercourse,3,1,2,0,0,3,0,3,0,0,0,0,0,0
Kerala,2005,Kidnap - For Illicit Intercourse,04. For Illicit Intercourse,9,5,2,1,0,10,2,10,0,0,0,0,0,0
Madhya Pradesh,2005,Kidnap - For Illicit Intercourse,04. For Illicit Intercourse,46,16,27,3,0,46,0,46,0,0,0,0,0,0
Maharashtra,2005,Kidnap - For Illicit Intercourse,04. For Illicit Intercourse,49,34,10,3,0,47,0,50,1,0,1,0,3,1
Manipur,2005,Kidnap - For Illicit Intercourse,04. For Illicit Intercourse,0,0,0,0,0,0,0,0,0,0,0,0,0,0
Meghalaya,2005,Kidnap - For Illicit Intercourse,04. For Illicit Intercourse,4,2,2,0,0,4,0,4,0,0,0,0,0,0
Mizoram,2005,Kidnap - For Illicit Intercourse,04. For Illicit Intercourse,0,0,0,0,0,0,0,0,0,0,0,0,0,0
Nagaland,2005,Kidnap - For Illicit Intercourse,04. For Illicit Intercourse,0,0,0,0,0,0,0,0,0,0,0,0,0,0
Odisha,2005,Kidnap - For Illicit Intercourse,04. For Illicit Intercourse,83,0,83,0,0,83,0,83,0,0,0,0,0,0
Punjab,2005,Kidnap - For Illicit Intercourse,04. For Illicit Intercourse,32,6,25,1,0,33,1,34,0,0,0,0,1,1
Rajasthan,2005,Kidnap - For Illicit Intercourse,04. For Illicit Intercourse,12,3,9,0,0,12,0,12,0,0,0,0,0,0
Tamil Nadu,2005,Kidnap - For Illicit Intercourse,04. For Illicit Intercourse,19,6,12,1,0,19,0,19,0,0,0,0,0,0
Tripura,2005,Kidnap - For Illicit Intercourse,04. For Illicit Intercourse,3,0,3,0,0,3,0,3,0,0,0,0,0,0
Uttar Pradesh,2005,Kidnap - For Illicit Intercourse,04. For Illicit Intercourse,991,238,563,188,0,991,2,991,0,0,0,0,0,0
Uttarakhand,2005,Kidnap - For Illicit Intercourse,04. For Illicit Intercourse,22,20,1,1,0,22,0,22,0,0,0,0,0,0
West Bengal,2005,Kidnap - For Illicit Intercourse,04. For Illicit Intercourse,49,18,31,0,0,49,0,49,0,0,0,0,0,0
Andhra Pradesh,2006,Kidnap - For Illicit Intercourse,04. For Illicit Intercourse,111,58,52,1,0,111,0,111,0,0,0,0,0,0
Arunachal Pradesh,2006,Kidnap - For Illicit Intercourse,04. For Illicit Intercourse,7,7,0,0,0,7,0,7,0,0,0,0,0,0
Assam,2006,Kidnap - For Illicit Intercourse,04. For Illicit Intercourse,147,0,117,30,0,147,0,147,0,0,0,0,0,0
Bihar,2006,Kidnap - For Illicit Intercourse,04. For Illicit Intercourse,89,0,65,24,0,89,0,89,0,0,0,0,0,0
Chhattisgarh,2006,Kidnap - For Illicit Intercourse,04. For Illicit Intercourse,24,15,4,3,0,23,1,24,1,0,0,0,1,0
Delhi,2006,Kidnap - For Illicit Intercourse,04. For Illicit Intercourse,14,8,5,0,0,14,1,14,0,0,0,0,0,0
Goa,2006,Kidnap - For Illicit Intercourse,04. For Illicit Intercourse,3,3,0,0,0,3,0,3,0,0,0,0,0,0
Gujarat,2006,Kidnap - For Illicit Intercourse,04. For Illicit Intercourse,184,99,69,10,0,183,5,188,0,5,0,0,5,0
Haryana,2006,Kidnap - For Illicit Intercourse,04. For Illicit Intercourse,82,72,10,0,0,82,0,82,0,0,0,0,0,0
Himachal Pradesh,2006,Kidnap - For Illicit Intercourse,04. For Illicit Intercourse,1,0,1,0,0,1,0,1,0,0,0,0,0,0
Jammu & Kashmir,2006,Kidnap - For Illicit Intercourse,04. For Illicit Intercourse,405,68,239,98,0,405,0,405,0,0,0,0,0,0
Jharkhand,2006,Kidnap - For Illicit Intercourse,04. For Illicit Intercourse,25,9,5,1,0,15,0,25,1,9,0,0,10,0
Karnataka,2006,Kidnap - For Illicit Intercourse,04. For Illicit Intercourse,4,2,2,0,0,4,0,7,0,2,1,0,3,0
Kerala,2006,Kidnap - For Illicit Intercourse,04. For Illicit Intercourse,15,3,12,0,0,15,0,15,0,0,0,0,0,0
Madhya Pradesh,2006,Kidnap - For Illicit Intercourse,04. For Illicit Intercourse,40,17,18,4,0,40,1,40,0,0,0,0,0,0
Maharashtra,2006,Kidnap - For Illicit Intercourse,04. For Illicit Intercourse,68,28,23,8,1,64,4,71,0,6,0,0,7,1
Manipur,2006,Kidnap - For Illicit Intercourse,04. For Illicit Intercourse,0,0,0,0,0,0,0,0,0,0,0,0,0,0
Meghalaya,2006,Kidnap - For Illicit Intercourse,04. For Illicit Intercourse,19,11,8,0,0,19,0,19,0,0,0,0,0,0
Mizoram,2006,Kidnap - For Illicit Intercourse,04. For Illicit Intercourse,0,0,0,0,0,0,0,0,0,0,0,0,0,0
Nagaland,2006,Kidnap - For Illicit Intercourse,04. For Illicit Intercourse,0,0,0,0,0,0,0,0,0,0,0,0,0,0
Odisha,2006,Kidnap - For Illicit Intercourse,04. For Illicit Intercourse,87,8,68,1,0,77,0,87,0,10,0,0,10,0
Puducherry,2006,Kidnap - For Illicit Intercourse,04. For Illicit Intercourse,1,0,0,1,0,1,0,1,0,0,0,0,0,0
Punjab,2006,Kidnap - For Illicit Intercourse,04. For Illicit Intercourse,35,3,30,1,0,35,1,37,0,2,0,0,2,0
Rajasthan,2006,Kidnap - For Illicit Intercourse,04. For Illicit Intercourse,17,3,14,0,0,17,0,17,0,0,0,0,0,0
Sikkim,2006,Kidnap - For Illicit Intercourse,04. For Illicit Intercourse,1,0,1,0,0,1,0,1,0,0,0,0,0,0
Tamil Nadu,2006,Kidnap - For Illicit Intercourse,04. For Illicit Intercourse,35,9,23,3,0,35,0,35,0,0,0,0,0,0
Tripura,2006,Kidnap - For Illicit Intercourse,04. For Illicit Intercourse,4,0,4,0,0,4,0,4,0,0,0,0,0,0
Uttar Pradesh,2006,Kidnap - For Illicit Intercourse,04. For Illicit Intercourse,1161,236,679,246,0,1161,0,1161,0,0,0,0,0,0
Uttarakhand,2006,Kidnap - For Illicit Intercourse,04. For Illicit Intercourse,2,1,0,1,0,2,0,2,0,0,0,0,0,0
West Bengal,2006,Kidnap - For Illicit Intercourse,04. For Illicit Intercourse,44,0,39,5,0,44,0,44,0,0,0,0,0,0
Andhra Pradesh,2007,Kidnap - For Illicit Intercourse,04. For Illicit Intercourse,228,123,62,36,3,224,0,226,2,0,0,0,2,0
Arunachal Pradesh,2007,Kidnap - For Illicit Intercourse,04. For Illicit Intercourse,0,0,0,0,0,0,0,0,0,0,0,0,0,0
Assam,2007,Kidnap - For Illicit Intercourse,04. For Illicit Intercourse,119,0,71,48,0,119,0,119,0,0,0,0,0,0
Bihar,2007,Kidnap - For Illicit Intercourse,04. For Illicit Intercourse,57,34,22,1,0,57,0,57,0,0,0,0,0,0
Chhattisgarh,2007,Kidnap - For Illicit Intercourse,04. For Illicit Intercourse,23,22,1,0,0,23,0,23,0,0,0,0,0,0
Delhi,2007,Kidnap - For Illicit Intercourse,04. For Illicit Intercourse,35,16,9,8,0,35,2,35,0,0,0,0,0,0
Goa,2007,Kidnap - For Illicit Intercourse,04. For Illicit Intercourse,1,0,1,0,0,1,0,1,0,0,0,0,0,0
Gujarat,2007,Kidnap - For Illicit Intercourse,04. For Illicit Intercourse,180,62,84,10,0,159,3,181,8,9,4,0,22,1
Haryana,2007,Kidnap - For Illicit Intercourse,04. For Illicit Intercourse,111,9,100,1,0,111,1,111,0,0,0,0,0,0
Himachal Pradesh,2007,Kidnap - For Illicit Intercourse,04. For Illicit Intercourse,2,2,0,0,0,2,0,2,0,0,0,0,0,0
Jammu & Kashmir,2007,Kidnap - For Illicit Intercourse,04. For Illicit Intercourse,281,4,246,34,0,284,0,284,0,0,0,0,0,0
Jharkhand,2007,Kidnap - For Illicit Intercourse,04. For Illicit Intercourse,69,1,24,3,0,28,0,69,3,33,5,0,41,0
Karnataka,2007,Kidnap - For Illicit Intercourse,04. For Illicit Intercourse,3,0,2,1,0,3,0,3,0,0,0,0,0,0
Kerala,2007,Kidnap - For Illicit Intercourse,04. For Illicit Intercourse,17,9,8,0,0,17,0,17,0,0,0,0,0,0
Madhya Pradesh,2007,Kidnap - For Illicit Intercourse,04. For Illicit Intercourse,61,25,34,3,0,62,0,62,0,0,0,0,0,0
Maharashtra,2007,Kidnap - For Illicit Intercourse,04. For Illicit Intercourse,22,9,11,1,0,23,2,24,0,1,0,0,1,0
Manipur,2007,Kidnap - For Illicit Intercourse,04. For Illicit Intercourse,0,0,0,0,0,0,0,0,0,0,0,0,0,0
Meghalaya,2007,Kidnap - For Illicit Intercourse,04. For Illicit Intercourse,2,0,2,0,0,2,0,2,0,0,0,0,0,0
Mizoram,2007,Kidnap - For Illicit Intercourse,04. For Illicit Intercourse,0,0,0,0,0,0,0,0,0,0,0,0,0,0
Nagaland,2007,Kidnap - For Illicit Intercourse,04. For Illicit Intercourse,0,0,0,0,0,0,0,0,0,0,0,0,0,0
Odisha,2007,Kidnap - For Illicit Intercourse,04. For Illicit Intercourse,126,20,98,9,0,127,0,127,0,0,0,0,0,0
Punjab,2007,Kidnap - For Illicit Intercourse,04. For Illicit Intercourse,32,13,16,4,0,33,0,33,0,0,0,0,0,0
Rajasthan,2007,Kidnap - For Illicit Intercourse,04. For Illicit Intercourse,30,1,27,1,0,29,0,30,1,0,0,0,1,0
Tamil Nadu,2007,Kidnap - For Illicit Intercourse,04. For Illicit Intercourse,62,11,28,15,0,57,3,57,0,0,0,0,0,0
Uttar Pradesh,2007,Kidnap - For Illicit Intercourse,04. For Illicit Intercourse,1018,257,616,145,0,1018,0,1018,0,0,0,0,0,0
Uttarakhand,2007,Kidnap - For Illicit Intercourse,04. For Illicit Intercourse,8,2,6,0,0,8,0,8,0,0,0,0,0,0
West Bengal,2007,Kidnap - For Illicit Intercourse,04. For Illicit Intercourse,164,3,140,16,5,164,0,164,0,0,0,0,0,0
Andhra Pradesh,2008,Kidnap - For Illicit Intercourse,04. For Illicit Intercourse,147,42,90,14,0,149,3,149,0,0,0,0,0,0
Arunachal Pradesh,2008,Kidnap - For Illicit Intercourse,04. For Illicit Intercourse,0,0,0,0,0,0,0,0,0,0,0,0,0,0
Assam,2008,Kidnap - For Illicit Intercourse,04. For Illicit Intercourse,117,0,79,38,0,117,0,117,0,0,0,0,0,0
Bihar,2008,Kidnap - For Illicit Intercourse,04. For Illicit Intercourse,129,31,88,10,0,129,0,129,0,0,0,0,0,0
Chhattisgarh,2008,Kidnap - For Illicit Intercourse,04. For Illicit Intercourse,4,4,0,0,0,4,0,4,0,0,0,0,0,0
Delhi,2008,Kidnap - For Illicit Intercourse,04. For Illicit Intercourse,9,6,3,0,0,9,0,9,0,0,0,0,0,0
Gujarat,2008,Kidnap - For Illicit Intercourse,04. For Illicit Intercourse,178,67,86,9,0,165,3,180,0,12,0,0,15,3
Haryana,2008,Kidnap - For Illicit Intercourse,04. For Illicit Intercourse,120,12,107,4,1,124,0,125,1,0,0,0,1,0
Himachal Pradesh,2008,Kidnap - For Illicit Intercourse,04. For Illicit Intercourse,2,2,1,0,0,3,0,3,0,0,0,0,0,0
Jammu & Kashmir,2008,Kidnap - For Illicit Intercourse,04. For Illicit Intercourse,341,0,295,47,0,342,0,342,0,0,0,0,0,0
Jharkhand,2008,Kidnap - For Illicit Intercourse,04. For Illicit Intercourse,11,8,3,0,0,11,0,11,0,0,0,0,0,0
Karnataka,2008,Kidnap - For Illicit Intercourse,04. For Illicit Intercourse,6,1,5,0,0,6,0,6,0,0,0,0,0,0
Kerala,2008,Kidnap - For Illicit Intercourse,04. For Illicit Intercourse,24,7,10,4,0,23,2,24,1,0,0,0,1,0
Madhya Pradesh,2008,Kidnap - For Illicit Intercourse,04. For Illicit Intercourse,66,32,41,0,0,73,0,73,0,0,0,0,0,0
Maharashtra,2008,Kidnap - For Illicit Intercourse,04. For Illicit Intercourse,20,3,12,2,0,17,0,20,0,3,0,0,3,0
Manipur,2008,Kidnap - For Illicit Intercourse,04. For Illicit Intercourse,0,0,0,0,0,0,0,0,0,0,0,0,0,0
Meghalaya,2008,Kidnap - For Illicit Intercourse,04. For Illicit Intercourse,5,5,0,0,0,5,0,5,0,0,0,0,0,0
Mizoram,2008,Kidnap - For Illicit Intercourse,04. For Illicit Intercourse,0,0,0,0,0,0,0,0,0,0,0,0,0,0
Nagaland,2008,Kidnap - For Illicit Intercourse,04. For Illicit Intercourse,0,0,0,0,0,0,0,0,0,0,0,0,0,0
Odisha,2008,Kidnap - For Illicit Intercourse,04. For Illicit Intercourse,141,3,126,10,0,139,0,141,0,1,1,0,2,0
Puducherry,2008,Kidnap - For Illicit Intercourse,04. For Illicit Intercourse,0,0,0,0,0,0,0,0,0,0,0,0,0,0
Punjab,2008,Kidnap - For Illicit Intercourse,04. For Illicit Intercourse,19,4,13,2,0,19,0,19,0,0,0,0,0,0
Rajasthan,2008,Kidnap - For Illicit Intercourse,04. For Illicit Intercourse,9,1,8,0,0,9,0,9,0,0,0,0,0,0
Sikkim,2008,Kidnap - For Illicit Intercourse,04. For Illicit Intercourse,1,2,0,0,0,2,0,2,0,0,0,0,0,0
Tamil Nadu,2008,Kidnap - For Illicit Intercourse,04. For Illicit Intercourse,34,3,27,3,0,34,1,34,0,0,0,0,0,0
Uttar Pradesh,2008,Kidnap - For Illicit Intercourse,04. For Illicit Intercourse,1272,568,573,129,0,1272,2,1272,0,0,0,0,0,0
Uttarakhand,2008,Kidnap - For Illicit Intercourse,04. For Illicit Intercourse,4,2,2,0,0,4,0,4,0,0,0,0,0,0
West Bengal,2008,Kidnap - For Illicit Intercourse,04. For Illicit Intercourse,18,5,12,0,0,18,1,18,0,0,0,0,0,0
Andhra Pradesh,2009,Kidnap - For Illicit Intercourse,04. For Illicit Intercourse,170,50,105,2,0,158,1,170,0,11,1,0,12,0
Arunachal Pradesh,2009,Kidnap - For Illicit Intercourse,04. For Illicit Intercourse,9,7,0,0,0,9,2,9,0,0,0,0,0,0
Assam,2009,Kidnap - For Illicit Intercourse,04. For Illicit Intercourse,135,0,87,48,0,135,0,135,0,0,0,0,0,0
Bihar,2009,Kidnap - For Illicit Intercourse,04. For Illicit Intercourse,40,0,27,3,0,30,0,40,0,10,0,0,10,0
Chandigarh,2009,Kidnap - For Illicit Intercourse,04. For Illicit Intercourse,0,0,0,0,0,0,0,0,0,0,0,0,0,0
Chhattisgarh,2009,Kidnap - For Illicit Intercourse,04. For Illicit Intercourse,8,5,0,3,0,8,0,8,0,0,0,0,0,0
Delhi,2009,Kidnap - For Illicit Intercourse,04. For Illicit Intercourse,15,15,0,0,0,15,0,15,0,0,0,0,0,0
Gujarat,2009,Kidnap - For Illicit Intercourse,04. For Illicit Intercourse,254,61,155,5,0,222,1,252,9,18,3,0,30,0
Haryana,2009,Kidnap - For Illicit Intercourse,04. For Illicit Intercourse,69,3,57,9,0,69,0,69,0,0,0,0,0,0
Himachal Pradesh,2009,Kidnap - For Illicit Intercourse,04. For Illicit Intercourse,3,2,1,0,0,3,0,3,0,0,0,0,0,0
Jammu & Kashmir,2009,Kidnap - For Illicit Intercourse,04. For Illicit Intercourse,212,17,148,34,0,199,0,199,0,0,0,0,0,0
Jharkhand,2009,Kidnap - For Illicit Intercourse,04. For Illicit Intercourse,53,1,37,0,0,38,0,53,0,8,7,0,15,0
Karnataka,2009,Kidnap - For Illicit Intercourse,04. For Illicit Intercourse,5,0,3,1,0,5,1,5,0,0,0,0,0,0
Kerala,2009,Kidnap - For Illicit Intercourse,04. For Illicit Intercourse,22,8,12,2,0,22,0,22,0,0,0,0,0,0
Madhya Pradesh,2009,Kidnap - For Illicit Intercourse,04. For Illicit Intercourse,69,46,22,0,0,69,1,69,0,0,0,0,0,0
Maharashtra,2009,Kidnap - For Illicit Intercourse,04. For Illicit Intercourse,31,16,11,3,0,33,3,34,0,0,0,0,1,1
Manipur,2009,Kidnap - For Illicit Intercourse,04. For Illicit Intercourse,0,0,0,0,0,0,0,0,0,0,0,0,0,0
Meghalaya,2009,Kidnap - For Illicit Intercourse,04. For Illicit Intercourse,10,3,7,0,0,10,0,10,0,0,0,0,0,0
Nagaland,2009,Kidnap - For Illicit Intercourse,04. For Illicit Intercourse,0,0,0,0,0,0,0,0,0,0,0,0,0,0
Odisha,2009,Kidnap - For Illicit Intercourse,04. For Illicit Intercourse,49,1,45,3,0,49,0,49,0,0,0,0,0,0
Punjab,2009,Kidnap - For Illicit Intercourse,04. For Illicit Intercourse,33,17,15,0,0,33,1,33,0,0,0,0,0,0
Rajasthan,2009,Kidnap - For Illicit Intercourse,04. For Illicit Intercourse,18,9,9,0,0,18,0,18,0,0,0,0,0,0
Tamil Nadu,2009,Kidnap - For Illicit Intercourse,04. For Illicit Intercourse,27,7,15,3,0,25,0,30,0,4,0,1,5,0
Uttar Pradesh,2009,Kidnap - For Illicit Intercourse,04. For Illicit Intercourse,1321,451,675,189,0,1319,4,1321,2,0,0,0,2,0
Uttarakhand,2009,Kidnap - For Illicit Intercourse,04. For Illicit Intercourse,1,0,1,0,0,1,0,1,0,0,0,0,0,0
West Bengal,2009,Kidnap - For Illicit Intercourse,04. For Illicit Intercourse,250,20,194,36,0,250,0,250,0,0,0,0,0,0
Andhra Pradesh,2010,Kidnap - For Illicit Intercourse,04. For Illicit Intercourse,118,27,73,10,0,110,0,118,1,7,0,0,8,0
Arunachal Pradesh,2010,Kidnap - For Illicit Intercourse,04. For Illicit Intercourse,4,3,1,0,0,4,0,4,0,0,0,0,0,0
Assam,2010,Kidnap - For Illicit Intercourse,04. For Illicit Intercourse,241,17,169,55,0,241,0,241,0,0,0,0,0,0
Bihar,2010,Kidnap - For Illicit Intercourse,04. For Illicit Intercourse,48,7,26,15,0,48,0,48,0,0,0,0,0,0
Chhattisgarh,2010,Kidnap - For Illicit Intercourse,04. For Illicit Intercourse,14,10,4,0,0,14,0,14,0,0,0,0,0,0
Delhi,2010,Kidnap - For Illicit Intercourse,04. For Illicit Intercourse,21,21,0,0,0,21,0,21,0,0,0,0,0,0
Gujarat,2010,Kidnap - For Illicit Intercourse,04. For Illicit Intercourse,259,125,106,7,0,241,3,259,0,11,6,0,18,1
Haryana,2010,Kidnap - For Illicit Intercourse,04. For Illicit Intercourse,137,10,120,6,0,137,1,137,0,0,0,0,0,0
Himachal Pradesh,2010,Kidnap - For Illicit Intercourse,04. For Illicit Intercourse,4,5,0,0,0,5,0,5,0,0,0,0,0,0
Jammu & Kashmir,2010,Kidnap - For Illicit Intercourse,04. For Illicit Intercourse,255,2,211,35,0,249,1,255,0,6,0,0,6,0
Jharkhand,2010,Kidnap - For Illicit Intercourse,04. For Illicit Intercourse,34,0,30,4,0,34,0,34,0,0,0,0,0,0
Karnataka,2010,Kidnap - For Illicit Intercourse,04. For Illicit Intercourse,2,1,0,1,0,2,0,2,0,0,0,0,0,0
Kerala,2010,Kidnap - For Illicit Intercourse,04. For Illicit Intercourse,22,13,7,1,0,21,0,22,1,0,0,0,1,0
Madhya Pradesh,2010,Kidnap - For Illicit Intercourse,04. For Illicit Intercourse,79,34,38,5,0,79,2,79,0,0,0,0,0,0
Maharashtra,2010,Kidnap - For Illicit Intercourse,04. For Illicit Intercourse,42,28,5,1,0,37,3,42,1,3,0,0,5,1
Manipur,2010,Kidnap - For Illicit Intercourse,04. For Illicit Intercourse,0,0,0,0,0,0,0,0,0,0,0,0,0,0
Meghalaya,2010,Kidnap - For Illicit Intercourse,04. For Illicit Intercourse,8,1,6,2,0,9,0,9,0,0,0,0,0,0
Mizoram,2010,Kidnap - For Illicit Intercourse,04. For Illicit Intercourse,0,0,0,0,0,0,0,0,0,0,0,0,0,0
Nagaland,2010,Kidnap - For Illicit Intercourse,04. For Illicit Intercourse,0,0,0,0,0,0,0,0,0,0,0,0,0,0
Odisha,2010,Kidnap - For Illicit Intercourse,04. For Illicit Intercourse,87,2,80,1,0,83,0,87,0,4,0,0,4,0
Puducherry,2010,Kidnap - For Illicit Intercourse,04. For Illicit Intercourse,2,2,0,0,0,2,0,2,0,0,0,0,0,0
Punjab,2010,Kidnap - For Illicit Intercourse,04. For Illicit Intercourse,32,7,24,1,0,32,0,32,0,0,0,0,0,0
Rajasthan,2010,Kidnap - For Illicit Intercourse,04. For Illicit Intercourse,30,15,15,0,0,30,0,30,0,0,0,0,0,0
Sikkim,2010,Kidnap - For Illicit Intercourse,04. For Illicit Intercourse,1,2,0,0,0,2,0,2,0,0,0,0,0,0
Tamil Nadu,2010,Kidnap - For Illicit Intercourse,04. For Illicit Intercourse,70,32,34,3,0,69,0,70,0,0,1,0,1,0
Uttar Pradesh,2010,Kidnap - For Illicit Intercourse,04. For Illicit Intercourse,1604,366,1008,226,0,1604,4,1604,0,0,0,0,0,0
West Bengal,2010,Kidnap - For Illicit Intercourse,04. For Illicit Intercourse,25,0,17,8,0,25,0,25,0,0,0,0,0,0
Andaman & Nicobar Islands,2001,Kidnap - For Marriage,05. For Marriage,2,2,0,0,0,2,0,2,0,0,0,0,0,0
Andhra Pradesh,2001,Kidnap - For Marriage,05. For Marriage,339,237,91,4,0,332,0,339,1,6,0,0,7,0
Arunachal Pradesh,2001,Kidnap - For Marriage,05. For Marriage,41,0,39,2,0,41,0,41,0,0,0,0,0,0
Assam,2001,Kidnap - For Marriage,05. For Marriage,751,311,346,0,0,660,3,751,31,24,30,6,91,0
Bihar,2001,Kidnap - For Marriage,05. For Marriage,555,158,319,7,0,484,0,555,9,54,8,0,71,0
Chandigarh,2001,Kidnap - For Marriage,05. For Marriage,43,36,6,1,0,43,0,43,0,0,0,0,0,0
Chhattisgarh,2001,Kidnap - For Marriage,05. For Marriage,148,118,27,1,0,146,0,148,2,0,0,0,2,0
Dadra & Nagar Haveli,2001,Kidnap - For Marriage,05. For Marriage,2,2,0,0,0,2,0,2,0,0,0,0,0,0
Delhi,2001,Kidnap - For Marriage,05. For Marriage,351,254,65,16,0,336,1,342,0,0,0,0,6,6
Goa,2001,Kidnap - For Marriage,05. For Marriage,4,3,1,0,0,4,0,4,0,0,0,0,0,0
Gujarat,2001,Kidnap - For Marriage,05. For Marriage,652,437,160,2,0,602,3,653,14,31,6,0,51,0
Haryana,2001,Kidnap - For Marriage,05. For Marriage,174,121,51,3,0,175,0,175,0,0,0,0,0,0
Himachal Pradesh,2001,Kidnap - For Marriage,05. For Marriage,89,41,33,12,2,88,0,89,1,0,0,0,1,0
Jammu & Kashmir,2001,Kidnap - For Marriage,05. For Marriage,256,90,161,5,0,256,0,256,0,0,0,0,0,0
Jharkhand,2001,Kidnap - For Marriage,05. For Marriage,209,93,119,2,0,214,0,214,0,0,0,0,0,0
Karnataka,2001,Kidnap - For Marriage,05. For Marriage,116,72,41,0,0,113,0,117,0,4,0,0,4,0
Kerala,2001,Kidnap - For Marriage,05. For Marriage,53,34,19,0,0,53,0,53,0,0,0,0,0,0
Madhya Pradesh,2001,Kidnap - For Marriage,05. For Marriage,379,259,85,21,0,366,1,379,8,3,2,0,13,0
Maharashtra,2001,Kidnap - For Marriage,05. For Marriage,481,378,93,6,0,478,1,484,2,4,0,0,6,0
Manipur,2001,Kidnap - For Marriage,05. For Marriage,62,34,28,0,0,62,0,62,0,0,0,0,0,0
Meghalaya,2001,Kidnap - For Marriage,05. For Marriage,6,4,1,1,0,6,0,6,0,0,0,0,0,0
Mizoram,2001,Kidnap - For Marriage,05. For Marriage,1,1,2,0,0,3,0,3,0,0,0,0,0,0
Nagaland,2001,Kidnap - For Marriage,05. For Marriage,5,5,1,0,0,6,0,6,0,0,0,0,0,0
Odisha,2001,Kidnap - For Marriage,05. For Marriage,252,122,137,0,0,259,0,259,0,0,0,0,0,0
Puducherry,2001,Kidnap - For Marriage,05. For Marriage,3,3,0,0,0,3,0,3,0,0,0,0,0,0
Punjab,2001,Kidnap - For Marriage,05. For Marriage,150,90,57,3,0,150,0,150,0,0,0,0,0,0
Rajasthan,2001,Kidnap - For Marriage,05. For Marriage,1563,388,834,310,0,1540,8,1563,10,13,0,0,23,0
Tamil Nadu,2001,Kidnap - For Marriage,05. For Marriage,435,101,234,0,0,335,0,435,48,16,36,0,100,0
Tripura,2001,Kidnap - For Marriage,05. For Marriage,6,8,6,8,0,22,0,22,0,0,0,0,0,0
Uttar Pradesh,2001,Kidnap - For Marriage,05. For Marriage,1647,514,901,229,3,1647,0,1647,0,0,0,0,0,0
Uttarakhand,2001,Kidnap - For Marriage,05. For Marriage,90,17,73,0,0,90,0,90,0,0,0,0,0,0
West Bengal,2001,Kidnap - For Marriage,05. For Marriage,334,168,164,2,0,334,0,334,0,0,0,0,0,0
Andaman & Nicobar Islands,2002,Kidnap - For Marriage,05. For Marriage,1,1,0,0,0,1,0,1,0,0,0,0,0,0
Andhra Pradesh,2002,Kidnap - For Marriage,05. For Marriage,392,48,337,4,0,389,0,392,0,0,3,0,3,0
Arunachal Pradesh,2002,Kidnap - For Marriage,05. For Marriage,36,3,32,1,0,36,0,36,0,0,0,0,0,0
Assam,2002,Kidnap - For Marriage,05. For Marriage,841,1,325,512,0,838,0,850,0,12,0,0,12,0
Bihar,2002,Kidnap - For Marriage,05. For Marriage,609,6,301,0,0,307,0,434,3,117,7,0,127,0
Chandigarh,2002,Kidnap - For Marriage,05. For Marriage,43,29,15,0,0,44,0,44,0,0,0,0,0,0
Chhattisgarh,2002,Kidnap - For Marriage,05. For Marriage,126,51,69,1,0,126,5,126,0,0,0,0,0,0
Dadra & Nagar Haveli,2002,Kidnap - For Marriage,05. For Marriage,4,0,4,0,0,4,0,4,0,0,0,0,0,0
Daman & Diu,2002,Kidnap - For Marriage,05. For Marriage,1,0,0,0,0,0,0,1,0,1,0,0,1,0
Delhi,2002,Kidnap - For Marriage,05. For Marriage,342,216,127,8,0,351,0,355,0,4,0,0,4,0
Gujarat,2002,Kidnap - For Marriage,05. For Marriage,624,231,358,7,0,596,0,630,3,13,17,1,34,0
Haryana,2002,Kidnap - For Marriage,05. For Marriage,160,10,146,5,0,161,0,161,0,0,0,0,0,0
Himachal Pradesh,2002,Kidnap - For Marriage,05. For Marriage,103,18,63,3,0,84,0,105,0,4,16,1,21,0
Jammu & Kashmir,2002,Kidnap - For Marriage,05. For Marriage,355,23,301,31,0,355,0,355,0,0,0,0,0,0
Jharkhand,2002,Kidnap - For Marriage,05. For Marriage,312,2,399,9,0,410,0,410,0,0,0,0,0,0
Karnataka,2002,Kidnap - For Marriage,05. For Marriage,73,8,48,15,0,71,0,73,0,2,0,0,2,0
Kerala,2002,Kidnap - For Marriage,05. For Marriage,36,24,11,1,0,36,0,36,0,0,0,0,0,0
Madhya Pradesh,2002,Kidnap - For Marriage,05. For Marriage,331,2,268,61,0,331,0,331,0,0,0,0,0,0
Maharashtra,2002,Kidnap - For Marriage,05. For Marriage,465,250,215,3,1,469,0,470,0,0,1,0,1,0
Manipur,2002,Kidnap - For Marriage,05. For Marriage,82,42,33,7,0,82,0,82,0,0,0,0,0,0
Meghalaya,2002,Kidnap - For Marriage,05. For Marriage,8,1,7,0,0,8,0,8,0,0,0,0,0,0
Nagaland,2002,Kidnap - For Marriage,05. For Marriage,0,0,0,0,0,0,0,0,0,0,0,0,0,0
Odisha,2002,Kidnap - For Marriage,05. For Marriage,232,2,228,1,0,231,0,231,0,0,0,0,0,0
Puducherry,2002,Kidnap - For Marriage,05. For Marriage,4,2,2,0,0,4,0,4,0,0,0,0,0,0
Punjab,2002,Kidnap - For Marriage,05. For Marriage,246,26,215,9,0,250,0,250,0,0,0,0,0,0
Rajasthan,2002,Kidnap - For Marriage,05. For Marriage,1567,24,1325,206,0,1555,0,1567,3,8,1,0,12,0
Tamil Nadu,2002,Kidnap - For Marriage,05. For Marriage,466,226,137,7,0,370,0,391,10,8,2,0,21,1
Tripura,2002,Kidnap - For Marriage,05. For Marriage,24,0,16,8,0,24,0,24,0,0,0,0,0,0
Uttar Pradesh,2002,Kidnap - For Marriage,05. For Marriage,1180,115,812,161,4,1092,0,1180,17,71,0,0,88,0
Uttarakhand,2002,Kidnap - For Marriage,05. For Marriage,146,0,142,4,0,146,0,146,0,0,0,0,0,0
West Bengal,2002,Kidnap - For Marriage,05. For Marriage,304,50,236,18,0,304,0,304,0,0,0,0,0,0
Andaman & Nicobar Islands,2003,Kidnap - For Marriage,05. For Marriage,1,1,0,0,0,1,0,1,0,0,0,0,0,0
Andhra Pradesh,2003,Kidnap - For Marriage,05. For Marriage,416,193,185,15,0,393,0,395,0,2,0,0,2,0
Arunachal Pradesh,2003,Kidnap - For Marriage,05. For Marriage,47,2,40,0,0,42,0,47,0,5,0,0,5,0
Assam,2003,Kidnap - For Marriage,05. For Marriage,972,0,669,303,0,972,0,972,0,0,0,0,0,0
Bihar,2003,Kidnap - For Marriage,05. For Marriage,679,15,501,0,0,516,0,679,5,116,42,0,163,0
Chandigarh,2003,Kidnap - For Marriage,05. For Marriage,15,4,12,0,0,16,0,16,0,0,0,0,0,0
Chhattisgarh,2003,Kidnap - For Marriage,05. For Marriage,114,27,80,5,0,113,1,114,1,0,0,0,1,0
Dadra & Nagar Haveli,2003,Kidnap - For Marriage,05. For Marriage,3,3,0,0,0,3,0,3,0,0,0,0,0,0
Daman & Diu,2003,Kidnap - For Marriage,05. For Marriage,0,0,0,0,0,0,0,0,0,0,0,0,0,0
Delhi,2003,Kidnap - For Marriage,05. For Marriage,244,95,147,3,0,245,0,245,0,0,0,0,0,0
Goa,2003,Kidnap - For Marriage,05. For Marriage,7,4,3,0,0,7,0,7,0,0,0,0,0,0
Gujarat,2003,Kidnap - For Marriage,05. For Marriage,593,175,342,33,0,552,2,594,6,36,0,0,42,0
Haryana,2003,Kidnap - For Marriage,05. For Marriage,160,80,77,5,0,162,0,162,0,0,0,0,0,0
Himachal Pradesh,2003,Kidnap - For Marriage,05. For Marriage,79,18,49,4,0,71,0,80,3,6,0,0,9,0
Jammu & Kashmir,2003,Kidnap - For Marriage,05. For Marriage,372,38,306,28,0,372,0,372,0,0,0,0,0,0
Jharkhand,2003,Kidnap - For Marriage,05. For Marriage,165,2,73,23,0,98,0,111,0,13,0,0,13,0
Karnataka,2003,Kidnap - For Marriage,05. For Marriage,82,53,28,1,0,82,0,82,0,0,0,0,0,0
Kerala,2003,Kidnap - For Marriage,05. For Marriage,37,3,34,0,0,37,0,37,0,0,0,0,0,0
Madhya Pradesh,2003,Kidnap - For Marriage,05. For Marriage,288,51,217,16,0,285,1,288,0,1,0,0,3,2
Maharashtra,2003,Kidnap - For Marriage,05. For Marriage,426,233,192,2,0,427,0,433,2,4,0,0,6,0
Manipur,2003,Kidnap - For Marriage,05. For Marriage,71,26,43,2,0,71,0,71,0,0,0,0,0,0
Meghalaya,2003,Kidnap - For Marriage,05. For Marriage,2,1,1,0,0,2,0,2,0,0,0,0,0,0
Mizoram,2003,Kidnap - For Marriage,05. For Marriage,1,2,0,0,0,2,0,2,0,0,0,0,0,0
Nagaland,2003,Kidnap - For Marriage,05. For Marriage,0,0,0,0,0,0,0,0,0,0,0,0,0,0
Odisha,2003,Kidnap - For Marriage,05. For Marriage,192,8,183,0,0,191,0,192,0,1,0,0,1,0
Puducherry,2003,Kidnap - For Marriage,05. For Marriage,11,10,1,0,0,11,0,11,0,0,0,0,0,0
Punjab,2003,Kidnap - For Marriage,05. For Marriage,149,18,147,2,0,167,0,167,0,0,0,0,0,0
Rajasthan,2003,Kidnap - For Marriage,05. For Marriage,1216,28,963,209,16,1216,0,1216,0,0,0,0,0,0
Tamil Nadu,2003,Kidnap - For Marriage,05. For Marriage,502,2,444,33,0,481,2,514,4,29,0,0,33,0
Tripura,2003,Kidnap - For Marriage,05. For Marriage,26,0,8,12,6,26,0,26,0,0,0,0,0,0
Uttar Pradesh,2003,Kidnap - For Marriage,05. For Marriage,895,207,582,104,0,895,2,895,0,0,0,0,0,0
Uttarakhand,2003,Kidnap - For Marriage,05. For Marriage,80,7,71,2,0,80,0,80,0,0,0,0,0,0
West Bengal,2003,Kidnap - For Marriage,05. For Marriage,603,32,561,12,0,605,0,605,0,0,0,0,0,0
Andaman & Nicobar Islands,2004,Kidnap - For Marriage,05. For Marriage,2,2,0,0,0,2,0,2,0,0,0,0,0,0
Andhra Pradesh,2004,Kidnap - For Marriage,05. For Marriage,388,133,230,12,0,376,1,388,0,6,6,0,12,0
Arunachal Pradesh,2004,Kidnap - For Marriage,05. For Marriage,35,5,30,0,0,35,0,35,0,0,0,0,0,0
Assam,2004,Kidnap - For Marriage,05. For Marriage,1181,0,1022,159,0,1181,0,1181,0,0,0,0,0,0
Bihar,2004,Kidnap - For Marriage,05. For Marriage,833,2,754,9,0,765,0,833,8,55,5,0,68,0
Chandigarh,2004,Kidnap - For Marriage,05. For Marriage,27,23,4,0,0,27,0,27,0,0,0,0,0,0
Chhattisgarh,2004,Kidnap - For Marriage,05. For Marriage,101,46,55,0,0,101,0,101,0,0,0,0,0,0
Dadra & Nagar Haveli,2004,Kidnap - For Marriage,05. For Marriage,6,5,1,0,0,6,0,6,0,0,0,0,0,0
Delhi,2004,Kidnap - For Marriage,05. For Marriage,309,126,183,0,0,309,0,309,0,0,0,0,0,0
Goa,2004,Kidnap - For Marriage,05. For Marriage,4,4,0,0,0,4,0,4,0,0,0,0,0,0
Gujarat,2004,Kidnap - For Marriage,05. For Marriage,688,251,410,9,0,672,2,692,2,16,1,0,20,1
Haryana,2004,Kidnap - For Marriage,05. For Marriage,173,15,139,3,0,157,0,174,7,10,0,0,17,0
Himachal Pradesh,2004,Kidnap - For Marriage,05. For Marriage,91,16,70,5,0,91,0,91,0,0,0,0,0,0
Jammu & Kashmir,2004,Kidnap - For Marriage,05. For Marriage,301,27,237,38,0,302,0,302,0,0,0,0,0,0
Jharkhand,2004,Kidnap - For Marriage,05. For Marriage,157,2,73,23,0,98,0,109,0,11,0,0,11,0
Karnataka,2004,Kidnap - For Marriage,05. For Marriage,73,16,52,0,0,68,0,73,0,2,3,0,5,0
Kerala,2004,Kidnap - For Marriage,05. For Marriage,27,11,16,0,0,27,0,27,0,0,0,0,0,0
Madhya Pradesh,2004,Kidnap - For Marriage,05. For Marriage,305,101,188,16,0,305,0,305,0,0,0,0,0,0
Maharashtra,2004,Kidnap - For Marriage,05. For Marriage,504,234,269,8,0,511,0,512,0,1,0,0,1,0
Manipur,2004,Kidnap - For Marriage,05. For Marriage,56,17,34,5,0,56,0,56,0,0,0,0,0,0
Meghalaya,2004,Kidnap - For Marriage,05. For Marriage,16,10,6,0,0,16,0,16,0,0,0,0,0,0
Mizoram,2004,Kidnap - For Marriage,05. For Marriage,0,0,0,0,0,0,0,0,0,0,0,0,0,0
Nagaland,2004,Kidnap - For Marriage,05. For Marriage,0,0,0,0,0,0,0,0,0,0,0,0,0,0
Odisha,2004,Kidnap - For Marriage,05. For Marriage,165,0,125,45,0,170,0,174,0,2,2,0,4,0
Puducherry,2004,Kidnap - For Marriage,05. For Marriage,8,4,4,0,0,8,0,8,0,0,0,0,0,0
Punjab,2004,Kidnap - For Marriage,05. For Marriage,149,10,141,1,0,152,0,152,0,0,0,0,0,0
Rajasthan,2004,Kidnap - For Marriage,05. For Marriage,1334,67,1046,219,1,1334,1,1334,0,0,0,0,0,0
Sikkim,2004,Kidnap - For Marriage,05. For Marriage,1,1,0,0,0,1,0,1,0,0,0,0,0,0
Tamil Nadu,2004,Kidnap - For Marriage,05. For Marriage,541,71,447,11,0,529,0,541,0,11,1,0,12,0
Tripura,2004,Kidnap - For Marriage,05. For Marriage,54,10,44,0,0,54,0,54,0,0,0,0,0,0
Uttar Pradesh,2004,Kidnap - For Marriage,05. For Marriage,1347,242,952,153,0,1347,0,1347,0,0,0,0,0,0
Uttarakhand,2004,Kidnap - For Marriage,05. For Marriage,121,29,72,19,0,121,1,121,0,0,0,0,0,0
West Bengal,2004,Kidnap - For Marriage,05. For Marriage,797,90,659,48,0,797,0,797,0,0,0,0,0,0
Andaman & Nicobar Islands,2005,Kidnap - For Marriage,05. For Marriage,1,1,0,0,0,1,0,1,0,0,0,0,0,0
Andhra Pradesh,2005,Kidnap - For Marriage,05. For Marriage,525,193,332,2,0,527,0,527,0,0,0,0,0,0
Arunachal Pradesh,2005,Kidnap - For Marriage,05. For Marriage,30,2,26,1,0,29,0,30,0,1,0,0,1,0
Assam,2005,Kidnap - For Marriage,05. For Marriage,1228,14,1046,168,0,1228,0,1228,0,0,0,0,0,0
Bihar,2005,Kidnap - For Marriage,05. For Marriage,860,5,818,14,0,837,0,860,1,16,6,0,23,0
Chandigarh,2005,Kidnap - For Marriage,05. For Marriage,30,17,13,0,0,30,0,30,0,0,0,0,0,0
Chhattisgarh,2005,Kidnap - For Marriage,05. For Marriage,129,52,73,3,0,128,0,129,0,0,1,0,1,0
Dadra & Nagar Haveli,2005,Kidnap - For Marriage,05. For Marriage,3,3,0,0,0,3,0,3,0,0,0,0,0,0
Delhi,2005,Kidnap - For Marriage,05. For Marriage,276,113,159,4,0,276,0,276,0,0,0,0,0,0
Goa,2005,Kidnap - For Marriage,05. For Marriage,4,5,0,0,0,5,0,5,0,0,0,0,0,0
Gujarat,2005,Kidnap - For Marriage,05. For Marriage,660,151,504,7,0,662,0,666,0,3,1,0,4,0
Haryana,2005,Kidnap - For Marriage,05. For Marriage,213,18,108,91,0,217,0,217,0,0,0,0,0,0
Himachal Pradesh,2005,Kidnap - For Marriage,05. For Marriage,93,32,59,2,0,93,0,93,0,0,0,0,0,0
Jammu & Kashmir,2005,Kidnap - For Marriage,05. For Marriage,293,45,166,82,0,293,0,293,0,0,0,0,0,0
Jharkhand,2005,Kidnap - For Marriage,05. For Marriage,117,8,1,21,0,30,0,117,0,12,75,0,87,0
Karnataka,2005,Kidnap - For Marriage,05. For Marriage,91,22,66,1,0,89,0,92,0,2,1,0,3,0
Kerala,2005,Kidnap - For Marriage,05. For Marriage,36,10,26,0,0,36,0,36,0,0,0,0,0,0
Madhya Pradesh,2005,Kidnap - For Marriage,05. For Marriage,355,101,168,83,0,355,3,355,0,0,0,0,0,0
Maharashtra,2005,Kidnap - For Marriage,05. For Marriage,530,252,259,18,0,530,1,534,1,3,0,0,4,0
Manipur,2005,Kidnap - For Marriage,05. For Marriage,65,11,46,8,0,65,0,65,0,0,0,0,0,0
Meghalaya,2005,Kidnap - For Marriage,05. For Marriage,9,7,2,0,0,9,0,9,0,0,0,0,0,0
Mizoram,2005,Kidnap - For Marriage,05. For Marriage,0,0,0,0,0,0,0,0,0,0,0,0,0,0
Nagaland,2005,Kidnap - For Marriage,05. For Marriage,0,0,0,0,0,0,0,0,0,0,0,0,0,0
Odisha,2005,Kidnap - For Marriage,05. For Marriage,272,0,223,11,0,234,0,272,0,30,0,8,38,0
Puducherry,2005,Kidnap - For Marriage,05. For Marriage,3,2,1,0,0,3,0,3,0,0,0,0,0,0
Punjab,2005,Kidnap - For Marriage,05. For Marriage,168,21,148,28,0,197,0,198,0,1,0,0,1,0
Rajasthan,2005,Kidnap - For Marriage,05. For Marriage,968,57,740,170,1,968,0,968,0,0,0,0,0,0
Sikkim,2005,Kidnap - For Marriage,05. For Marriage,2,1,1,0,0,2,0,2,0,0,0,0,0,0
Tamil Nadu,2005,Kidnap - For Marriage,05. For Marriage,607,69,428,72,0,569,0,609,0,40,0,0,40,0
Tripura,2005,Kidnap - For Marriage,05. For Marriage,18,0,18,0,0,18,0,18,0,0,0,0,0,0
Uttar Pradesh,2005,Kidnap - For Marriage,05. For Marriage,1191,369,695,126,0,1191,1,1191,0,0,0,0,0,0
Uttarakhand,2005,Kidnap - For Marriage,05. For Marriage,82,29,51,2,0,82,0,82,0,0,0,0,0,0
West Bengal,2005,Kidnap - For Marriage,05. For Marriage,966,76,840,50,0,966,0,966,0,0,0,0,0,0
Andhra Pradesh,2006,Kidnap - For Marriage,05. For Marriage,651,253,401,14,0,668,0,675,1,6,0,0,7,0
Arunachal Pradesh,2006,Kidnap - For Marriage,05. For Marriage,42,18,24,0,0,42,0,42,0,0,0,0,0,0
Assam,2006,Kidnap - For Marriage,05. For Marriage,1255,25,1032,198,0,1255,0,1255,0,0,0,0,0,0
Bihar,2006,Kidnap - For Marriage,05. For Marriage,789,5,641,52,0,698,0,789,0,91,0,0,91,0
Chandigarh,2006,Kidnap - For Marriage,05. For Marriage,52,37,15,0,0,52,0,52,0,0,0,0,0,0
Chhattisgarh,2006,Kidnap - For Marriage,05. For Marriage,126,54,66,4,0,126,2,126,0,0,0,0,0,0
Dadra & Nagar Haveli,2006,Kidnap - For Marriage,05. For Marriage,12,8,4,0,0,12,0,12,0,0,0,0,0,0
Delhi,2006,Kidnap - For Marriage,05. For Marriage,218,151,67,0,0,218,0,218,0,0,0,0,0,0
Goa,2006,Kidnap - For Marriage,05. For Marriage,1,0,1,0,0,1,0,1,0,0,0,0,0,0
Gujarat,2006,Kidnap - For Marriage,05. For Marriage,713,205,445,61,0,711,0,719,0,7,1,0,8,0
Haryana,2006,Kidnap - For Marriage,05. For Marriage,298,48,284,1,0,333,0,339,3,3,0,0,6,0
Himachal Pradesh,2006,Kidnap - For Marriage,05. For Marriage,95,48,39,7,0,95,1,95,0,0,0,0,0,0
Jammu & Kashmir,2006,Kidnap - For Marriage,05. For Marriage,269,1,218,35,0,254,0,254,0,0,0,0,0,0
Jharkhand,2006,Kidnap - For Marriage,05. For Marriage,292,114,101,20,0,235,0,266,14,13,4,0,31,0
Karnataka,2006,Kidnap - For Marriage,05. For Marriage,87,28,46,1,0,75,0,101,0,20,6,0,26,0
Kerala,2006,Kidnap - For Marriage,05. For Marriage,86,32,53,1,0,86,0,86,0,0,0,0,0,0
Madhya Pradesh,2006,Kidnap - For Marriage,05. For Marriage,370,140,207,23,0,370,0,370,0,0,0,0,0,0
Maharashtra,2006,Kidnap - For Marriage,05. For Marriage,631,372,249,14,0,635,0,647,0,12,0,0,12,0
Manipur,2006,Kidnap - For Marriage,05. For Marriage,58,23,29,6,0,58,0,58,0,0,0,0,0,0
Meghalaya,2006,Kidnap - For Marriage,05. For Marriage,9,5,4,0,0,9,0,9,0,0,0,0,0,0
Mizoram,2006,Kidnap - For Marriage,05. For Marriage,1,0,1,0,0,1,0,1,0,0,0,0,0,0
Nagaland,2006,Kidnap - For Marriage,05. For Marriage,0,0,0,0,0,0,0,0,0,0,0,0,0,0
Odisha,2006,Kidnap - For Marriage,05. For Marriage,345,35,281,11,0,327,0,341,0,11,3,0,14,0
Puducherry,2006,Kidnap - For Marriage,05. For Marriage,10,9,1,0,0,10,0,10,0,0,0,0,0,0
Punjab,2006,Kidnap - For Marriage,05. For Marriage,315,109,210,3,0,324,2,326,1,0,1,0,2,0
Rajasthan,2006,Kidnap - For Marriage,05. For Marriage,1060,231,620,177,32,1060,0,1060,0,0,0,0,0,0
Sikkim,2006,Kidnap - For Marriage,05. For Marriage,2,2,0,0,0,2,0,2,0,0,0,0,0,0
Tamil Nadu,2006,Kidnap - For Marriage,05. For Marriage,488,84,385,19,0,488,0,495,0,7,0,0,7,0
Tripura,2006,Kidnap - For Marriage,05. For Marriage,44,0,40,4,0,44,0,44,0,0,0,0,0,0
Uttar Pradesh,2006,Kidnap - For Marriage,05. For Marriage,1332,420,768,144,0,1332,0,1332,0,0,0,0,0,0
Uttarakhand,2006,Kidnap - For Marriage,05. For Marriage,94,15,79,0,0,94,0,94,0,0,0,0,0,0
West Bengal,2006,Kidnap - For Marriage,05. For Marriage,929,125,792,12,0,929,0,929,0,0,0,0,0,0
Andhra Pradesh,2007,Kidnap - For Marriage,05. For Marriage,705,310,304,27,1,643,1,706,2,55,4,0,63,2
Arunachal Pradesh,2007,Kidnap - For Marriage,05. For Marriage,35,0,35,0,0,35,0,35,0,0,0,0,0,0
Assam,2007,Kidnap - For Marriage,05. For Marriage,1249,29,635,585,0,1249,0,1249,0,0,0,0,0,0
Bihar,2007,Kidnap - For Marriage,05. For Marriage,1122,237,790,65,0,1092,0,1122,0,14,16,0,30,0
Chandigarh,2007,Kidnap - For Marriage,05. For Marriage,44,34,10,0,0,44,0,44,0,0,0,0,0,0
Chhattisgarh,2007,Kidnap - For Marriage,05. For Marriage,121,42,44,34,0,121,1,121,0,0,0,0,0,0
Dadra & Nagar Haveli,2007,Kidnap - For Marriage,05. For Marriage,6,5,1,0,0,6,0,6,0,0,0,0,0,0
Delhi,2007,Kidnap - For Marriage,05. For Marriage,278,201,74,2,0,277,0,278,0,1,0,0,1,0
Goa,2007,Kidnap - For Marriage,05. For Marriage,3,3,0,0,0,3,0,3,0,0,0,0,0,0
Gujarat,2007,Kidnap - For Marriage,05. For Marriage,783,312,391,46,1,752,2,781,2,24,3,0,29,0
Haryana,2007,Kidnap - For Marriage,05. For Marriage,351,12,326,6,0,344,0,352,8,0,0,0,8,0
Himachal Pradesh,2007,Kidnap - For Marriage,05. For Marriage,128,71,52,4,0,127,0,129,2,0,0,0,2,0
Jammu & Kashmir,2007,Kidnap - For Marriage,05. For Marriage,370,2,284,84,0,370,0,370,0,0,0,0,0,0
Jharkhand,2007,Kidnap - For Marriage,05. For Marriage,413,2,281,63,0,346,0,413,1,43,21,2,67,0
Karnataka,2007,Kidnap - For Marriage,05. For Marriage,113,26,83,1,0,110,0,113,0,2,0,1,3,0
Kerala,2007,Kidnap - For Marriage,05. For Marriage,67,25,42,0,0,67,0,67,0,0,0,0,0,0
Madhya Pradesh,2007,Kidnap - For Marriage,05. For Marriage,432,149,250,27,0,438,12,438,0,0,0,0,0,0
Maharashtra,2007,Kidnap - For Marriage,05. For Marriage,671,368,298,5,0,673,2,675,1,1,0,0,2,0
Manipur,2007,Kidnap - For Marriage,05. For Marriage,69,37,30,2,0,69,0,69,0,0,0,0,0,0
Meghalaya,2007,Kidnap - For Marriage,05. For Marriage,10,3,7,0,0,10,0,10,0,0,0,0,0,0
Mizoram,2007,Kidnap - For Marriage,05. For Marriage,0,0,0,0,0,0,0,0,0,0,0,0,0,0
Nagaland,2007,Kidnap - For Marriage,05. For Marriage,2,1,1,0,0,2,0,2,0,0,0,0,0,0
Odisha,2007,Kidnap - For Marriage,05. For Marriage,309,6,285,15,0,306,0,306,0,0,0,0,0,0
Puducherry,2007,Kidnap - For Marriage,05. For Marriage,13,9,4,0,0,13,0,13,0,0,0,0,0,0
Punjab,2007,Kidnap - For Marriage,05. For Marriage,446,219,231,1,0,454,3,454,0,0,0,0,0,0
Rajasthan,2007,Kidnap - For Marriage,05. For Marriage,1114,294,644,167,4,1114,5,1114,0,0,0,0,0,0
Sikkim,2007,Kidnap - For Marriage,05. For Marriage,3,3,0,0,0,3,0,3,0,0,0,0,0,0
Tamil Nadu,2007,Kidnap - For Marriage,05. For Marriage,838,134,672,30,0,836,0,840,0,2,2,0,4,0
Tripura,2007,Kidnap - For Marriage,05. For Marriage,71,11,46,14,0,71,0,71,0,0,0,0,0,0
Uttar Pradesh,2007,Kidnap - For Marriage,05. For Marriage,2239,571,1375,293,0,2239,0,2239,0,0,0,0,0,0
Uttarakhand,2007,Kidnap - For Marriage,05. For Marriage,190,28,128,34,0,190,0,190,0,0,0,0,0,0
West Bengal,2007,Kidnap - For Marriage,05. For Marriage,661,36,607,18,0,661,0,661,0,0,0,0,0,0
Andhra Pradesh,2008,Kidnap - For Marriage,05. For Marriage,817,262,449,29,0,742,2,802,0,57,3,0,60,0
Arunachal Pradesh,2008,Kidnap - For Marriage,05. For Marriage,24,2,22,0,0,24,0,24,0,0,0,0,0,0
Assam,2008,Kidnap - For Marriage,05. For Marriage,1369,0,746,623,0,1369,0,1369,0,0,0,0,0,0
Bihar,2008,Kidnap - For Marriage,05. For Marriage,1551,323,1192,13,0,1529,1,1551,0,22,0,0,22,0
Chandigarh,2008,Kidnap - For Marriage,05. For Marriage,35,29,6,0,0,35,0,35,0,0,0,0,0,0
Chhattisgarh,2008,Kidnap - For Marriage,05. For Marriage,190,56,78,47,0,184,3,190,3,3,0,0,6,0
Dadra & Nagar Haveli,2008,Kidnap - For Marriage,05. For Marriage,10,9,1,0,0,10,0,10,0,0,0,0,0,0
Delhi,2008,Kidnap - For Marriage,05. For Marriage,239,165,74,0,0,239,0,240,0,1,0,0,1,0
Goa,2008,Kidnap - For Marriage,05. For Marriage,11,8,4,0,0,12,0,12,0,0,0,0,0,0
Gujarat,2008,Kidnap - For Marriage,05. For Marriage,828,356,400,49,0,805,0,833,0,20,8,0,28,0
Haryana,2008,Kidnap - For Marriage,05. For Marriage,419,11,375,27,0,413,0,421,8,0,0,0,8,0
Himachal Pradesh,2008,Kidnap - For Marriage,05. For Marriage,124,76,45,2,0,123,0,124,0,1,0,0,1,0
Jammu & Kashmir,2008,Kidnap - For Marriage,05. For Marriage,279,0,240,39,0,279,0,279,0,0,0,0,0,0
Jharkhand,2008,Kidnap - For Marriage,05. For Marriage,332,21,245,7,0,273,0,332,0,48,11,0,59,0
Karnataka,2008,Kidnap - For Marriage,05. For Marriage,131,32,88,1,0,121,0,124,0,3,0,0,3,0
Kerala,2008,Kidnap - For Marriage,05. For Marriage,87,48,37,1,0,86,0,87,0,1,0,0,1,0
Madhya Pradesh,2008,Kidnap - For Marriage,05. For Marriage,495,140,321,28,0,493,4,493,0,0,0,0,0,0
Maharashtra,2008,Kidnap - For Marriage,05. For Marriage,705,370,291,41,0,702,0,702,0,0,0,0,0,0
Manipur,2008,Kidnap - For Marriage,05. For Marriage,64,31,31,2,0,64,0,64,0,0,0,0,0,0
Meghalaya,2008,Kidnap - For Marriage,05. For Marriage,13,6,5,2,0,13,0,13,0,0,0,0,0,0
Mizoram,2008,Kidnap - For Marriage,05. For Marriage,1,0,1,0,0,1,0,1,0,0,0,0,0,0
Nagaland,2008,Kidnap - For Marriage,05. For Marriage,1,1,0,0,0,1,0,1,0,0,0,0,0,0
Odisha,2008,Kidnap - For Marriage,05. For Marriage,335,2,295,38,0,335,0,335,0,0,0,0,0,0
Puducherry,2008,Kidnap - For Marriage,05. For Marriage,8,8,0,0,0,8,0,8,0,0,0,0,0,0
Punjab,2008,Kidnap - For Marriage,05. For Marriage,384,143,236,5,0,390,6,391,0,0,1,0,1,0
Rajasthan,2008,Kidnap - For Marriage,05. For Marriage,1016,217,668,121,9,1017,2,1017,0,0,0,0,0,0
Sikkim,2008,Kidnap - For Marriage,05. For Marriage,2,2,0,0,0,2,0,2,0,0,0,0,0,0
Tamil Nadu,2008,Kidnap - For Marriage,05. For Marriage,887,198,660,30,0,889,1,890,1,0,0,0,1,0
Tripura,2008,Kidnap - For Marriage,05. For Marriage,89,15,73,1,0,89,0,89,0,0,0,0,0,0
Uttar Pradesh,2008,Kidnap - For Marriage,05. For Marriage,3106,1397,1444,265,0,3106,0,3106,0,0,0,0,0,0
Uttarakhand,2008,Kidnap - For Marriage,05. For Marriage,152,18,128,6,0,152,0,152,0,0,0,0,0,0
West Bengal,2008,Kidnap - For Marriage,05. For Marriage,835,26,780,0,0,806,0,835,0,29,0,0,29,0
Andhra Pradesh,2009,Kidnap - For Marriage,05. For Marriage,722,331,361,1,0,693,0,722,1,19,9,0,29,0
Arunachal Pradesh,2009,Kidnap - For Marriage,05. For Marriage,19,1,18,0,0,19,0,19,0,0,0,0,0,0
Assam,2009,Kidnap - For Marriage,05. For Marriage,1595,0,845,750,0,1595,0,1595,0,0,0,0,0,0
Bihar,2009,Kidnap - For Marriage,05. For Marriage,1863,406,1335,58,0,1799,0,1863,34,30,0,0,64,0
Chandigarh,2009,Kidnap - For Marriage,05. For Marriage,18,15,3,0,0,18,0,18,0,0,0,0,0,0
Chhattisgarh,2009,Kidnap - For Marriage,05. For Marriage,58,17,19,0,0,58,22,58,0,0,0,0,0,0
Dadra & Nagar Haveli,2009,Kidnap - For Marriage,05. For Marriage,9,7,2,0,0,9,0,9,0,0,0,0,0,0
Delhi,2009,Kidnap - For Marriage,05. For Marriage,221,173,42,4,0,219,0,223,0,2,2,0,4,0
Goa,2009,Kidnap - For Marriage,05. For Marriage,7,5,2,0,0,7,0,7,0,0,0,0,0,0
Gujarat,2009,Kidnap - For Marriage,05. For Marriage,772,299,397,51,0,751,4,782,0,18,13,0,31,0
Haryana,2009,Kidnap - For Marriage,05. For Marriage,513,105,354,25,28,513,1,513,0,0,0,0,0,0
Himachal Pradesh,2009,Kidnap - For Marriage,05. For Marriage,113,74,30,3,0,107,0,116,1,6,2,0,9,0
Jammu & Kashmir,2009,Kidnap - For Marriage,05. For Marriage,456,92,340,39,0,471,0,477,0,6,0,0,6,0
Jharkhand,2009,Kidnap - For Marriage,05. For Marriage,364,21,226,116,0,363,0,364,0,1,0,0,1,0
Karnataka,2009,Kidnap - For Marriage,05. For Marriage,109,5,99,1,0,108,3,112,0,3,1,0,4,0
Kerala,2009,Kidnap - For Marriage,05. For Marriage,106,53,53,1,0,107,0,107,0,0,0,0,0,0
Madhya Pradesh,2009,Kidnap - For Marriage,05. For Marriage,569,254,301,11,1,570,3,570,0,0,0,0,0,0
Maharashtra,2009,Kidnap - For Marriage,05. For Marriage,666,406,244,32,0,682,0,684,1,0,0,0,2,1
Manipur,2009,Kidnap - For Marriage,05. For Marriage,71,38,31,2,0,71,0,71,0,0,0,0,0,0
Meghalaya,2009,Kidnap - For Marriage,05. For Marriage,11,4,6,1,0,11,0,11,0,0,0,0,0,0
Mizoram,2009,Kidnap - For Marriage,05. For Marriage,1,0,1,0,0,1,0,1,0,0,0,0,0,0
Nagaland,2009,Kidnap - For Marriage,05. For Marriage,1,0,1,0,0,1,0,1,0,0,0,0,0,0
Odisha,2009,Kidnap - For Marriage,05. For Marriage,444,12,413,9,3,437,0,444,0,2,5,0,7,0
Puducherry,2009,Kidnap - For Marriage,05. For Marriage,9,8,1,0,0,9,0,9,0,0,0,0,0,0
Punjab,2009,Kidnap - For Marriage,05. For Marriage,437,283,144,12,0,447,8,447,0,0,0,0,0,0
Rajasthan,2009,Kidnap - For Marriage,05. For Marriage,1333,340,810,177,3,1336,6,1336,0,0,0,0,0,0
Sikkim,2009,Kidnap - For Marriage,05. For Marriage,2,2,0,0,0,2,0,2,0,0,0,0,0,0
Tamil Nadu,2009,Kidnap - For Marriage,05. For Marriage,846,190,587,51,0,828,0,854,0,22,4,0,26,0
Tripura,2009,Kidnap - For Marriage,05. For Marriage,92,14,71,7,0,92,0,92,0,0,0,0,0,0
Uttar Pradesh,2009,Kidnap - For Marriage,05. For Marriage,3711,864,2410,437,0,3711,0,3711,0,0,0,0,0,0
Uttarakhand,2009,Kidnap - For Marriage,05. For Marriage,160,8,152,0,0,160,0,160,0,0,0,0,0,0
West Bengal,2009,Kidnap - For Marriage,05. For Marriage,927,64,815,47,0,927,1,927,0,0,0,0,0,0
Andaman & Nicobar Islands,2010,Kidnap - For Marriage,05. For Marriage,2,2,0,0,0,2,0,2,0,0,0,0,0,0
Andhra Pradesh,2010,Kidnap - For Marriage,05. For Marriage,945,325,489,114,0,929,1,945,4,12,0,0,16,0
Arunachal Pradesh,2010,Kidnap - For Marriage,05. For Marriage,40,0,33,7,0,40,0,40,0,0,0,0,0,0
Assam,2010,Kidnap - For Marriage,05. For Marriage,2114,0,1689,425,0,2114,0,2114,0,0,0,0,0,0
Bihar,2010,Kidnap - For Marriage,05. For Marriage,2523,1152,1176,66,0,2394,0,2526,5,123,4,0,132,0
Chandigarh,2010,Kidnap - For Marriage,05. For Marriage,27,19,8,0,0,27,0,27,0,0,0,0,0,0
Chhattisgarh,2010,Kidnap - For Marriage,05. For Marriage,175,101,69,5,0,175,0,175,0,0,0,0,0,0
Dadra & Nagar Haveli,2010,Kidnap - For Marriage,05. For Marriage,10,9,1,0,0,10,0,10,0,0,0,0,0,0
Delhi,2010,Kidnap - For Marriage,05. For Marriage,175,153,21,0,0,176,2,177,1,0,0,0,1,0
Goa,2010,Kidnap - For Marriage,05. For Marriage,4,3,1,0,0,4,0,4,0,0,0,0,0,0
Gujarat,2010,Kidnap - For Marriage,05. For Marriage,893,349,473,33,6,861,0,894,0,19,14,0,33,0
Haryana,2010,Kidnap - For Marriage,05. For Marriage,485,45,400,42,0,487,0,489,0,2,0,0,2,0
Himachal Pradesh,2010,Kidnap - For Marriage,05. For Marriage,147,59,76,15,0,150,0,152,0,2,0,0,2,0
Jammu & Kashmir,2010,Kidnap - For Marriage,05. For Marriage,528,2,438,86,1,527,0,528,0,0,1,0,1,0
Jharkhand,2010,Kidnap - For Marriage,05. For Marriage,462,5,419,31,0,455,0,462,3,2,2,0,7,0
Karnataka,2010,Kidnap - For Marriage,05. For Marriage,155,59,81,2,0,142,0,155,0,13,0,0,13,0
Kerala,2010,Kidnap - For Marriage,05. For Marriage,114,66,47,0,0,113,0,114,0,1,0,0,1,0
Madhya Pradesh,2010,Kidnap - For Marriage,05. For Marriage,673,270,389,15,0,676,2,676,0,0,0,0,0,0
Maharashtra,2010,Kidnap - For Marriage,05. For Marriage,800,501,260,35,0,797,1,806,1,6,2,0,9,0
Manipur,2010,Kidnap - For Marriage,05. For Marriage,64,36,28,1,0,65,0,65,0,0,0,0,0,0
Meghalaya,2010,Kidnap - For Marriage,05. For Marriage,4,4,0,0,0,4,0,4,0,0,0,0,0,0
Mizoram,2010,Kidnap - For Marriage,05. For Marriage,1,0,1,0,0,1,0,1,0,0,0,0,0,0
Nagaland,2010,Kidnap - For Marriage,05. For Marriage,0,0,0,0,0,0,0,0,0,0,0,0,0,0
Odisha,2010,Kidnap - For Marriage,05. For Marriage,417,27,373,9,0,409,0,417,0,4,4,0,8,0
Puducherry,2010,Kidnap - For Marriage,05. For Marriage,10,4,5,0,0,9,0,10,0,1,0,0,1,0
Punjab,2010,Kidnap - For Marriage,05. For Marriage,510,309,206,0,0,515,0,515,0,0,0,0,0,0
Rajasthan,2010,Kidnap - For Marriage,05. For Marriage,1539,405,916,210,4,1538,3,1540,0,2,0,0,2,0
Sikkim,2010,Kidnap - For Marriage,05. For Marriage,4,4,0,0,0,4,0,4,0,0,0,0,0,0
Tamil Nadu,2010,Kidnap - For Marriage,05. For Marriage,1123,359,701,64,0,1124,0,1124,0,0,0,0,0,0
Tripura,2010,Kidnap - For Marriage,05. For Marriage,74,13,48,13,0,74,0,74,0,0,0,0,0,0
Uttar Pradesh,2010,Kidnap - For Marriage,05. For Marriage,3766,675,2629,460,0,3766,2,3766,0,0,0,0,0,0
Uttarakhand,2010,Kidnap - For Marriage,05. For Marriage,161,1,158,2,0,161,0,161,0,0,0,0,0,0
West Bengal,2010,Kidnap - For Marriage,05. For Marriage,377,211,156,10,0,377,0,377,0,0,0,0,0,0
Andhra Pradesh,2001,Kidnap - For Prostitution,06. For Prostitution,36,18,16,2,0,36,0,36,0,0,0,0,0,0
Arunachal Pradesh,2001,Kidnap - For Prostitution,06. For Prostitution,0,0,0,0,0,0,0,0,0,0,0,0,0,0
Assam,2001,Kidnap - For Prostitution,06. For Prostitution,7,2,5,0,0,7,0,7,0,0,0,0,0,0
Bihar,2001,Kidnap - For Prostitution,06. For Prostitution,0,0,0,0,0,0,0,0,0,0,0,0,0,0
Chandigarh,2001,Kidnap - For Prostitution,06. For Prostitution,0,0,0,0,0,0,0,0,0,0,0,0,0,0
Chhattisgarh,2001,Kidnap - For Prostitution,06. For Prostitution,0,0,0,0,0,0,0,0,0,0,0,0,0,0
Gujarat,2001,Kidnap - For Prostitution,06. For Prostitution,0,0,0,0,0,0,0,0,0,0,0,0,0,0
Haryana,2001,Kidnap - For Prostitution,06. For Prostitution,3,0,0,0,0,0,0,3,0,0,2,0,3,1
Himachal Pradesh,2001,Kidnap - For Prostitution,06. For Prostitution,0,0,0,0,0,0,0,0,0,0,0,0,0,0
Jharkhand,2001,Kidnap - For Prostitution,06. For Prostitution,3,1,2,0,0,3,0,3,0,0,0,0,0,0
Karnataka,2001,Kidnap - For Prostitution,06. For Prostitution,3,3,1,0,0,4,0,4,0,0,0,0,0,0
Madhya Pradesh,2001,Kidnap - For Prostitution,06. For Prostitution,3,3,2,0,0,5,0,5,0,0,0,0,0,0
Maharashtra,2001,Kidnap - For Prostitution,06. For Prostitution,12,8,5,0,0,14,1,15,0,0,1,0,1,0
Meghalaya,2001,Kidnap - For Prostitution,06. For Prostitution,0,0,0,0,0,0,0,0,0,0,0,0,0,0
Mizoram,2001,Kidnap - For Prostitution,06. For Prostitution,0,0,0,0,0,0,0,0,0,0,0,0,0,0
Nagaland,2001,Kidnap - For Prostitution,06. For Prostitution,0,0,0,0,0,0,0,0,0,0,0,0,0,0
Odisha,2001,Kidnap - For Prostitution,06. For Prostitution,15,10,0,0,0,10,0,15,0,1,4,0,5,0
Rajasthan,2001,Kidnap - For Prostitution,06. For Prostitution,10,1,9,0,0,10,0,10,0,0,0,0,0,0
Tamil Nadu,2001,Kidnap - For Prostitution,06. For Prostitution,0,0,0,0,0,0,0,0,0,0,0,0,0,0
Uttar Pradesh,2001,Kidnap - For Prostitution,06. For Prostitution,11,4,7,0,0,11,0,11,0,0,0,0,0,0
West Bengal,2001,Kidnap - For Prostitution,06. For Prostitution,19,9,11,0,0,20,0,20,0,0,0,0,0,0
Andhra Pradesh,2002,Kidnap - For Prostitution,06. For Prostitution,61,7,49,5,0,61,0,61,0,0,0,0,0,0
Assam,2002,Kidnap - For Prostitution,06. For Prostitution,12,0,12,0,0,12,0,12,0,0,0,0,0,0
Bihar,2002,Kidnap - For Prostitution,06. For Prostitution,1,1,0,0,0,1,0,1,0,0,0,0,0,0
Chhattisgarh,2002,Kidnap - For Prostitution,06. For Prostitution,0,0,0,0,0,0,0,0,0,0,0,0,0,0
Daman & Diu,2002,Kidnap - For Prostitution,06. For Prostitution,0,0,0,0,0,0,0,0,0,0,0,0,0,0
Delhi,2002,Kidnap - For Prostitution,06. For Prostitution,1,0,0,1,0,1,0,1,0,0,0,0,0,0
Gujarat,2002,Kidnap - For Prostitution,06. For Prostitution,25,6,19,0,0,25,0,25,0,0,0,0,0,0
Haryana,2002,Kidnap - For Prostitution,06. For Prostitution,1,1,0,0,0,1,0,1,0,0,0,0,0,0
Himachal Pradesh,2002,Kidnap - For Prostitution,06. For Prostitution,1,0,1,0,0,1,0,1,0,0,0,0,0,0
Jammu & Kashmir,2002,Kidnap - For Prostitution,06. For Prostitution,0,0,0,0,0,0,0,0,0,0,0,0,0,0
Jharkhand,2002,Kidnap - For Prostitution,06. For Prostitution,4,2,2,0,0,4,0,4,0,0,0,0,0,0
Karnataka,2002,Kidnap - For Prostitution,06. For Prostitution,1,0,2,0,0,2,0,2,0,0,0,0,0,0
Madhya Pradesh,2002,Kidnap - For Prostitution,06. For Prostitution,7,0,0,0,0,0,0,7,1,2,4,0,7,0
Maharashtra,2002,Kidnap - For Prostitution,06. For Prostitution,16,16,11,0,0,28,1,28,0,0,0,0,0,0
Meghalaya,2002,Kidnap - For Prostitution,06. For Prostitution,1,1,0,0,0,1,0,1,0,0,0,0,0,0
Nagaland,2002,Kidnap - For Prostitution,06. For Prostitution,0,0,0,0,0,0,0,0,0,0,0,0,0,0
Odisha,2002,Kidnap - For Prostitution,06. For Prostitution,0,0,0,0,0,0,0,0,0,0,0,0,0,0
Punjab,2002,Kidnap - For Prostitution,06. For Prostitution,3,3,0,0,0,3,0,3,0,0,0,0,0,0
Tamil Nadu,2002,Kidnap - For Prostitution,06. For Prostitution,0,0,0,0,0,0,0,0,0,0,0,0,0,0
Tripura,2002,Kidnap - For Prostitution,06. For Prostitution,0,0,0,0,0,0,0,0,0,0,0,0,0,0
Uttar Pradesh,2002,Kidnap - For Prostitution,06. For Prostitution,35,16,12,2,0,30,0,35,4,1,0,0,5,0
West Bengal,2002,Kidnap - For Prostitution,06. For Prostitution,18,18,4,0,0,22,0,22,0,0,0,0,0,0
Andhra Pradesh,2003,Kidnap - For Prostitution,06. For Prostitution,43,8,28,0,0,36,0,36,0,0,0,0,0,0
Arunachal Pradesh,2003,Kidnap - For Prostitution,06. For Prostitution,0,0,0,0,0,0,0,0,0,0,0,0,0,0
Assam,2003,Kidnap - For Prostitution,06. For Prostitution,51,0,29,22,0,51,0,51,0,0,0,0,0,0
Bihar,2003,Kidnap - For Prostitution,06. For Prostitution,1,0,1,0,0,1,0,1,0,0,0,0,0,0
Chandigarh,2003,Kidnap - For Prostitution,06. For Prostitution,0,0,0,0,0,0,0,0,0,0,0,0,0,0
Chhattisgarh,2003,Kidnap - For Prostitution,06. For Prostitution,0,0,0,0,0,0,0,0,0,0,0,0,0,0
Daman & Diu,2003,Kidnap - For Prostitution,06. For Prostitution,0,0,0,0,0,0,0,0,0,0,0,0,0,0
Delhi,2003,Kidnap - For Prostitution,06. For Prostitution,1,1,0,0,0,1,0,1,0,0,0,0,0,0
Gujarat,2003,Kidnap - For Prostitution,06. For Prostitution,1,1,0,0,0,2,1,2,0,0,0,0,0,0
Haryana,2003,Kidnap - For Prostitution,06. For Prostitution,0,0,0,0,0,0,0,0,0,0,0,0,0,0
Himachal Pradesh,2003,Kidnap - For Prostitution,06. For Prostitution,1,0,0,1,0,1,0,1,0,0,0,0,0,0
Jammu & Kashmir,2003,Kidnap - For Prostitution,06. For Prostitution,0,0,0,0,0,0,0,0,0,0,0,0,0,0
Jharkhand,2003,Kidnap - For Prostitution,06. For Prostitution,0,0,0,0,0,0,0,0,0,0,0,0,0,0
Karnataka,2003,Kidnap - For Prostitution,06. For Prostitution,2,1,1,0,0,2,0,2,0,0,0,0,0,0
Madhya Pradesh,2003,Kidnap - For Prostitution,06. For Prostitution,16,0,16,0,0,16,0,16,0,0,0,0,0,0
Maharashtra,2003,Kidnap - For Prostitution,06. For Prostitution,14,17,8,2,0,27,0,27,0,0,0,0,0,0
Meghalaya,2003,Kidnap - For Prostitution,06. For Prostitution,0,0,0,0,0,0,0,0,0,0,0,0,0,0
Nagaland,2003,Kidnap - For Prostitution,06. For Prostitution,0,0,0,0,0,0,0,0,0,0,0,0,0,0
Odisha,2003,Kidnap - For Prostitution,06. For Prostitution,1,0,0,1,0,1,0,1,0,0,0,0,0,0
Punjab,2003,Kidnap - For Prostitution,06. For Prostitution,0,0,0,0,0,0,0,0,0,0,0,0,0,0
Tamil Nadu,2003,Kidnap - For Prostitution,06. For Prostitution,1,0,1,0,0,1,0,1,0,0,0,0,0,0
Uttar Pradesh,2003,Kidnap - For Prostitution,06. For Prostitution,18,6,11,1,0,18,0,18,0,0,0,0,0,0
Uttarakhand,2003,Kidnap - For Prostitution,06. For Prostitution,1,0,1,0,0,1,0,1,0,0,0,0,0,0
West Bengal,2003,Kidnap - For Prostitution,06. For Prostitution,21,23,0,0,0,23,0,23,0,0,0,0,0,0
Andhra Pradesh,2004,Kidnap - For Prostitution,06. For Prostitution,30,5,25,0,0,30,0,30,0,0,0,0,0,0
Arunachal Pradesh,2004,Kidnap - For Prostitution,06. For Prostitution,0,0,0,0,0,0,0,0,0,0,0,0,0,0
Assam,2004,Kidnap - For Prostitution,06. For Prostitution,40,0,27,13,0,40,0,40,0,0,0,0,0,0
Bihar,2004,Kidnap - For Prostitution,06. For Prostitution,2,0,2,0,0,2,0,2,0,0,0,0,0,0
Chhattisgarh,2004,Kidnap - For Prostitution,06. For Prostitution,41,38,0,0,0,38,0,41,0,0,2,1,3,0
Delhi,2004,Kidnap - For Prostitution,06. For Prostitution,12,6,6,0,0,12,0,12,0,0,0,0,0,0
Gujarat,2004,Kidnap - For Prostitution,06. For Prostitution,1,0,0,0,0,1,1,1,0,0,0,0,0,0
Himachal Pradesh,2004,Kidnap - For Prostitution,06. For Prostitution,0,0,0,0,0,0,0,0,0,0,0,0,0,0
Jammu & Kashmir,2004,Kidnap - For Prostitution,06. For Prostitution,5,0,5,0,0,5,0,5,0,0,0,0,0,0
Karnataka,2004,Kidnap - For Prostitution,06. For Prostitution,3,1,1,0,0,3,1,3,0,0,0,0,0,0
Madhya Pradesh,2004,Kidnap - For Prostitution,06. For Prostitution,0,0,0,0,0,0,0,0,0,0,0,0,0,0
Maharashtra,2004,Kidnap - For Prostitution,06. For Prostitution,36,26,42,1,0,69,0,69,0,0,0,0,0,0
Manipur,2004,Kidnap - For Prostitution,06. For Prostitution,0,0,0,0,0,0,0,0,0,0,0,0,0,0
Meghalaya,2004,Kidnap - For Prostitution,06. For Prostitution,2,1,1,0,0,2,0,2,0,0,0,0,0,0
Mizoram,2004,Kidnap - For Prostitution,06. For Prostitution,0,0,0,0,0,0,0,0,0,0,0,0,0,0
Nagaland,2004,Kidnap - For Prostitution,06. For Prostitution,0,0,0,0,0,0,0,0,0,0,0,0,0,0
Odisha,2004,Kidnap - For Prostitution,06. For Prostitution,0,0,0,0,0,0,0,0,0,0,0,0,0,0
Punjab,2004,Kidnap - For Prostitution,06. For Prostitution,1,0,0,0,0,0,0,1,0,0,0,0,1,1
Rajasthan,2004,Kidnap - For Prostitution,06. For Prostitution,1,0,1,0,0,1,0,1,0,0,0,0,0,0
Sikkim,2004,Kidnap - For Prostitution,06. For Prostitution,1,0,0,0,0,0,0,1,0,1,0,0,1,0
Tamil Nadu,2004,Kidnap - For Prostitution,06. For Prostitution,2,0,3,0,0,3,0,3,0,0,0,0,0,0
Tripura,2004,Kidnap - For Prostitution,06. For Prostitution,0,0,0,0,0,0,0,0,0,0,0,0,0,0
Uttar Pradesh,2004,Kidnap - For Prostitution,06. For Prostitution,28,5,21,2,0,28,0,28,0,0,0,0,0,0
West Bengal,2004,Kidnap - For Prostitution,06. For Prostitution,17,16,5,0,0,21,0,21,0,0,0,0,0,0
Andhra Pradesh,2005,Kidnap - For Prostitution,06. For Prostitution,14,3,9,2,0,14,0,14,0,0,0,0,0,0
Arunachal Pradesh,2005,Kidnap - For Prostitution,06. For Prostitution,0,0,0,0,0,0,0,0,0,0,0,0,0,0
Assam,2005,Kidnap - For Prostitution,06. For Prostitution,28,0,21,7,0,28,0,28,0,0,0,0,0,0
Bihar,2005,Kidnap - For Prostitution,06. For Prostitution,2,0,2,0,0,2,0,2,0,0,0,0,0,0
Chandigarh,2005,Kidnap - For Prostitution,06. For Prostitution,1,1,0,0,0,1,0,1,0,0,0,0,0,0
Chhattisgarh,2005,Kidnap - For Prostitution,06. For Prostitution,13,13,0,0,0,13,0,13,0,0,0,0,0,0
Delhi,2005,Kidnap - For Prostitution,06. For Prostitution,5,3,2,0,0,5,0,5,0,0,0,0,0,0
Gujarat,2005,Kidnap - For Prostitution,06. For Prostitution,1,0,1,0,0,1,0,1,0,0,0,0,0,0
Haryana,2005,Kidnap - For Prostitution,06. For Prostitution,0,0,0,0,0,0,0,0,0,0,0,0,0,0
Himachal Pradesh,2005,Kidnap - For Prostitution,06. For Prostitution,0,0,0,0,0,0,0,0,0,0,0,0,0,0
Jammu & Kashmir,2005,Kidnap - For Prostitution,06. For Prostitution,0,0,0,0,0,0,0,0,0,0,0,0,0,0
Jharkhand,2005,Kidnap - For Prostitution,06. For Prostitution,0,0,0,0,0,0,0,0,0,0,0,0,0,0
Karnataka,2005,Kidnap - For Prostitution,06. For Prostitution,3,1,2,0,0,3,0,3,0,0,0,0,0,0
Kerala,2005,Kidnap - For Prostitution,06. For Prostitution,1,0,0,1,0,1,0,1,0,0,0,0,0,0
Madhya Pradesh,2005,Kidnap - For Prostitution,06. For Prostitution,1,1,0,0,0,1,0,1,0,0,0,0,0,0
Maharashtra,2005,Kidnap - For Prostitution,06. For Prostitution,53,91,75,0,0,166,0,166,0,0,0,0,0,0
Manipur,2005,Kidnap - For Prostitution,06. For Prostitution,0,0,0,0,0,0,0,0,0,0,0,0,0,0
Meghalaya,2005,Kidnap - For Prostitution,06. For Prostitution,0,0,0,0,0,0,0,0,0,0,0,0,0,0
Mizoram,2005,Kidnap - For Prostitution,06. For Prostitution,0,0,0,0,0,0,0,0,0,0,0,0,0,0
Nagaland,2005,Kidnap - For Prostitution,06. For Prostitution,0,0,0,0,0,0,0,0,0,0,0,0,0,0
Odisha,2005,Kidnap - For Prostitution,06. For Prostitution,0,0,0,0,0,0,0,0,0,0,0,0,0,0
Punjab,2005,Kidnap - For Prostitution,06. For Prostitution,2,2,0,0,0,2,0,2,0,0,0,0,0,0
Tripura,2005,Kidnap - For Prostitution,06. For Prostitution,0,0,0,0,0,0,0,0,0,0,0,0,0,0
Uttar Pradesh,2005,Kidnap - For Prostitution,06. For Prostitution,0,0,0,0,0,0,0,0,0,0,0,0,0,0
West Bengal,2005,Kidnap - For Prostitution,06. For Prostitution,12,2,10,0,0,12,0,12,0,0,0,0,0,0
Andhra Pradesh,2006,Kidnap - For Prostitution,06. For Prostitution,53,8,23,0,0,31,0,53,0,22,0,0,22,0
Arunachal Pradesh,2006,Kidnap - For Prostitution,06. For Prostitution,0,0,0,0,0,0,0,0,0,0,0,0,0,0
Assam,2006,Kidnap - For Prostitution,06. For Prostitution,0,0,0,0,0,0,0,0,0,0,0,0,0,0
Bihar,2006,Kidnap - For Prostitution,06. For Prostitution,3,0,3,0,0,3,0,3,0,0,0,0,0,0
Chhattisgarh,2006,Kidnap - For Prostitution,06. For Prostitution,0,0,0,0,0,0,0,0,0,0,0,0,0,0
Goa,2006,Kidnap - For Prostitution,06. For Prostitution,1,1,1,0,0,2,0,2,0,0,0,0,0,0
Gujarat,2006,Kidnap - For Prostitution,06. For Prostitution,4,0,1,0,0,1,0,4,0,2,1,0,3,0
Himachal Pradesh,2006,Kidnap - For Prostitution,06. For Prostitution,2,2,0,0,0,2,0,2,0,0,0,0,0,0
Jammu & Kashmir,2006,Kidnap - For Prostitution,06. For Prostitution,1,0,7,9,0,16,0,16,0,0,0,0,0,0
Jharkhand,2006,Kidnap - For Prostitution,06. For Prostitution,3,0,1,0,0,1,0,8,0,7,0,0,7,0
Karnataka,2006,Kidnap - For Prostitution,06. For Prostitution,3,1,2,0,0,3,0,6,0,2,1,0,3,0
Kerala,2006,Kidnap - For Prostitution,06. For Prostitution,1,0,1,0,0,1,0,1,0,0,0,0,0,0
Madhya Pradesh,2006,Kidnap - For Prostitution,06. For Prostitution,0,0,0,0,0,0,0,0,0,0,0,0,0,0
Maharashtra,2006,Kidnap - For Prostitution,06. For Prostitution,57,122,67,5,0,194,0,194,0,0,0,0,0,0
Manipur,2006,Kidnap - For Prostitution,06. For Prostitution,0,0,0,0,0,0,0,0,0,0,0,0,0,0
Meghalaya,2006,Kidnap - For Prostitution,06. For Prostitution,1,1,0,0,0,1,0,1,0,0,0,0,0,0
Mizoram,2006,Kidnap - For Prostitution,06. For Prostitution,0,0,0,0,0,0,0,0,0,0,0,0,0,0
Nagaland,2006,Kidnap - For Prostitution,06. For Prostitution,0,0,0,0,0,0,0,0,0,0,0,0,0,0
Odisha,2006,Kidnap - For Prostitution,06. For Prostitution,0,0,0,0,0,0,0,0,0,0,0,0,0,0
Rajasthan,2006,Kidnap - For Prostitution,06. For Prostitution,4,0,2,0,0,4,2,4,0,0,0,0,0,0
Sikkim,2006,Kidnap - For Prostitution,06. For Prostitution,1,0,1,0,0,1,0,1,0,0,0,0,0,0
Tamil Nadu,2006,Kidnap - For Prostitution,06. For Prostitution,0,0,0,0,0,0,0,0,0,0,0,0,0,0
Tripura,2006,Kidnap - For Prostitution,06. For Prostitution,0,0,0,0,0,0,0,0,0,0,0,0,0,0
Uttar Pradesh,2006,Kidnap - For Prostitution,06. For Prostitution,0,0,0,0,0,0,0,0,0,0,0,0,0,0
West Bengal,2006,Kidnap - For Prostitution,06. For Prostitution,206,11,189,6,0,206,0,206,0,0,0,0,0,0
Andhra Pradesh,2007,Kidnap - For Prostitution,06. For Prostitution,34,10,23,0,0,33,0,35,0,2,0,0,2,0
Arunachal Pradesh,2007,Kidnap - For Prostitution,06. For Prostitution,4,0,4,0,0,4,0,4,0,0,0,0,0,0
Assam,2007,Kidnap - For Prostitution,06. For Prostitution,44,0,34,10,0,44,0,44,0,0,0,0,0,0
Bihar,2007,Kidnap - For Prostitution,06. For Prostitution,1,0,0,0,0,0,0,1,0,1,0,0,1,0
Chhattisgarh,2007,Kidnap - For Prostitution,06. For Prostitution,0,0,0,0,0,0,0,0,0,0,0,0,0,0
Delhi,2007,Kidnap - For Prostitution,06. For Prostitution,1,1,0,0,0,1,0,1,0,0,0,0,0,0
Gujarat,2007,Kidnap - For Prostitution,06. For Prostitution,0,0,0,0,0,0,0,0,0,0,0,0,0,0
Haryana,2007,Kidnap - For Prostitution,06. For Prostitution,0,0,0,0,0,0,0,0,0,0,0,0,0,0
Himachal Pradesh,2007,Kidnap - For Prostitution,06. For Prostitution,0,0,0,0,0,0,0,0,0,0,0,0,0,0
Jammu & Kashmir,2007,Kidnap - For Prostitution,06. For Prostitution,0,0,0,0,0,0,0,0,0,0,0,0,0,0
Jharkhand,2007,Kidnap - For Prostitution,06. For Prostitution,7,3,2,2,0,7,0,7,0,0,0,0,0,0
Karnataka,2007,Kidnap - For Prostitution,06. For Prostitution,0,0,0,0,0,0,0,0,0,0,0,0,0,0
Kerala,2007,Kidnap - For Prostitution,06. For Prostitution,2,0,1,1,0,2,0,2,0,0,0,0,0,0
Madhya Pradesh,2007,Kidnap - For Prostitution,06. For Prostitution,1,1,0,0,0,1,0,1,0,0,0,0,0,0
Maharashtra,2007,Kidnap - For Prostitution,06. For Prostitution,52,94,58,3,0,155,0,155,0,0,0,0,0,0
Manipur,2007,Kidnap - For Prostitution,06. For Prostitution,0,0,0,0,0,0,0,0,0,0,0,0,0,0
Meghalaya,2007,Kidnap - For Prostitution,06. For Prostitution,0,0,0,0,0,0,0,0,0,0,0,0,0,0
Mizoram,2007,Kidnap - For Prostitution,06. For Prostitution,0,0,0,0,0,0,0,0,0,0,0,0,0,0
Nagaland,2007,Kidnap - For Prostitution,06. For Prostitution,0,0,0,0,0,0,0,0,0,0,0,0,0,0
Odisha,2007,Kidnap - For Prostitution,06. For Prostitution,0,0,0,0,0,0,0,0,0,0,0,0,0,0
Tamil Nadu,2007,Kidnap - For Prostitution,06. For Prostitution,0,0,0,0,0,0,0,0,0,0,0,0,0,0
Uttar Pradesh,2007,Kidnap - For Prostitution,06. For Prostitution,1,1,0,0,0,1,0,1,0,0,0,0,0,0
Uttarakhand,2007,Kidnap - For Prostitution,06. For Prostitution,2,0,0,0,0,0,0,2,0,2,0,0,2,0
West Bengal,2007,Kidnap - For Prostitution,06. For Prostitution,164,20,142,2,0,164,0,164,0,0,0,0,0,0
Andhra Pradesh,2008,Kidnap - For Prostitution,06. For Prostitution,34,8,21,5,0,34,0,34,0,0,0,0,0,0
Arunachal Pradesh,2008,Kidnap - For Prostitution,06. For Prostitution,4,4,0,0,0,4,0,4,0,0,0,0,0,0
Assam,2008,Kidnap - For Prostitution,06. For Prostitution,84,0,69,15,0,84,0,84,0,0,0,0,0,0
Bihar,2008,Kidnap - For Prostitution,06. For Prostitution,2,0,1,0,0,1,0,2,0,0,1,0,1,0
Chhattisgarh,2008,Kidnap - For Prostitution,06. For Prostitution,7,3,4,0,0,7,0,7,0,0,0,0,0,0
Delhi,2008,Kidnap - For Prostitution,06. For Prostitution,0,0,0,0,0,0,0,0,0,0,0,0,0,0
Gujarat,2008,Kidnap - For Prostitution,06. For Prostitution,1,0,1,0,0,1,0,1,0,0,0,0,0,0
Haryana,2008,Kidnap - For Prostitution,06. For Prostitution,0,2,0,0,0,2,0,2,0,0,0,0,0,0
Himachal Pradesh,2008,Kidnap - For Prostitution,06. For Prostitution,0,0,0,0,0,0,0,0,0,0,0,0,0,0
Jammu & Kashmir,2008,Kidnap - For Prostitution,06. For Prostitution,0,0,0,0,0,0,0,0,0,0,0,0,0,0
Jharkhand,2008,Kidnap - For Prostitution,06. For Prostitution,21,1,20,0,0,21,0,21,0,0,0,0,0,0
Karnataka,2008,Kidnap - For Prostitution,06. For Prostitution,3,3,4,0,0,7,0,7,0,0,0,0,0,0
Madhya Pradesh,2008,Kidnap - For Prostitution,06. For Prostitution,4,2,0,0,0,5,3,5,0,0,0,0,0,0
Maharashtra,2008,Kidnap - For Prostitution,06. For Prostitution,74,92,48,2,0,142,0,142,0,0,0,0,0,0
Manipur,2008,Kidnap - For Prostitution,06. For Prostitution,0,0,0,0,0,0,0,0,0,0,0,0,0,0
Meghalaya,2008,Kidnap - For Prostitution,06. For Prostitution,1,1,0,0,0,1,0,1,0,0,0,0,0,0
Mizoram,2008,Kidnap - For Prostitution,06. For Prostitution,0,0,0,0,0,0,0,0,0,0,0,0,0,0
Nagaland,2008,Kidnap - For Prostitution,06. For Prostitution,0,0,0,0,0,0,0,0,0,0,0,0,0,0
Odisha,2008,Kidnap - For Prostitution,06. For Prostitution,2,0,2,0,0,2,0,2,0,0,0,0,0,0
Puducherry,2008,Kidnap - For Prostitution,06. For Prostitution,0,0,0,0,0,0,0,0,0,0,0,0,0,0
Punjab,2008,Kidnap - For Prostitution,06. For Prostitution,1,1,0,0,0,1,0,1,0,0,0,0,0,0
Rajasthan,2008,Kidnap - For Prostitution,06. For Prostitution,6,0,5,0,0,5,0,6,0,0,0,0,1,1
Tamil Nadu,2008,Kidnap - For Prostitution,06. For Prostitution,1,0,1,0,0,1,0,1,0,0,0,0,0,0
West Bengal,2008,Kidnap - For Prostitution,06. For Prostitution,14,9,10,0,0,19,0,19,0,0,0,0,0,0
Andhra Pradesh,2009,Kidnap - For Prostitution,06. For Prostitution,75,7,54,1,0,62,0,75,0,7,6,0,13,0
Arunachal Pradesh,2009,Kidnap - For Prostitution,06. For Prostitution,0,0,0,0,0,0,0,0,0,0,0,0,0,0
Assam,2009,Kidnap - For Prostitution,06. For Prostitution,95,0,78,17,0,95,0,95,0,0,0,0,0,0
Bihar,2009,Kidnap - For Prostitution,06. For Prostitution,2,2,0,0,0,2,0,2,0,0,0,0,0,0
Chandigarh,2009,Kidnap - For Prostitution,06. For Prostitution,0,0,0,0,0,0,0,0,0,0,0,0,0,0
Chhattisgarh,2009,Kidnap - For Prostitution,06. For Prostitution,17,16,1,0,0,17,0,17,0,0,0,0,0,0
Delhi,2009,Kidnap - For Prostitution,06. For Prostitution,11,11,0,0,0,11,0,11,0,0,0,0,0,0
Gujarat,2009,Kidnap - For Prostitution,06. For Prostitution,30,13,17,0,0,30,0,30,0,0,0,0,0,0
Haryana,2009,Kidnap - For Prostitution,06. For Prostitution,3,3,0,0,0,3,0,3,0,0,0,0,0,0
Himachal Pradesh,2009,Kidnap - For Prostitution,06. For Prostitution,0,0,0,0,0,0,0,0,0,0,0,0,0,0
Jammu & Kashmir,2009,Kidnap - For Prostitution,06. For Prostitution,1,0,2,0,0,2,0,2,0,0,0,0,0,0
Jharkhand,2009,Kidnap - For Prostitution,06. For Prostitution,17,0,15,0,0,15,0,17,0,2,0,0,2,0
Karnataka,2009,Kidnap - For Prostitution,06. For Prostitution,12,0,10,0,0,10,0,14,0,0,2,2,4,0
Madhya Pradesh,2009,Kidnap - For Prostitution,06. For Prostitution,0,0,0,0,0,0,0,0,0,0,0,0,0,0
Maharashtra,2009,Kidnap - For Prostitution,06. For Prostitution,51,81,40,0,0,121,0,122,1,0,0,0,1,0
Manipur,2009,Kidnap - For Prostitution,06. For Prostitution,0,0,0,0,0,0,0,0,0,0,0,0,0,0
Meghalaya,2009,Kidnap - For Prostitution,06. For Prostitution,0,0,0,0,0,0,0,0,0,0,0,0,0,0
Nagaland,2009,Kidnap - For Prostitution,06. For Prostitution,0,0,0,0,0,0,0,0,0,0,0,0,0,0
Odisha,2009,Kidnap - For Prostitution,06. For Prostitution,2,2,0,0,0,2,0,2,0,0,0,0,0,0
Tamil Nadu,2009,Kidnap - For Prostitution,06. For Prostitution,2,0,1,0,0,1,0,2,0,1,0,0,1,0
West Bengal,2009,Kidnap - For Prostitution,06. For Prostitution,200,26,135,45,0,209,3,209,0,0,0,0,0,0
Andhra Pradesh,2010,Kidnap - For Prostitution,06. For Prostitution,30,5,10,3,0,18,0,30,0,0,12,0,12,0
Arunachal Pradesh,2010,Kidnap - For Prostitution,06. For Prostitution,0,0,0,0,0,0,0,0,0,0,0,0,0,0
Assam,2010,Kidnap - For Prostitution,06. For Prostitution,126,0,75,51,0,126,0,126,0,0,0,0,0,0
Bihar,2010,Kidnap - For Prostitution,06. For Prostitution,6,0,6,0,0,6,0,6,0,0,0,0,0,0
Chhattisgarh,2010,Kidnap - For Prostitution,06. For Prostitution,0,0,0,0,0,0,0,0,0,0,0,0,0,0
Gujarat,2010,Kidnap - For Prostitution,06. For Prostitution,0,0,0,0,0,0,0,0,0,0,0,0,0,0
Haryana,2010,Kidnap - For Prostitution,06. For Prostitution,5,1,1,0,0,2,0,5,3,0,0,0,3,0
Himachal Pradesh,2010,Kidnap - For Prostitution,06. For Prostitution,0,0,0,0,0,0,0,0,0,0,0,0,0,0
Jammu & Kashmir,2010,Kidnap - For Prostitution,06. For Prostitution,0,0,0,0,0,0,0,0,0,0,0,0,0,0
Jharkhand,2010,Kidnap - For Prostitution,06. For Prostitution,0,0,0,0,0,0,0,0,0,0,0,0,0,0
Karnataka,2010,Kidnap - For Prostitution,06. For Prostitution,6,1,6,0,0,7,0,7,0,0,0,0,0,0
Kerala,2010,Kidnap - For Prostitution,06. For Prostitution,0,0,0,0,0,0,0,0,0,0,0,0,0,0
Madhya Pradesh,2010,Kidnap - For Prostitution,06. For Prostitution,0,0,0,0,0,0,0,0,0,0,0,0,0,0
Maharashtra,2010,Kidnap - For Prostitution,06. For Prostitution,55,67,55,0,0,122,0,123,0,0,0,0,1,1
Manipur,2010,Kidnap - For Prostitution,06. For Prostitution,0,0,0,0,0,0,0,0,0,0,0,0,0,0
Meghalaya,2010,Kidnap - For Prostitution,06. For Prostitution,1,0,0,1,0,1,0,1,0,0,0,0,0,0
Mizoram,2010,Kidnap - For Prostitution,06. For Prostitution,0,0,0,0,0,0,0,0,0,0,0,0,0,0
Nagaland,2010,Kidnap - For Prostitution,06. For Prostitution,0,0,0,0,0,0,0,0,0,0,0,0,0,0
Odisha,2010,Kidnap - For Prostitution,06. For Prostitution,1,0,1,0,0,1,0,1,0,0,0,0,0,0
Tamil Nadu,2010,Kidnap - For Prostitution,06. For Prostitution,0,0,0,0,0,0,0,0,0,0,0,0,0,0
West Bengal,2010,Kidnap - For Prostitution,06. For Prostitution,234,15,109,59,51,234,0,234,0,0,0,0,0,0
Andhra Pradesh,2001,Kidnap - For Ransom,07. For Ransom,13,3,0,0,0,3,0,13,6,2,1,0,10,1
Arunachal Pradesh,2001,Kidnap - For Ransom,07. For Ransom,4,0,0,0,0,0,0,4,0,2,2,0,4,0
Assam,2001,Kidnap - For Ransom,07. For Ransom,62,3,0,0,0,3,0,62,9,26,21,2,59,1
Bihar,2001,Kidnap - For Ransom,07. For Ransom,492,3,2,1,0,6,0,492,92,195,111,12,486,76
Chandigarh,2001,Kidnap - For Ransom,07. For Ransom,0,0,0,0,0,0,0,0,0,0,0,0,0,0
Chhattisgarh,2001,Kidnap - For Ransom,07. For Ransom,3,0,0,0,0,0,0,3,1,0,1,1,3,0
Delhi,2001,Kidnap - For Ransom,07. For Ransom,41,2,1,1,0,5,1,44,8,6,4,1,39,20
Gujarat,2001,Kidnap - For Ransom,07. For Ransom,30,2,0,0,0,2,0,30,7,9,11,0,28,1
Haryana,2001,Kidnap - For Ransom,07. For Ransom,11,0,0,0,0,0,0,12,6,2,0,0,12,4
Himachal Pradesh,2001,Kidnap - For Ransom,07. For Ransom,0,0,0,0,0,0,0,0,0,0,0,0,0,0
Jharkhand,2001,Kidnap - For Ransom,07. For Ransom,23,0,1,0,0,1,0,23,7,4,7,4,22,0
Karnataka,2001,Kidnap - For Ransom,07. For Ransom,20,1,1,2,0,4,0,20,1,6,5,2,16,2
Kerala,2001,Kidnap - For Ransom,07. For Ransom,2,0,0,0,0,0,0,2,0,0,2,0,2,0
Madhya Pradesh,2001,Kidnap - For Ransom,07. For Ransom,132,3,3,0,6,12,0,163,28,91,28,2,151,2
Maharashtra,2001,Kidnap - For Ransom,07. For Ransom,36,2,1,0,0,6,3,37,17,5,7,0,31,2
Meghalaya,2001,Kidnap - For Ransom,07. For Ransom,47,0,0,0,0,0,0,47,2,10,33,1,47,1
Mizoram,2001,Kidnap - For Ransom,07. For Ransom,1,0,0,0,0,0,0,1,0,1,0,0,1,0
Nagaland,2001,Kidnap - For Ransom,07. For Ransom,0,0,0,0,0,0,0,0,0,0,0,0,0,0
Odisha,2001,Kidnap - For Ransom,07. For Ransom,1,1,0,0,0,1,0,1,0,0,0,0,0,0
Punjab,2001,Kidnap - For Ransom,07. For Ransom,6,0,0,0,0,0,0,6,2,0,1,0,6,3
Rajasthan,2001,Kidnap - For Ransom,07. For Ransom,10,0,1,0,0,1,0,10,1,1,6,0,9,1
Tamil Nadu,2001,Kidnap - For Ransom,07. For Ransom,0,0,0,0,0,0,0,0,0,0,0,0,0,0
Tripura,2001,Kidnap - For Ransom,07. For Ransom,80,0,0,0,0,0,0,204,131,58,15,0,204,0
Uttar Pradesh,2001,Kidnap - For Ransom,07. For Ransom,323,4,18,6,0,29,1,382,80,173,85,3,353,12
Uttarakhand,2001,Kidnap - For Ransom,07. For Ransom,5,0,0,0,0,0,0,5,2,2,1,0,5,0
West Bengal,2001,Kidnap - For Ransom,07. For Ransom,24,0,0,0,0,0,0,28,1,11,9,3,28,4
Andhra Pradesh,2002,Kidnap - For Ransom,07. For Ransom,8,1,0,0,0,1,0,8,1,4,1,0,7,1
Assam,2002,Kidnap - For Ransom,07. For Ransom,71,0,12,0,0,12,0,71,0,33,26,0,59,0
Bihar,2002,Kidnap - For Ransom,07. For Ransom,397,1,2,1,0,4,0,397,5,278,90,17,393,3
Chhattisgarh,2002,Kidnap - For Ransom,07. For Ransom,0,0,0,0,0,0,0,0,0,0,0,0,0,0
Daman & Diu,2002,Kidnap - For Ransom,07. For Ransom,0,0,0,0,0,0,0,0,0,0,0,0,0,0
Delhi,2002,Kidnap - For Ransom,07. For Ransom,32,0,0,0,0,1,1,34,4,7,2,2,33,18
Gujarat,2002,Kidnap - For Ransom,07. For Ransom,36,0,2,1,0,5,2,36,2,10,13,0,31,6
Haryana,2002,Kidnap - For Ransom,07. For Ransom,10,0,0,1,0,2,1,10,2,2,3,1,8,0
Himachal Pradesh,2002,Kidnap - For Ransom,07. For Ransom,0,0,0,0,0,0,0,0,0,0,0,0,0,0
Jammu & Kashmir,2002,Kidnap - For Ransom,07. For Ransom,0,0,0,0,0,0,0,0,0,0,0,0,0,0
Jharkhand,2002,Kidnap - For Ransom,07. For Ransom,27,0,0,0,4,4,0,23,2,7,7,2,19,1
Karnataka,2002,Kidnap - For Ransom,07. For Ransom,8,0,2,0,0,2,0,9,0,5,1,0,7,1
Kerala,2002,Kidnap - For Ransom,07. For Ransom,2,0,0,1,0,1,0,2,0,0,1,0,1,0
Madhya Pradesh,2002,Kidnap - For Ransom,07. For Ransom,126,1,2,2,0,6,1,164,24,61,62,3,158,8
Maharashtra,2002,Kidnap - For Ransom,07. For Ransom,24,0,0,0,0,0,0,29,4,12,4,1,29,8
Meghalaya,2002,Kidnap - For Ransom,07. For Ransom,32,0,0,0,0,0,0,32,1,8,23,0,32,0
Mizoram,2002,Kidnap - For Ransom,07. For Ransom,7,0,1,3,0,4,0,8,0,2,2,0,4,0
Nagaland,2002,Kidnap - For Ransom,07. For Ransom,0,0,0,0,0,0,0,0,0,0,0,0,0,0
Odisha,2002,Kidnap - For Ransom,07. For Ransom,4,0,2,0,0,2,0,5,0,2,1,0,3,0
Puducherry,2002,Kidnap - For Ransom,07. For Ransom,2,0,0,0,0,1,1,2,0,1,0,0,1,0
Punjab,2002,Kidnap - For Ransom,07. For Ransom,9,0,1,0,0,2,1,9,2,0,2,0,7,3
Rajasthan,2002,Kidnap - For Ransom,07. For Ransom,12,1,0,0,0,1,0,12,1,5,2,1,11,2
Sikkim,2002,Kidnap - For Ransom,07. For Ransom,3,0,0,3,0,3,0,3,0,0,0,0,0,0
Tamil Nadu,2002,Kidnap - For Ransom,07. For Ransom,1,0,2,0,0,2,0,3,0,1,0,0,1,0
Tripura,2002,Kidnap - For Ransom,07. For Ransom,52,0,50,2,0,52,0,52,0,0,0,0,0,0
Uttar Pradesh,2002,Kidnap - For Ransom,07. For Ransom,165,4,6,0,0,10,0,165,67,48,24,7,155,9
Uttarakhand,2002,Kidnap - For Ransom,07. For Ransom,10,0,0,0,0,0,0,10,3,4,3,0,10,0
West Bengal,2002,Kidnap - For Ransom,07. For Ransom,22,1,5,0,0,6,0,23,2,5,8,0,17,2
Andhra Pradesh,2003,Kidnap - For Ransom,07. For Ransom,7,1,1,0,0,3,1,7,2,2,0,0,4,0
Arunachal Pradesh,2003,Kidnap - For Ransom,07. For Ransom,0,0,0,0,0,0,0,0,0,0,0,0,0,0
Assam,2003,Kidnap - For Ransom,07. For Ransom,86,0,34,26,0,60,0,86,0,26,0,0,26,0
Bihar,2003,Kidnap - For Ransom,07. For Ransom,374,0,2,1,0,3,0,374,5,242,120,3,371,1
Chandigarh,2003,Kidnap - For Ransom,07. For Ransom,0,0,0,0,0,0,0,0,0,0,0,0,0,0
Chhattisgarh,2003,Kidnap - For Ransom,07. For Ransom,2,0,0,0,0,0,0,2,1,0,0,0,2,1
Daman & Diu,2003,Kidnap - For Ransom,07. For Ransom,0,0,0,0,0,0,0,0,0,0,0,0,0,0
Delhi,2003,Kidnap - For Ransom,07. For Ransom,29,1,0,0,0,1,0,34,7,8,5,0,33,13
Gujarat,2003,Kidnap - For Ransom,07. For Ransom,48,1,3,0,0,4,0,49,4,18,14,5,45,4
Haryana,2003,Kidnap - For Ransom,07. For Ransom,8,0,0,0,0,0,0,8,0,8,0,0,8,0
Himachal Pradesh,2003,Kidnap - For Ransom,07. For Ransom,0,0,0,0,0,0,0,0,0,0,0,0,0,0
Jammu & Kashmir,2003,Kidnap - For Ransom,07. For Ransom,0,0,0,0,0,0,0,0,0,0,0,0,0,0
Jharkhand,2003,Kidnap - For Ransom,07. For Ransom,72,0,8,0,0,10,2,21,0,5,5,0,11,1
Karnataka,2003,Kidnap - For Ransom,07. For Ransom,17,2,1,0,0,4,1,17,1,3,5,0,13,4
Madhya Pradesh,2003,Kidnap - For Ransom,07. For Ransom,136,1,1,0,0,2,0,136,20,57,42,13,134,2
Maharashtra,2003,Kidnap - For Ransom,07. For Ransom,32,1,0,0,0,6,5,34,5,9,5,0,28,9
Meghalaya,2003,Kidnap - For Ransom,07. For Ransom,30,0,0,0,0,0,0,30,1,5,23,0,30,1
Mizoram,2003,Kidnap - For Ransom,07. For Ransom,6,0,0,0,0,0,0,6,0,3,3,0,6,0
Nagaland,2003,Kidnap - For Ransom,07. For Ransom,0,0,0,0,0,0,0,0,0,0,0,0,0,0
Odisha,2003,Kidnap - For Ransom,07. For Ransom,0,0,0,0,0,0,0,0,0,0,0,0,0,0
Puducherry,2003,Kidnap - For Ransom,07. For Ransom,1,0,0,0,0,1,1,1,0,0,0,0,0,0
Punjab,2003,Kidnap - For Ransom,07. For Ransom,13,0,0,0,0,0,0,15,5,6,1,1,15,2
Rajasthan,2003,Kidnap - For Ransom,07. For Ransom,10,0,2,1,0,3,0,10,3,0,2,1,7,1
Tamil Nadu,2003,Kidnap - For Ransom,07. For Ransom,6,0,0,0,0,0,0,8,0,0,4,3,8,1
Tripura,2003,Kidnap - For Ransom,07. For Ransom,63,0,0,5,2,7,0,63,0,33,15,8,56,0
Uttar Pradesh,2003,Kidnap - For Ransom,07. For Ransom,169,3,0,0,0,5,2,169,44,86,22,3,164,9
Uttarakhand,2003,Kidnap - For Ransom,07. For Ransom,9,0,3,0,0,4,1,9,0,4,0,0,5,1
West Bengal,2003,Kidnap - For Ransom,07. For Ransom,11,0,1,0,0,1,0,11,1,4,2,2,10,1
Andhra Pradesh,2004,Kidnap - For Ransom,07. For Ransom,18,0,2,0,0,3,1,18,3,4,2,1,15,5
Arunachal Pradesh,2004,Kidnap - For Ransom,07. For Ransom,0,0,0,0,0,0,0,0,0,0,0,0,0,0
Assam,2004,Kidnap - For Ransom,07. For Ransom,59,0,26,13,0,39,0,59,0,16,4,0,20,0
Bihar,2004,Kidnap - For Ransom,07. For Ransom,405,0,1,3,0,4,0,405,8,207,175,8,401,3
Chandigarh,2004,Kidnap - For Ransom,07. For Ransom,1,0,0,0,0,0,0,1,0,0,0,0,1,1
Chhattisgarh,2004,Kidnap - For Ransom,07. For Ransom,12,4,0,0,0,6,2,12,1,2,1,0,6,2
Delhi,2004,Kidnap - For Ransom,07. For Ransom,28,0,0,0,0,1,1,29,11,3,3,0,28,11
Gujarat,2004,Kidnap - For Ransom,07. For Ransom,36,0,1,0,0,1,0,37,2,12,19,0,36,3
Haryana,2004,Kidnap - For Ransom,07. For Ransom,8,0,1,0,0,1,0,8,3,2,0,0,7,2
Himachal Pradesh,2004,Kidnap - For Ransom,07. For Ransom,1,0,0,0,0,0,0,1,0,0,0,0,1,1
Jammu & Kashmir,2004,Kidnap - For Ransom,07. For Ransom,0,0,0,0,0,0,0,0,0,0,0,0,0,0
Jharkhand,2004,Kidnap - For Ransom,07. For Ransom,72,0,8,0,0,10,2,21,0,5,5,0,11,1
Karnataka,2004,Kidnap - For Ransom,07. For Ransom,13,0,2,0,0,2,0,18,0,6,6,3,16,1
Madhya Pradesh,2004,Kidnap - For Ransom,07. For Ransom,86,1,0,0,0,1,0,86,7,29,37,9,85,3
Maharashtra,2004,Kidnap - For Ransom,07. For Ransom,25,2,1,2,0,8,3,28,4,10,1,1,20,4
Manipur,2004,Kidnap - For Ransom,07. For Ransom,0,0,0,0,0,0,0,0,0,0,0,0,0,0
Meghalaya,2004,Kidnap - For Ransom,07. For Ransom,14,0,0,0,0,0,0,14,1,1,10,0,14,2
Mizoram,2004,Kidnap - For Ransom,07. For Ransom,0,0,0,0,0,0,0,0,0,0,0,0,0,0
Nagaland,2004,Kidnap - For Ransom,07. For Ransom,0,0,0,0,0,0,0,0,0,0,0,0,0,0
Odisha,2004,Kidnap - For Ransom,07. For Ransom,2,0,0,0,0,0,0,2,0,2,0,0,2,0
Punjab,2004,Kidnap - For Ransom,07. For Ransom,5,1,0,0,0,2,1,5,0,1,0,1,3,1
Rajasthan,2004,Kidnap - For Ransom,07. For Ransom,7,0,0,0,0,0,0,7,1,4,2,0,7,0
Tamil Nadu,2004,Kidnap - For Ransom,07. For Ransom,5,0,0,0,0,0,0,5,0,3,2,0,5,0
Tripura,2004,Kidnap - For Ransom,07. For Ransom,39,0,0,0,0,0,0,90,4,49,35,2,90,0
Uttar Pradesh,2004,Kidnap - For Ransom,07. For Ransom,285,1,20,15,0,37,1,285,66,90,67,8,248,17
Uttarakhand,2004,Kidnap - For Ransom,07. For Ransom,5,0,0,0,0,0,0,5,1,1,3,0,5,0
West Bengal,2004,Kidnap - For Ransom,07. For Ransom,14,0,2,0,0,2,0,15,0,4,4,1,13,4
Andhra Pradesh,2005,Kidnap - For Ransom,07. For Ransom,18,0,0,0,0,0,0,18,5,11,1,0,18,1
Arunachal Pradesh,2005,Kidnap - For Ransom,07. For Ransom,2,2,0,0,0,2,0,2,0,0,0,0,0,0
Assam,2005,Kidnap - For Ransom,07. For Ransom,34,0,9,6,0,15,0,34,0,9,10,0,19,0
Bihar,2005,Kidnap - For Ransom,07. For Ransom,287,0,1,0,0,1,0,287,30,180,63,5,286,8
Chandigarh,2005,Kidnap - For Ransom,07. For Ransom,2,0,0,0,0,0,0,2,1,1,0,0,2,0
Chhattisgarh,2005,Kidnap - For Ransom,07. For Ransom,1,0,0,0,0,0,0,1,0,0,0,0,1,1
Dadra & Nagar Haveli,2005,Kidnap - For Ransom,07. For Ransom,2,0,0,0,0,0,0,2,0,0,0,1,2,1
Delhi,2005,Kidnap - For Ransom,07. For Ransom,32,1,0,0,0,1,0,32,8,5,3,0,31,15
Gujarat,2005,Kidnap - For Ransom,07. For Ransom,31,1,0,0,0,1,0,31,6,8,12,1,30,3
Haryana,2005,Kidnap - For Ransom,07. For Ransom,6,0,0,0,0,0,0,6,0,1,2,0,6,3
Himachal Pradesh,2005,Kidnap - For Ransom,07. For Ransom,1,0,0,0,0,1,1,1,0,0,0,0,0,0
Jammu & Kashmir,2005,Kidnap - For Ransom,07. For Ransom,0,0,0,0,0,0,0,0,0,0,0,0,0,0
Jharkhand,2005,Kidnap - For Ransom,07. For Ransom,23,0,8,0,0,8,0,23,5,5,5,0,15,0
Karnataka,2005,Kidnap - For Ransom,07. For Ransom,13,0,3,0,0,3,0,13,0,7,3,0,10,0
Madhya Pradesh,2005,Kidnap - For Ransom,07. For Ransom,81,0,6,5,0,11,0,81,4,40,20,4,70,2
Maharashtra,2005,Kidnap - For Ransom,07. For Ransom,36,0,8,1,0,12,3,36,7,7,3,2,24,5
Manipur,2005,Kidnap - For Ransom,07. For Ransom,0,0,0,0,0,0,0,0,0,0,0,0,0,0
Meghalaya,2005,Kidnap - For Ransom,07. For Ransom,13,1,0,0,0,1,0,13,1,1,10,0,12,0
Mizoram,2005,Kidnap - For Ransom,07. For Ransom,0,0,0,0,0,0,0,0,0,0,0,0,0,0
Nagaland,2005,Kidnap - For Ransom,07. For Ransom,9,0,0,1,0,1,0,9,0,5,3,0,8,0
Odisha,2005,Kidnap - For Ransom,07. For Ransom,0,0,0,0,0,0,0,0,0,0,0,0,0,0
Punjab,2005,Kidnap - For Ransom,07. For Ransom,6,0,0,0,0,0,0,6,0,2,0,1,6,3
Rajasthan,2005,Kidnap - For Ransom,07. For Ransom,11,0,0,1,0,1,0,11,2,3,3,0,10,2
Sikkim,2005,Kidnap - For Ransom,07. For Ransom,1,0,0,0,0,0,0,1,0,0,0,0,1,1
Tamil Nadu,2005,Kidnap - For Ransom,07. For Ransom,1,0,0,0,0,0,0,1,0,0,0,0,1,1
Tripura,2005,Kidnap - For Ransom,07. For Ransom,30,0,1,0,0,1,0,62,0,22,31,6,61,2
Uttar Pradesh,2005,Kidnap - For Ransom,07. For Ransom,149,1,0,0,0,3,2,149,38,45,45,8,146,10
Uttarakhand,2005,Kidnap - For Ransom,07. For Ransom,7,0,1,0,0,1,0,7,0,5,1,0,6,0
West Bengal,2005,Kidnap - For Ransom,07. For Ransom,17,0,6,0,0,6,0,17,0,6,4,0,11,1
Andhra Pradesh,2006,Kidnap - For Ransom,07. For Ransom,30,0,0,0,0,2,2,30,0,25,0,0,28,3
Arunachal Pradesh,2006,Kidnap - For Ransom,07. For Ransom,0,0,0,0,0,0,0,0,0,0,0,0,0,0
Assam,2006,Kidnap - For Ransom,07. For Ransom,51,0,20,8,0,28,0,51,0,12,11,0,23,0
Bihar,2006,Kidnap - For Ransom,07. For Ransom,156,0,0,0,0,0,0,156,6,111,37,0,156,2
Chandigarh,2006,Kidnap - For Ransom,07. For Ransom,1,0,0,0,0,0,0,1,0,0,0,0,1,1
Chhattisgarh,2006,Kidnap - For Ransom,07. For Ransom,5,1,0,0,0,1,0,5,0,0,0,0,4,4
Delhi,2006,Kidnap - For Ransom,07. For Ransom,32,0,0,0,0,1,1,32,7,3,4,0,31,17
Gujarat,2006,Kidnap - For Ransom,07. For Ransom,19,0,1,0,0,1,0,20,3,7,7,2,19,0
Haryana,2006,Kidnap - For Ransom,07. For Ransom,10,0,0,1,0,1,0,10,2,2,3,1,9,1
Himachal Pradesh,2006,Kidnap - For Ransom,07. For Ransom,0,0,0,0,0,0,0,0,0,0,0,0,0,0
Jammu & Kashmir,2006,Kidnap - For Ransom,07. For Ransom,1,0,0,0,0,0,0,1,0,0,0,0,1,1
Jharkhand,2006,Kidnap - For Ransom,07. For Ransom,47,1,0,0,0,1,0,46,4,25,13,0,45,3
Karnataka,2006,Kidnap - For Ransom,07. For Ransom,5,1,1,0,0,2,0,10,1,6,1,0,8,0
Kerala,2006,Kidnap - For Ransom,07. For Ransom,1,0,0,0,0,0,0,1,0,0,1,0,1,0
Madhya Pradesh,2006,Kidnap - For Ransom,07. For Ransom,42,0,1,2,0,3,0,42,7,20,11,1,39,0
Maharashtra,2006,Kidnap - For Ransom,07. For Ransom,24,3,1,0,0,5,1,24,2,8,5,0,19,4
Manipur,2006,Kidnap - For Ransom,07. For Ransom,0,0,0,0,0,0,0,0,0,0,0,0,0,0
Meghalaya,2006,Kidnap - For Ransom,07. For Ransom,14,1,5,0,0,7,1,15,0,2,5,0,8,1
Mizoram,2006,Kidnap - For Ransom,07. For Ransom,1,0,0,0,0,0,0,2,0,2,0,0,2,0
Nagaland,2006,Kidnap - For Ransom,07. For Ransom,1,0,0,0,0,0,0,1,0,1,0,0,1,0
Odisha,2006,Kidnap - For Ransom,07. For Ransom,2,0,0,0,0,0,0,2,0,2,0,0,2,0
Puducherry,2006,Kidnap - For Ransom,07. For Ransom,1,0,0,0,0,0,0,1,0,0,0,1,1,0
Punjab,2006,Kidnap - For Ransom,07. For Ransom,14,0,2,1,0,3,0,14,2,2,2,0,11,5
Rajasthan,2006,Kidnap - For Ransom,07. For Ransom,8,0,1,0,0,1,0,8,2,2,2,0,7,1
Sikkim,2006,Kidnap - For Ransom,07. For Ransom,1,0,0,0,0,0,0,1,1,0,0,0,1,0
Tamil Nadu,2006,Kidnap - For Ransom,07. For Ransom,2,0,0,0,0,0,0,4,1,0,3,0,4,0
Tripura,2006,Kidnap - For Ransom,07. For Ransom,17,0,0,0,0,0,0,43,0,33,8,2,43,0
Uttar Pradesh,2006,Kidnap - For Ransom,07. For Ransom,115,1,0,0,0,2,1,147,26,65,39,4,145,11
Uttarakhand,2006,Kidnap - For Ransom,07. For Ransom,7,0,0,0,0,0,0,7,0,5,0,0,7,2
West Bengal,2006,Kidnap - For Ransom,07. For Ransom,23,0,2,0,0,5,3,23,0,5,9,0,18,4
Andhra Pradesh,2007,Kidnap - For Ransom,07. For Ransom,21,0,3,0,0,4,1,21,1,3,7,2,17,4
Arunachal Pradesh,2007,Kidnap - For Ransom,07. For Ransom,8,2,2,0,0,4,0,8,0,0,4,0,4,0
Assam,2007,Kidnap - For Ransom,07. For Ransom,37,0,16,4,0,20,0,37,0,11,6,0,17,0
Bihar,2007,Kidnap - For Ransom,07. For Ransom,81,1,2,0,0,3,0,81,21,39,9,2,78,7
Chandigarh,2007,Kidnap - For Ransom,07. For Ransom,1,0,0,0,0,0,0,1,0,0,1,0,1,0
Chhattisgarh,2007,Kidnap - For Ransom,07. For Ransom,4,0,0,0,0,0,0,4,0,1,1,0,4,2
Delhi,2007,Kidnap - For Ransom,07. For Ransom,24,0,0,1,0,1,0,24,6,1,0,0,23,16
Gujarat,2007,Kidnap - For Ransom,07. For Ransom,29,2,2,0,0,5,1,34,1,15,6,1,29,6
Haryana,2007,Kidnap - For Ransom,07. For Ransom,11,0,0,0,0,0,0,11,1,3,1,0,11,6
Himachal Pradesh,2007,Kidnap - For Ransom,07. For Ransom,0,0,0,0,0,0,0,0,0,0,0,0,0,0
Jammu & Kashmir,2007,Kidnap - For Ransom,07. For Ransom,0,0,0,0,0,0,0,0,0,0,0,0,0,0
Jharkhand,2007,Kidnap - For Ransom,07. For Ransom,86,0,2,0,0,2,0,86,13,26,34,9,84,2
Karnataka,2007,Kidnap - For Ransom,07. For Ransom,14,0,0,0,0,1,1,14,0,3,5,1,13,4
Kerala,2007,Kidnap - For Ransom,07. For Ransom,10,0,1,0,0,1,0,10,1,2,4,2,9,0
Madhya Pradesh,2007,Kidnap - For Ransom,07. For Ransom,60,0,0,0,0,0,0,83,10,38,26,6,83,3
Maharashtra,2007,Kidnap - For Ransom,07. For Ransom,29,1,1,0,1,3,0,29,7,10,4,0,26,5
Manipur,2007,Kidnap - For Ransom,07. For Ransom,5,0,0,0,0,0,0,7,0,0,4,3,7,0
Meghalaya,2007,Kidnap - For Ransom,07. For Ransom,2,0,0,0,0,0,0,2,1,0,1,0,2,0
Mizoram,2007,Kidnap - For Ransom,07. For Ransom,0,0,0,0,0,0,0,0,0,0,0,0,0,0
Nagaland,2007,Kidnap - For Ransom,07. For Ransom,2,1,0,0,0,1,0,2,0,0,1,0,1,0
Odisha,2007,Kidnap - For Ransom,07. For Ransom,2,1,0,0,0,1,0,2,0,0,1,0,1,0
Puducherry,2007,Kidnap - For Ransom,07. For Ransom,2,0,0,0,0,0,0,2,1,0,1,0,2,0
Punjab,2007,Kidnap - For Ransom,07. For Ransom,10,0,1,0,0,2,1,10,1,1,2,0,8,4
Rajasthan,2007,Kidnap - For Ransom,07. For Ransom,8,0,0,0,0,0,0,8,2,3,2,1,8,0
Tamil Nadu,2007,Kidnap - For Ransom,07. For Ransom,3,0,0,0,0,0,0,3,0,2,0,0,3,1
Tripura,2007,Kidnap - For Ransom,07. For Ransom,26,0,0,0,0,0,0,59,0,32,24,3,59,0
Uttar Pradesh,2007,Kidnap - For Ransom,07. For Ransom,84,2,0,0,0,2,0,87,28,40,12,1,85,4
Uttarakhand,2007,Kidnap - For Ransom,07. For Ransom,2,1,0,0,0,1,0,2,0,0,0,0,1,1
West Bengal,2007,Kidnap - For Ransom,07. For Ransom,23,0,3,0,0,3,0,23,3,11,2,1,20,3
Andhra Pradesh,2008,Kidnap - For Ransom,07. For Ransom,10,0,1,0,0,1,0,10,0,1,5,2,9,1
Arunachal Pradesh,2008,Kidnap - For Ransom,07. For Ransom,12,0,0,0,0,0,0,12,0,3,8,1,12,0
Assam,2008,Kidnap - For Ransom,07. For Ransom,51,0,29,6,0,35,0,51,0,8,8,0,16,0
Bihar,2008,Kidnap - For Ransom,07. For Ransom,78,0,2,0,0,2,0,78,8,42,13,1,76,12
Chandigarh,2008,Kidnap - For Ransom,07. For Ransom,1,0,0,0,0,0,0,1,0,0,0,0,1,1
Chhattisgarh,2008,Kidnap - For Ransom,07. For Ransom,3,0,0,0,0,0,0,3,0,0,1,0,3,2
Delhi,2008,Kidnap - For Ransom,07. For Ransom,24,1,0,0,0,3,2,24,11,4,1,0,21,5
Goa,2008,Kidnap - For Ransom,07. For Ransom,1,0,0,0,0,1,1,1,0,0,0,0,0,0
Gujarat,2008,Kidnap - For Ransom,07. For Ransom,26,0,5,0,0,6,1,26,3,10,6,0,20,1
Haryana,2008,Kidnap - For Ransom,07. For Ransom,11,0,0,0,0,0,0,10,1,0,1,1,10,7
Himachal Pradesh,2008,Kidnap - For Ransom,07. For Ransom,0,0,0,0,0,0,0,0,0,0,0,0,0,0
Jammu & Kashmir,2008,Kidnap - For Ransom,07. For Ransom,7,0,5,2,0,7,0,7,0,0,0,0,0,0
Jharkhand,2008,Kidnap - For Ransom,07. For Ransom,50,1,0,0,0,1,0,50,4,37,4,0,49,4
Karnataka,2008,Kidnap - For Ransom,07. For Ransom,19,0,1,0,0,1,0,18,0,10,5,0,17,2
Kerala,2008,Kidnap - For Ransom,07. For Ransom,3,0,0,0,0,0,0,3,0,2,1,0,3,0
Lakshadweep,2008,Kidnap - For Ransom,07. For Ransom,1,0,1,0,0,1,0,1,0,0,0,0,0,0
Madhya Pradesh,2008,Kidnap - For Ransom,07. For Ransom,38,1,1,0,0,2,0,49,4,18,17,3,47,5
Maharashtra,2008,Kidnap - For Ransom,07. For Ransom,35,0,1,0,0,1,0,35,11,7,10,2,34,4
Manipur,2008,Kidnap - For Ransom,07. For Ransom,19,0,0,2,0,2,0,22,1,1,14,4,20,0
Meghalaya,2008,Kidnap - For Ransom,07. For Ransom,11,0,0,0,0,0,0,11,1,4,6,0,11,0
Mizoram,2008,Kidnap - For Ransom,07. For Ransom,1,0,0,0,0,0,0,1,0,0,1,0,1,0
Nagaland,2008,Kidnap - For Ransom,07. For Ransom,0,0,0,0,0,0,0,0,0,0,0,0,0,0
Odisha,2008,Kidnap - For Ransom,07. For Ransom,3,0,0,0,0,1,1,3,0,1,0,0,2,1
Puducherry,2008,Kidnap - For Ransom,07. For Ransom,0,0,0,0,0,0,0,0,0,0,0,0,0,0
Punjab,2008,Kidnap - For Ransom,07. For Ransom,8,0,0,0,0,1,1,9,0,7,0,0,8,1
Rajasthan,2008,Kidnap - For Ransom,07. For Ransom,6,0,0,0,0,0,0,6,0,3,0,0,6,3
Tamil Nadu,2008,Kidnap - For Ransom,07. For Ransom,5,0,0,1,1,2,0,5,0,1,2,0,3,0
Tripura,2008,Kidnap - For Ransom,07. For Ransom,16,0,0,0,0,0,0,32,2,13,13,4,32,0
Uttar Pradesh,2008,Kidnap - For Ransom,07. For Ransom,69,0,0,0,0,0,0,71,25,37,5,0,71,4
Uttarakhand,2008,Kidnap - For Ransom,07. For Ransom,2,0,0,0,0,0,0,2,2,0,0,0,2,0
West Bengal,2008,Kidnap - For Ransom,07. For Ransom,236,12,165,20,0,197,0,236,16,23,0,0,39,0
Andhra Pradesh,2009,Kidnap - For Ransom,07. For Ransom,60,13,29,2,0,47,3,60,1,3,6,1,13,2
Arunachal Pradesh,2009,Kidnap - For Ransom,07. For Ransom,1,0,0,0,0,0,0,1,1,0,0,0,1,0
Assam,2009,Kidnap - For Ransom,07. For Ransom,60,0,37,5,0,42,0,60,0,7,11,0,18,0
Bihar,2009,Kidnap - For Ransom,07. For Ransom,80,0,1,0,0,1,0,80,23,44,2,0,79,10
Chandigarh,2009,Kidnap - For Ransom,07. For Ransom,1,0,0,0,0,0,0,1,0,0,1,0,1,0
Chhattisgarh,2009,Kidnap - For Ransom,07. For Ransom,2,0,0,0,0,2,2,2,0,0,0,0,0,0
Delhi,2009,Kidnap - For Ransom,07. For Ransom,29,0,0,0,0,0,0,29,11,5,1,0,29,12
Goa,2009,Kidnap - For Ransom,07. For Ransom,3,0,0,0,0,0,0,3,0,3,0,0,3,0
Gujarat,2009,Kidnap - For Ransom,07. For Ransom,21,0,3,0,0,3,0,23,1,11,5,0,20,3
Haryana,2009,Kidnap - For Ransom,07. For Ransom,8,0,0,0,0,0,0,8,2,5,0,0,8,1
Himachal Pradesh,2009,Kidnap - For Ransom,07. For Ransom,0,0,0,0,0,0,0,0,0,0,0,0,0,0
Jammu & Kashmir,2009,Kidnap - For Ransom,07. For Ransom,0,0,0,0,0,0,0,0,0,0,0,0,0,0
Jharkhand,2009,Kidnap - For Ransom,07. For Ransom,46,0,0,2,0,2,0,46,0,23,17,1,44,3
Karnataka,2009,Kidnap - For Ransom,07. For Ransom,28,0,17,0,0,17,0,29,0,10,1,0,12,1
Kerala,2009,Kidnap - For Ransom,07. For Ransom,3,0,0,0,0,0,0,3,0,3,0,0,3,0
Madhya Pradesh,2009,Kidnap - For Ransom,07. For Ransom,54,4,0,0,0,4,0,77,5,30,31,2,73,5
Maharashtra,2009,Kidnap - For Ransom,07. For Ransom,37,3,3,0,0,11,5,41,5,13,5,0,30,7
Manipur,2009,Kidnap - For Ransom,07. For Ransom,11,0,0,0,0,0,0,12,0,0,7,5,12,0
Meghalaya,2009,Kidnap - For Ransom,07. For Ransom,6,0,1,0,0,1,0,6,0,2,3,0,5,0
Mizoram,2009,Kidnap - For Ransom,07. For Ransom,1,0,0,0,0,0,0,1,0,0,1,0,1,0
Nagaland,2009,Kidnap - For Ransom,07. For Ransom,16,0,0,0,0,0,0,16,0,9,7,0,16,0
Odisha,2009,Kidnap - For Ransom,07. For Ransom,5,0,0,0,0,0,0,5,0,2,2,0,5,1
Puducherry,2009,Kidnap - For Ransom,07. For Ransom,1,0,0,0,0,0,0,1,0,1,0,0,1,0
Punjab,2009,Kidnap - For Ransom,07. For Ransom,6,2,0,0,0,2,0,6,0,1,0,0,4,3
Rajasthan,2009,Kidnap - For Ransom,07. For Ransom,10,0,4,0,0,4,0,10,2,2,1,0,6,1
Tamil Nadu,2009,Kidnap - For Ransom,07. For Ransom,5,0,0,0,0,0,0,5,0,0,5,0,5,0
Uttar Pradesh,2009,Kidnap - For Ransom,07. For Ransom,62,0,1,1,0,4,2,62,15,24,13,1,58,5
Uttarakhand,2009,Kidnap - For Ransom,07. For Ransom,1,0,0,0,0,0,0,1,0,1,0,0,1,0
West Bengal,2009,Kidnap - For Ransom,07. For Ransom,54,0,21,0,0,21,0,54,5,15,12,1,33,0
Andhra Pradesh,2010,Kidnap - For Ransom,07. For Ransom,5,1,0,0,0,2,1,5,0,1,1,0,3,1
Arunachal Pradesh,2010,Kidnap - For Ransom,07. For Ransom,0,0,0,0,0,0,0,0,0,0,0,0,0,0
Assam,2010,Kidnap - For Ransom,07. For Ransom,86,0,49,12,0,61,0,86,0,9,16,0,25,0
Bihar,2010,Kidnap - For Ransom,07. For Ransom,72,0,1,0,0,1,0,74,26,29,5,1,73,12
Chandigarh,2010,Kidnap - For Ransom,07. For Ransom,2,0,0,0,0,0,0,2,0,0,1,0,2,1
Chhattisgarh,2010,Kidnap - For Ransom,07. For Ransom,1,0,1,0,0,1,0,1,0,0,0,0,0,0
Dadra & Nagar Haveli,2010,Kidnap - For Ransom,07. For Ransom,1,0,0,0,0,0,0,1,1,0,0,0,1,0
Delhi,2010,Kidnap - For Ransom,07. For Ransom,18,1,0,0,0,3,2,19,4,3,1,0,16,8
Goa,2010,Kidnap - For Ransom,07. For Ransom,5,1,0,0,0,1,0,6,0,2,2,0,5,1
Gujarat,2010,Kidnap - For Ransom,07. For Ransom,28,1,1,0,0,2,0,28,2,11,10,1,26,2
Haryana,2010,Kidnap - For Ransom,07. For Ransom,17,1,1,0,0,3,1,19,4,3,4,0,16,5
Himachal Pradesh,2010,Kidnap - For Ransom,07. For Ransom,1,0,0,0,0,0,0,1,0,0,0,0,1,1
Jammu & Kashmir,2010,Kidnap - For Ransom,07. For Ransom,9,0,6,2,0,8,0,9,0,0,1,0,1,0
Jharkhand,2010,Kidnap - For Ransom,07. For Ransom,147,0,55,25,0,80,0,147,1,37,26,2,67,1
Karnataka,2010,Kidnap - For Ransom,07. For Ransom,21,0,11,0,0,12,1,30,0,12,0,1,18,5
Kerala,2010,Kidnap - For Ransom,07. For Ransom,2,0,0,0,0,0,0,3,0,1,1,1,3,0
Madhya Pradesh,2010,Kidnap - For Ransom,07. For Ransom,41,0,0,0,0,0,0,50,1,32,14,1,50,2
Maharashtra,2010,Kidnap - For Ransom,07. For Ransom,26,3,0,0,0,5,2,26,8,4,4,1,21,4
Manipur,2010,Kidnap - For Ransom,07. For Ransom,32,0,0,3,0,3,0,45,0,9,21,12,42,0
Meghalaya,2010,Kidnap - For Ransom,07. For Ransom,28,0,0,0,0,0,0,28,5,16,6,0,28,1
Mizoram,2010,Kidnap - For Ransom,07. For Ransom,2,0,0,0,0,0,0,2,0,0,2,0,2,0
Nagaland,2010,Kidnap - For Ransom,07. For Ransom,26,0,3,0,0,3,0,26,2,11,8,1,23,1
Odisha,2010,Kidnap - For Ransom,07. For Ransom,3,0,3,0,0,3,0,3,0,0,0,0,0,0
Punjab,2010,Kidnap - For Ransom,07. For Ransom,10,0,1,0,0,1,0,10,1,4,0,0,9,4
Rajasthan,2010,Kidnap - For Ransom,07. For Ransom,6,0,0,0,0,0,0,6,2,3,1,0,6,0
Tamil Nadu,2010,Kidnap - For Ransom,07. For Ransom,8,1,1,1,1,5,1,8,1,1,1,0,3,0
Tripura,2010,Kidnap - For Ransom,07. For Ransom,7,0,0,0,0,0,0,22,1,11,9,1,22,0
Uttar Pradesh,2010,Kidnap - For Ransom,07. For Ransom,60,1,2,0,0,4,1,62,16,24,12,1,58,5
Uttarakhand,2010,Kidnap - For Ransom,07. For Ransom,2,0,0,0,0,0,0,2,0,2,0,0,2,0
West Bengal,2010,Kidnap - For Ransom,07. For Ransom,72,0,9,2,0,15,4,72,8,18,17,9,57,5
Andhra Pradesh,2001,Kidnap - For Revenge,08. For Revenge,47,8,4,1,0,13,0,47,8,11,12,0,34,3
Arunachal Pradesh,2001,Kidnap - For Revenge,08. For Revenge,1,0,0,0,0,0,0,1,0,1,0,0,1,0
Assam,2001,Kidnap - For Revenge,08. For Revenge,95,53,36,0,0,89,0,95,4,2,0,0,6,0
Bihar,2001,Kidnap - For Revenge,08. For Revenge,182,0,0,1,0,1,0,182,30,107,34,5,181,5
Chandigarh,2001,Kidnap - For Revenge,08. For Revenge,0,0,0,0,0,0,0,0,0,0,0,0,0,0
Chhattisgarh,2001,Kidnap - For Revenge,08. For Revenge,1,1,0,0,0,1,0,1,0,0,0,0,0,0
Delhi,2001,Kidnap - For Revenge,08. For Revenge,15,3,2,0,0,6,1,16,3,1,3,0,10,3
Gujarat,2001,Kidnap - For Revenge,08. For Revenge,18,2,1,2,0,5,0,18,0,6,5,0,13,2
Haryana,2001,Kidnap - For Revenge,08. For Revenge,25,0,0,0,0,0,0,25,7,6,6,1,25,5
Himachal Pradesh,2001,Kidnap - For Revenge,08. For Revenge,1,0,0,0,0,1,1,1,0,0,0,0,0,0
Jammu & Kashmir,2001,Kidnap - For Revenge,08. For Revenge,2,0,0,0,0,0,0,2,0,2,0,0,2,0
Jharkhand,2001,Kidnap - For Revenge,08. For Revenge,9,1,3,0,0,4,0,6,0,1,0,0,2,1
Karnataka,2001,Kidnap - For Revenge,08. For Revenge,18,2,0,0,0,5,3,18,3,6,3,1,13,0
Kerala,2001,Kidnap - For Revenge,08. For Revenge,11,0,0,2,0,2,0,17,1,4,7,1,15,2
Madhya Pradesh,2001,Kidnap - For Revenge,08. For Revenge,4,0,0,0,0,0,0,4,0,3,1,0,4,0
Maharashtra,2001,Kidnap - For Revenge,08. For Revenge,18,2,2,0,0,5,1,18,3,9,1,0,13,0
Meghalaya,2001,Kidnap - For Revenge,08. For Revenge,0,0,0,0,0,0,0,0,0,0,0,0,0,0
Mizoram,2001,Kidnap - For Revenge,08. For Revenge,0,0,0,0,0,0,0,0,0,0,0,0,0,0
Nagaland,2001,Kidnap - For Revenge,08. For Revenge,1,0,0,0,0,0,0,1,0,1,0,0,1,0
Odisha,2001,Kidnap - For Revenge,08. For Revenge,18,6,0,0,0,6,0,18,8,4,0,0,12,0
Punjab,2001,Kidnap - For Revenge,08. For Revenge,12,0,0,1,0,1,0,12,0,1,10,0,11,0
Rajasthan,2001,Kidnap - For Revenge,08. For Revenge,31,0,0,2,0,2,0,31,2,21,5,0,29,1
Tamil Nadu,2001,Kidnap - For Revenge,08. For Revenge,6,0,0,0,0,0,0,6,0,1,5,0,6,0
Uttar Pradesh,2001,Kidnap - For Revenge,08. For Revenge,411,7,15,3,0,27,2,412,67,206,104,8,385,0
West Bengal,2001,Kidnap - For Revenge,08. For Revenge,15,0,1,0,0,1,0,19,2,11,3,1,18,1
Andhra Pradesh,2002,Kidnap - For Revenge,08. For Revenge,34,2,15,2,0,19,0,34,1,6,2,3,15,3
Assam,2002,Kidnap - For Revenge,08. For Revenge,106,0,86,8,0,94,0,106,0,6,6,0,12,0
Bihar,2002,Kidnap - For Revenge,08. For Revenge,155,1,0,0,0,1,0,155,4,95,49,3,154,3
Chhattisgarh,2002,Kidnap - For Revenge,08. For Revenge,0,0,0,0,0,0,0,0,0,0,0,0,0,0
Dadra & Nagar Haveli,2002,Kidnap - For Revenge,08. For Revenge,1,0,0,0,0,0,0,2,0,2,0,0,2,0
Daman & Diu,2002,Kidnap - For Revenge,08. For Revenge,0,0,0,0,0,0,0,0,0,0,0,0,0,0
Delhi,2002,Kidnap - For Revenge,08. For Revenge,11,0,0,0,0,2,2,12,2,7,0,0,10,1
Gujarat,2002,Kidnap - For Revenge,08. For Revenge,19,1,2,0,0,4,1,19,1,6,8,0,15,0
Haryana,2002,Kidnap - For Revenge,08. For Revenge,33,0,0,0,0,1,1,33,4,15,10,0,32,3
Himachal Pradesh,2002,Kidnap - For Revenge,08. For Revenge,0,0,0,0,0,0,0,0,0,0,0,0,0,0
Jammu & Kashmir,2002,Kidnap - For Revenge,08. For Revenge,3,0,0,0,0,0,0,3,0,0,3,0,3,0
Jharkhand,2002,Kidnap - For Revenge,08. For Revenge,34,0,0,0,0,0,0,52,4,12,36,0,52,0
Karnataka,2002,Kidnap - For Revenge,08. For Revenge,19,1,3,0,0,4,0,19,2,7,6,0,15,0
Kerala,2002,Kidnap - For Revenge,08. For Revenge,10,1,1,1,0,4,1,10,0,1,4,1,6,0
Madhya Pradesh,2002,Kidnap - For Revenge,08. For Revenge,10,3,2,0,0,5,0,10,2,2,1,0,5,0
Maharashtra,2002,Kidnap - For Revenge,08. For Revenge,17,0,1,0,0,1,0,18,2,7,7,0,17,1
Meghalaya,2002,Kidnap - For Revenge,08. For Revenge,0,0,0,0,0,0,0,0,0,0,0,0,0,0
Nagaland,2002,Kidnap - For Revenge,08. For Revenge,0,0,0,0,0,0,0,0,0,0,0,0,0,0
Odisha,2002,Kidnap - For Revenge,08. For Revenge,14,0,1,0,0,1,0,14,2,11,0,0,13,0
Punjab,2002,Kidnap - For Revenge,08. For Revenge,11,0,2,0,0,3,1,11,0,2,5,0,8,1
Rajasthan,2002,Kidnap - For Revenge,08. For Revenge,17,0,1,2,0,3,0,17,1,6,7,0,14,0
Tamil Nadu,2002,Kidnap - For Revenge,08. For Revenge,7,2,0,0,0,2,0,7,0,1,4,0,5,0
Tripura,2002,Kidnap - For Revenge,08. For Revenge,0,0,0,0,0,0,0,0,0,0,0,0,0,0
Uttar Pradesh,2002,Kidnap - For Revenge,08. For Revenge,463,3,15,6,0,25,1,463,45,260,128,5,438,0
Uttarakhand,2002,Kidnap - For Revenge,08. For Revenge,2,0,0,0,0,0,0,2,0,1,0,1,2,0
West Bengal,2002,Kidnap - For Revenge,08. For Revenge,17,1,4,0,0,8,3,17,2,3,3,0,9,1
Andhra Pradesh,2003,Kidnap - For Revenge,08. For Revenge,81,6,14,3,0,23,0,67,7,13,14,7,44,3
Arunachal Pradesh,2003,Kidnap - For Revenge,08. For Revenge,0,0,0,0,0,0,0,0,0,0,0,0,0,0
Assam,2003,Kidnap - For Revenge,08. For Revenge,95,0,45,22,0,67,0,95,0,18,10,0,28,0
Bihar,2003,Kidnap - For Revenge,08. For Revenge,136,0,2,0,0,2,0,136,0,90,36,8,134,0
Chandigarh,2003,Kidnap - For Revenge,08. For Revenge,3,0,0,0,0,2,2,3,1,0,0,0,1,0
Chhattisgarh,2003,Kidnap - For Revenge,08. For Revenge,0,0,0,0,0,0,0,0,0,0,0,0,0,0
Daman & Diu,2003,Kidnap - For Revenge,08. For Revenge,0,0,0,0,0,0,0,0,0,0,0,0,0,0
Gujarat,2003,Kidnap - For Revenge,08. For Revenge,10,0,0,0,0,0,0,10,0,9,1,0,10,0
Haryana,2003,Kidnap - For Revenge,08. For Revenge,30,0,12,1,0,13,0,30,0,13,3,1,17,0
Himachal Pradesh,2003,Kidnap - For Revenge,08. For Revenge,1,0,0,0,0,0,0,1,0,0,0,0,1,1
Jammu & Kashmir,2003,Kidnap - For Revenge,08. For Revenge,2,0,0,0,0,0,0,2,0,2,0,0,2,0
Jharkhand,2003,Kidnap - For Revenge,08. For Revenge,2,0,0,0,0,0,0,2,0,2,0,0,2,0
Karnataka,2003,Kidnap - For Revenge,08. For Revenge,14,0,0,0,0,1,1,14,3,4,4,2,13,0
Kerala,2003,Kidnap - For Revenge,08. For Revenge,21,1,1,2,3,10,3,21,1,3,5,2,11,0
Madhya Pradesh,2003,Kidnap - For Revenge,08. For Revenge,3,0,0,0,0,1,1,3,1,1,0,0,2,0
Maharashtra,2003,Kidnap - For Revenge,08. For Revenge,19,0,1,0,0,1,0,19,2,11,5,0,18,0
Meghalaya,2003,Kidnap - For Revenge,08. For Revenge,0,0,0,0,0,0,0,0,0,0,0,0,0,0
Nagaland,2003,Kidnap - For Revenge,08. For Revenge,0,0,0,0,0,0,0,0,0,0,0,0,0,0
Odisha,2003,Kidnap - For Revenge,08. For Revenge,27,1,13,1,0,15,0,27,0,10,2,0,12,0
Puducherry,2003,Kidnap - For Revenge,08. For Revenge,1,0,0,0,0,0,0,1,0,1,0,0,1,0
Punjab,2003,Kidnap - For Revenge,08. For Revenge,11,0,0,0,0,0,0,11,0,6,4,0,11,1
Rajasthan,2003,Kidnap - For Revenge,08. For Revenge,27,0,3,2,2,7,0,27,1,13,5,1,20,0
Tamil Nadu,2003,Kidnap - For Revenge,08. For Revenge,11,1,1,2,0,4,0,11,0,2,5,0,7,0
Uttar Pradesh,2003,Kidnap - For Revenge,08. For Revenge,244,0,0,0,0,0,0,244,27,140,71,6,244,0
Uttarakhand,2003,Kidnap - For Revenge,08. For Revenge,1,0,0,0,0,0,0,1,0,1,0,0,1,0
West Bengal,2003,Kidnap - For Revenge,08. For Revenge,1,0,0,0,0,0,0,1,0,1,0,0,1,0
Andhra Pradesh,2004,Kidnap - For Revenge,08. For Revenge,87,6,7,2,0,19,4,87,6,23,24,11,68,4
Arunachal Pradesh,2004,Kidnap - For Revenge,08. For Revenge,0,0,0,0,0,0,0,0,0,0,0,0,0,0
Assam,2004,Kidnap - For Revenge,08. For Revenge,15,0,9,4,0,15,2,15,0,0,0,0,0,0
Bihar,2004,Kidnap - For Revenge,08. For Revenge,152,0,0,0,0,0,0,152,3,107,39,2,152,1
Chandigarh,2004,Kidnap - For Revenge,08. For Revenge,4,1,0,0,0,2,1,4,0,0,1,0,2,1
Chhattisgarh,2004,Kidnap - For Revenge,08. For Revenge,1,1,0,0,0,1,0,1,0,0,0,0,0,0
Delhi,2004,Kidnap - For Revenge,08. For Revenge,1,0,0,0,0,0,0,1,0,0,0,0,1,1
Gujarat,2004,Kidnap - For Revenge,08. For Revenge,24,0,0,0,0,0,0,24,0,16,8,0,24,0
Haryana,2004,Kidnap - For Revenge,08. For Revenge,23,0,8,0,0,8,0,23,0,9,6,0,15,0
Himachal Pradesh,2004,Kidnap - For Revenge,08. For Revenge,2,0,0,0,0,0,0,2,0,0,2,0,2,0
Jammu & Kashmir,2004,Kidnap - For Revenge,08. For Revenge,15,0,7,0,0,7,0,16,0,9,0,0,9,0
Jharkhand,2004,Kidnap - For Revenge,08. For Revenge,2,0,0,0,0,0,0,2,0,2,0,0,2,0
Karnataka,2004,Kidnap - For Revenge,08. For Revenge,29,4,5,0,0,11,2,29,1,10,6,1,18,0
Kerala,2004,Kidnap - For Revenge,08. For Revenge,13,0,2,1,1,4,0,13,2,3,2,1,9,1
Madhya Pradesh,2004,Kidnap - For Revenge,08. For Revenge,6,0,1,0,0,1,0,6,0,3,2,0,5,0
Maharashtra,2004,Kidnap - For Revenge,08. For Revenge,18,0,0,1,0,2,1,18,0,8,7,0,16,1
Manipur,2004,Kidnap - For Revenge,08. For Revenge,0,0,0,0,0,0,0,0,0,0,0,0,0,0
Meghalaya,2004,Kidnap - For Revenge,08. For Revenge,1,0,0,0,0,0,0,2,2,0,0,0,2,0
Mizoram,2004,Kidnap - For Revenge,08. For Revenge,0,0,0,0,0,0,0,0,0,0,0,0,0,0
Nagaland,2004,Kidnap - For Revenge,08. For Revenge,0,0,0,0,0,0,0,0,0,0,0,0,0,0
Odisha,2004,Kidnap - For Revenge,08. For Revenge,14,0,0,7,0,7,0,14,3,1,3,0,7,0
Punjab,2004,Kidnap - For Revenge,08. For Revenge,7,2,0,0,0,2,0,7,2,0,2,0,5,1
Rajasthan,2004,Kidnap - For Revenge,08. For Revenge,8,0,0,0,0,0,0,8,0,6,2,0,8,0
Tamil Nadu,2004,Kidnap - For Revenge,08. For Revenge,10,0,0,2,0,2,0,10,0,5,2,0,8,1
Tripura,2004,Kidnap - For Revenge,08. For Revenge,0,0,0,0,0,0,0,0,0,0,0,0,0,0
Uttar Pradesh,2004,Kidnap - For Revenge,08. For Revenge,271,2,1,2,0,5,0,271,47,135,68,11,266,5
West Bengal,2004,Kidnap - For Revenge,08. For Revenge,10,1,4,0,0,5,0,11,1,1,3,0,6,1
Andhra Pradesh,2005,Kidnap - For Revenge,08. For Revenge,59,8,2,0,0,19,9,59,0,19,17,1,40,3
Arunachal Pradesh,2005,Kidnap - For Revenge,08. For Revenge,1,0,0,0,0,0,0,1,1,0,0,0,1,0
Assam,2005,Kidnap - For Revenge,08. For Revenge,17,0,12,5,0,17,0,17,0,0,0,0,0,0
Bihar,2005,Kidnap - For Revenge,08. For Revenge,90,1,2,2,0,5,0,90,3,37,33,12,85,0
Chandigarh,2005,Kidnap - For Revenge,08. For Revenge,3,0,1,0,0,1,0,4,0,2,1,0,3,0
Chhattisgarh,2005,Kidnap - For Revenge,08. For Revenge,1,0,0,0,0,0,0,1,0,0,1,0,1,0
Daman & Diu,2005,Kidnap - For Revenge,08. For Revenge,2,0,0,0,0,0,0,2,0,2,0,0,2,0
Delhi,2005,Kidnap - For Revenge,08. For Revenge,1,0,0,0,0,0,0,1,0,0,0,0,1,1
Goa,2005,Kidnap - For Revenge,08. For Revenge,1,0,0,0,0,1,1,1,0,0,0,0,0,0
Gujarat,2005,Kidnap - For Revenge,08. For Revenge,22,0,2,0,0,2,0,22,0,5,14,0,20,1
Haryana,2005,Kidnap - For Revenge,08. For Revenge,25,0,0,1,0,4,3,27,3,9,6,1,23,4
Himachal Pradesh,2005,Kidnap - For Revenge,08. For Revenge,1,0,1,0,0,1,0,1,0,0,0,0,0,0
Jammu & Kashmir,2005,Kidnap - For Revenge,08. For Revenge,13,0,6,3,0,9,0,13,0,4,0,0,4,0
Jharkhand,2005,Kidnap - For Revenge,08. For Revenge,1,0,0,0,0,0,0,1,0,1,0,0,1,0
Karnataka,2005,Kidnap - For Revenge,08. For Revenge,17,0,1,1,0,3,1,17,0,9,5,0,14,0
Kerala,2005,Kidnap - For Revenge,08. For Revenge,2,0,0,0,0,0,0,2,1,0,1,0,2,0
Madhya Pradesh,2005,Kidnap - For Revenge,08. For Revenge,7,0,1,0,0,1,0,7,0,1,5,0,6,0
Maharashtra,2005,Kidnap - For Revenge,08. For Revenge,23,1,6,9,0,16,0,23,0,4,3,0,7,0
Manipur,2005,Kidnap - For Revenge,08. For Revenge,0,0,0,0,0,0,0,0,0,0,0,0,0,0
Meghalaya,2005,Kidnap - For Revenge,08. For Revenge,3,0,0,0,0,0,0,3,1,0,2,0,3,0
Mizoram,2005,Kidnap - For Revenge,08. For Revenge,0,0,0,0,0,0,0,0,0,0,0,0,0,0
Nagaland,2005,Kidnap - For Revenge,08. For Revenge,3,0,0,0,0,0,0,9,0,2,7,0,9,0
Odisha,2005,Kidnap - For Revenge,08. For Revenge,32,0,20,0,0,20,0,32,2,9,1,0,12,0
Puducherry,2005,Kidnap - For Revenge,08. For Revenge,3,0,0,0,0,0,0,3,1,0,2,0,3,0
Punjab,2005,Kidnap - For Revenge,08. For Revenge,4,0,1,0,0,2,1,5,0,1,1,0,3,1
Rajasthan,2005,Kidnap - For Revenge,08. For Revenge,6,0,0,0,0,0,0,6,0,1,5,0,6,0
Tamil Nadu,2005,Kidnap - For Revenge,08. For Revenge,6,1,3,2,0,6,0,6,0,0,0,0,0,0
Tripura,2005,Kidnap - For Revenge,08. For Revenge,0,0,0,0,0,0,0,0,0,0,0,0,0,0
Uttar Pradesh,2005,Kidnap - For Revenge,08. For Revenge,147,5,6,3,0,14,0,147,21,71,37,3,133,1
West Bengal,2005,Kidnap - For Revenge,08. For Revenge,0,0,0,0,0,0,0,0,0,0,0,0,0,0
Andhra Pradesh,2006,Kidnap - For Revenge,08. For Revenge,37,0,8,0,0,13,5,43,0,15,12,2,30,1
Arunachal Pradesh,2006,Kidnap - For Revenge,08. For Revenge,0,0,0,0,0,0,0,0,0,0,0,0,0,0
Assam,2006,Kidnap - For Revenge,08. For Revenge,25,0,20,5,0,25,0,25,0,0,0,0,0,0
Bihar,2006,Kidnap - For Revenge,08. For Revenge,75,0,0,0,0,0,0,75,2,61,12,0,75,0
Chandigarh,2006,Kidnap - For Revenge,08. For Revenge,7,0,0,0,0,0,0,7,1,3,2,0,7,1
Chhattisgarh,2006,Kidnap - For Revenge,08. For Revenge,1,0,0,0,0,0,0,1,0,1,0,0,1,0
Delhi,2006,Kidnap - For Revenge,08. For Revenge,4,0,1,0,0,1,0,4,0,3,0,0,3,0
Gujarat,2006,Kidnap - For Revenge,08. For Revenge,14,0,0,0,0,0,0,14,1,5,8,0,14,0
Haryana,2006,Kidnap - For Revenge,08. For Revenge,31,3,0,0,0,4,1,32,5,18,5,0,28,0
Himachal Pradesh,2006,Kidnap - For Revenge,08. For Revenge,0,0,0,0,0,0,0,0,0,0,0,0,0,0
Jammu & Kashmir,2006,Kidnap - For Revenge,08. For Revenge,5,0,2,2,0,4,0,5,0,0,1,0,1,0
Jharkhand,2006,Kidnap - For Revenge,08. For Revenge,19,3,0,0,0,3,0,20,1,6,10,0,17,0
Karnataka,2006,Kidnap - For Revenge,08. For Revenge,11,0,2,0,0,2,0,21,0,17,2,0,19,0
Madhya Pradesh,2006,Kidnap - For Revenge,08. For Revenge,6,0,0,0,0,0,0,6,1,1,3,1,6,0
Maharashtra,2006,Kidnap - For Revenge,08. For Revenge,24,0,3,1,0,5,1,24,6,7,4,2,19,0
Manipur,2006,Kidnap - For Revenge,08. For Revenge,0,0,0,0,0,0,0,0,0,0,0,0,0,0
Meghalaya,2006,Kidnap - For Revenge,08. For Revenge,0,0,0,0,0,0,0,0,0,0,0,0,0,0
Mizoram,2006,Kidnap - For Revenge,08. For Revenge,0,0,0,0,0,0,0,0,0,0,0,0,0,0
Nagaland,2006,Kidnap - For Revenge,08. For Revenge,0,0,0,0,0,0,0,0,0,0,0,0,0,0
Odisha,2006,Kidnap - For Revenge,08. For Revenge,7,0,0,0,0,0,0,7,1,6,0,0,7,0
Punjab,2006,Kidnap - For Revenge,08. For Revenge,2,0,0,1,0,1,0,2,0,0,1,0,1,0
Rajasthan,2006,Kidnap - For Revenge,08. For Revenge,6,0,0,0,0,0,0,6,0,4,0,2,6,0
Tamil Nadu,2006,Kidnap - For Revenge,08. For Revenge,3,0,2,0,0,2,0,3,0,1,0,0,1,0
Uttar Pradesh,2006,Kidnap - For Revenge,08. For Revenge,193,3,2,0,0,5,0,193,25,99,61,1,188,2
West Bengal,2006,Kidnap - For Revenge,08. For Revenge,1,0,0,0,0,0,0,1,0,1,0,0,1,0
Andhra Pradesh,2007,Kidnap - For Revenge,08. For Revenge,32,1,5,0,1,11,4,43,1,18,3,7,32,3
Arunachal Pradesh,2007,Kidnap - For Revenge,08. For Revenge,6,1,0,0,0,1,0,6,0,5,0,0,5,0
Assam,2007,Kidnap - For Revenge,08. For Revenge,15,0,4,6,0,10,0,15,0,5,0,0,5,0
Bihar,2007,Kidnap - For Revenge,08. For Revenge,48,0,0,0,0,0,0,48,0,41,4,2,48,1
Chhattisgarh,2007,Kidnap - For Revenge,08. For Revenge,1,0,0,0,0,0,0,1,0,1,0,0,1,0
Gujarat,2007,Kidnap - For Revenge,08. For Revenge,17,0,1,1,0,2,0,17,0,9,5,0,15,1
Haryana,2007,Kidnap - For Revenge,08. For Revenge,39,10,0,0,0,12,2,39,7,4,10,0,27,6
Himachal Pradesh,2007,Kidnap - For Revenge,08. For Revenge,0,0,0,0,0,0,0,0,0,0,0,0,0,0
Jammu & Kashmir,2007,Kidnap - For Revenge,08. For Revenge,1,0,0,1,0,1,0,1,0,0,0,0,0,0
Jharkhand,2007,Kidnap - For Revenge,08. For Revenge,12,0,1,0,0,1,0,12,0,11,0,0,11,0
Karnataka,2007,Kidnap - For Revenge,08. For Revenge,6,0,0,0,0,0,0,6,0,5,1,0,6,0
Kerala,2007,Kidnap - For Revenge,08. For Revenge,3,0,1,0,0,1,0,3,0,0,0,2,2,0
Madhya Pradesh,2007,Kidnap - For Revenge,08. For Revenge,1,0,0,0,0,0,0,1,1,0,0,0,1,0
Maharashtra,2007,Kidnap - For Revenge,08. For Revenge,9,1,0,0,0,1,0,9,1,2,2,0,8,3
Manipur,2007,Kidnap - For Revenge,08. For Revenge,0,0,0,0,0,0,0,0,0,0,0,0,0,0
Meghalaya,2007,Kidnap - For Revenge,08. For Revenge,1,0,0,0,0,0,0,1,0,1,0,0,1,0
Mizoram,2007,Kidnap - For Revenge,08. For Revenge,0,0,0,0,0,0,0,0,0,0,0,0,0,0
Nagaland,2007,Kidnap - For Revenge,08. For Revenge,0,0,0,0,0,0,0,0,0,0,0,0,0,0
Odisha,2007,Kidnap - For Revenge,08. For Revenge,9,0,4,1,0,5,0,9,0,3,1,0,4,0
Punjab,2007,Kidnap - For Revenge,08. For Revenge,8,0,0,0,0,0,0,10,2,3,4,1,10,0
Rajasthan,2007,Kidnap - For Revenge,08. For Revenge,4,0,0,0,0,0,0,4,0,3,0,1,4,0
Tamil Nadu,2007,Kidnap - For Revenge,08. For Revenge,3,0,0,1,0,1,0,3,0,1,0,0,2,1
Uttar Pradesh,2007,Kidnap - For Revenge,08. For Revenge,186,0,0,0,0,0,0,186,15,105,65,1,186,0
West Bengal,2007,Kidnap - For Revenge,08. For Revenge,10,0,0,0,0,0,0,10,1,8,1,0,10,0
Andhra Pradesh,2008,Kidnap - For Revenge,08. For Revenge,61,4,3,0,1,13,5,61,2,32,5,4,48,5
Arunachal Pradesh,2008,Kidnap - For Revenge,08. For Revenge,2,2,0,0,0,2,0,2,0,0,0,0,0,0
Assam,2008,Kidnap - For Revenge,08. For Revenge,16,0,7,6,0,13,0,16,0,0,0,3,3,0
Bihar,2008,Kidnap - For Revenge,08. For Revenge,29,0,0,0,0,1,1,29,1,20,7,0,28,0
Chhattisgarh,2008,Kidnap - For Revenge,08. For Revenge,0,0,0,0,0,0,0,0,0,0,0,0,0,0
Delhi,2008,Kidnap - For Revenge,08. For Revenge,3,1,0,0,0,1,0,3,1,0,0,0,2,1
Goa,2008,Kidnap - For Revenge,08. For Revenge,1,0,0,0,0,1,1,1,0,0,0,0,0,0
Gujarat,2008,Kidnap - For Revenge,08. For Revenge,46,1,0,1,0,3,1,46,0,28,14,0,43,1
Haryana,2008,Kidnap - For Revenge,08. For Revenge,19,3,2,1,0,6,0,21,0,5,8,0,15,2
Himachal Pradesh,2008,Kidnap - For Revenge,08. For Revenge,0,0,0,0,0,0,0,0,0,0,0,0,0,0
Jammu & Kashmir,2008,Kidnap - For Revenge,08. For Revenge,7,0,5,1,0,6,0,7,0,1,0,0,1,0
Jharkhand,2008,Kidnap - For Revenge,08. For Revenge,9,0,0,0,0,0,0,9,0,2,7,0,9,0
Karnataka,2008,Kidnap - For Revenge,08. For Revenge,0,0,0,0,0,0,0,0,0,0,0,0,0,0
Kerala,2008,Kidnap - For Revenge,08. For Revenge,14,0,0,0,0,1,1,14,1,6,6,0,13,0
Madhya Pradesh,2008,Kidnap - For Revenge,08. For Revenge,2,0,0,0,0,0,0,2,0,0,1,0,2,1
Maharashtra,2008,Kidnap - For Revenge,08. For Revenge,15,1,0,0,1,2,0,15,0,4,8,0,13,1
Manipur,2008,Kidnap - For Revenge,08. For Revenge,0,0,0,0,0,0,0,0,0,0,0,0,0,0
Meghalaya,2008,Kidnap - For Revenge,08. For Revenge,2,0,0,0,0,0,0,2,0,1,1,0,2,0
Mizoram,2008,Kidnap - For Revenge,08. For Revenge,0,0,0,0,0,0,0,0,0,0,0,0,0,0
Nagaland,2008,Kidnap - For Revenge,08. For Revenge,0,0,0,0,0,0,0,0,0,0,0,0,0,0
Odisha,2008,Kidnap - For Revenge,08. For Revenge,22,0,4,3,0,7,0,22,1,7,7,0,15,0
Puducherry,2008,Kidnap - For Revenge,08. For Revenge,0,0,0,0,0,0,0,0,0,0,0,0,0,0
Punjab,2008,Kidnap - For Revenge,08. For Revenge,6,0,2,0,0,2,0,7,0,4,0,0,5,1
Rajasthan,2008,Kidnap - For Revenge,08. For Revenge,11,0,3,0,0,4,1,11,0,5,2,0,7,0
Tamil Nadu,2008,Kidnap - For Revenge,08. For Revenge,4,0,0,0,0,0,0,4,0,4,0,0,4,0
Uttar Pradesh,2008,Kidnap - For Revenge,08. For Revenge,139,0,0,0,0,0,0,139,17,84,37,1,139,0
West Bengal,2008,Kidnap - For Revenge,08. For Revenge,36,10,0,0,0,10,0,36,20,5,1,0,26,0
Andhra Pradesh,2009,Kidnap - For Revenge,08. For Revenge,45,6,4,0,0,15,5,45,4,8,12,0,30,6
Arunachal Pradesh,2009,Kidnap - For Revenge,08. For Revenge,0,0,0,0,0,0,0,0,0,0,0,0,0,0
Assam,2009,Kidnap - For Revenge,08. For Revenge,15,0,8,5,0,13,0,15,0,0,0,2,2,0
Bihar,2009,Kidnap - For Revenge,08. For Revenge,8,0,0,0,0,0,0,8,0,7,1,0,8,0
Chandigarh,2009,Kidnap - For Revenge,08. For Revenge,3,2,1,0,0,3,0,3,0,0,0,0,0,0
Chhattisgarh,2009,Kidnap - For Revenge,08. For Revenge,0,0,0,0,0,0,0,0,0,0,0,0,0,0
Goa,2009,Kidnap - For Revenge,08. For Revenge,1,0,0,0,0,0,0,1,0,0,0,0,1,1
Gujarat,2009,Kidnap - For Revenge,08. For Revenge,11,2,2,0,0,5,1,12,1,2,3,1,7,0
Haryana,2009,Kidnap - For Revenge,08. For Revenge,27,2,3,0,1,6,0,27,0,9,11,1,21,0
Himachal Pradesh,2009,Kidnap - For Revenge,08. For Revenge,0,0,0,0,0,0,0,0,0,0,0,0,0,0
Jammu & Kashmir,2009,Kidnap - For Revenge,08. For Revenge,4,0,1,1,0,2,0,7,0,1,4,0,5,0
Jharkhand,2009,Kidnap - For Revenge,08. For Revenge,12,0,3,0,0,3,0,12,0,7,2,0,9,0
Karnataka,2009,Kidnap - For Revenge,08. For Revenge,1,0,0,0,0,0,0,1,0,0,0,0,1,1
Kerala,2009,Kidnap - For Revenge,08. For Revenge,8,0,0,0,0,0,0,8,0,4,2,2,8,0
Madhya Pradesh,2009,Kidnap - For Revenge,08. For Revenge,1,1,0,0,0,1,0,1,0,0,0,0,0,0
Maharashtra,2009,Kidnap - For Revenge,08. For Revenge,16,1,3,1,0,8,3,18,1,6,2,0,10,1
Manipur,2009,Kidnap - For Revenge,08. For Revenge,0,0,0,0,0,0,0,0,0,0,0,0,0,0
Meghalaya,2009,Kidnap - For Revenge,08. For Revenge,1,0,0,0,0,0,0,1,0,0,1,0,1,0
Nagaland,2009,Kidnap - For Revenge,08. For Revenge,0,0,0,0,0,0,0,0,0,0,0,0,0,0
Odisha,2009,Kidnap - For Revenge,08. For Revenge,13,0,6,0,0,6,0,13,0,7,0,0,7,0
Punjab,2009,Kidnap - For Revenge,08. For Revenge,7,0,0,1,0,1,0,7,0,1,2,1,6,2
Rajasthan,2009,Kidnap - For Revenge,08. For Revenge,7,0,4,0,0,4,0,7,0,0,3,0,3,0
Tamil Nadu,2009,Kidnap - For Revenge,08. For Revenge,5,0,1,0,0,1,0,5,0,3,1,0,4,0
Uttar Pradesh,2009,Kidnap - For Revenge,08. For Revenge,117,0,8,0,0,8,0,117,1,70,36,2,109,0
West Bengal,2009,Kidnap - For Revenge,08. For Revenge,40,3,6,0,0,9,0,40,4,14,11,2,31,0
Andhra Pradesh,2010,Kidnap - For Revenge,08. For Revenge,32,0,11,0,0,12,1,32,1,7,10,0,20,2
Arunachal Pradesh,2010,Kidnap - For Revenge,08. For Revenge,0,0,0,0,0,0,0,0,0,0,0,0,0,0
Assam,2010,Kidnap - For Revenge,08. For Revenge,26,0,14,5,0,19,0,26,0,0,7,0,7,0
Bihar,2010,Kidnap - For Revenge,08. For Revenge,9,0,1,0,0,1,0,9,4,4,0,0,8,0
Chandigarh,2010,Kidnap - For Revenge,08. For Revenge,1,0,0,0,0,0,0,1,0,0,0,0,1,1
Chhattisgarh,2010,Kidnap - For Revenge,08. For Revenge,0,0,0,0,0,0,0,0,0,0,0,0,0,0
Gujarat,2010,Kidnap - For Revenge,08. For Revenge,7,0,2,0,0,2,0,7,0,4,1,0,5,0
Haryana,2010,Kidnap - For Revenge,08. For Revenge,23,4,1,1,0,7,1,23,1,10,4,1,16,0
Himachal Pradesh,2010,Kidnap - For Revenge,08. For Revenge,2,0,0,0,0,0,0,2,2,0,0,0,2,0
Jammu & Kashmir,2010,Kidnap - For Revenge,08. For Revenge,7,0,4,2,0,6,0,7,0,0,1,0,1,0
Jharkhand,2010,Kidnap - For Revenge,08. For Revenge,10,0,0,0,0,0,0,10,0,9,1,0,10,0
Karnataka,2010,Kidnap - For Revenge,08. For Revenge,15,0,3,1,0,4,0,15,0,11,0,0,11,0
Kerala,2010,Kidnap - For Revenge,08. For Revenge,6,0,1,0,0,1,0,6,0,2,3,0,5,0
Madhya Pradesh,2010,Kidnap - For Revenge,08. For Revenge,5,0,0,0,0,0,0,5,2,0,3,0,5,0
Maharashtra,2010,Kidnap - For Revenge,08. For Revenge,22,1,0,0,0,1,0,23,3,11,5,0,22,3
Manipur,2010,Kidnap - For Revenge,08. For Revenge,0,0,0,0,0,0,0,0,0,0,0,0,0,0
Meghalaya,2010,Kidnap - For Revenge,08. For Revenge,1,0,0,0,0,0,0,1,0,0,1,0,1,0
Mizoram,2010,Kidnap - For Revenge,08. For Revenge,0,0,0,0,0,0,0,0,0,0,0,0,0,0
Nagaland,2010,Kidnap - For Revenge,08. For Revenge,0,0,0,0,0,0,0,0,0,0,0,0,0,0
Odisha,2010,Kidnap - For Revenge,08. For Revenge,3,0,1,0,0,1,0,3,0,0,2,0,2,0
Punjab,2010,Kidnap - For Revenge,08. For Revenge,1,0,0,0,0,0,0,1,0,0,0,0,1,1
Rajasthan,2010,Kidnap - For Revenge,08. For Revenge,13,2,0,0,0,3,1,13,0,3,5,2,10,0
Tamil Nadu,2010,Kidnap - For Revenge,08. For Revenge,12,2,2,0,0,4,0,12,0,1,7,0,8,0
Uttar Pradesh,2010,Kidnap - For Revenge,08. For Revenge,61,2,4,1,0,9,2,61,7,27,13,1,52,4
West Bengal,2010,Kidnap - For Revenge,08. For Revenge,12,0,3,0,0,3,0,12,0,4,3,2,9,0
Andhra Pradesh,2001,Kidnap - For Sale,09. For Sale,0,0,0,0,0,0,0,0,0,0,0,0,0,0
Arunachal Pradesh,2001,Kidnap - For Sale,09. For Sale,0,0,0,0,0,0,0,0,0,0,0,0,0,0
Assam,2001,Kidnap - For Sale,09. For Sale,1,1,0,0,0,1,0,1,0,0,0,0,0,0
Bihar,2001,Kidnap - For Sale,09. For Sale,0,0,0,0,0,0,0,0,0,0,0,0,0,0
Chandigarh,2001,Kidnap - For Sale,09. For Sale,0,0,0,0,0,0,0,0,0,0,0,0,0,0
Chhattisgarh,2001,Kidnap - For Sale,09. For Sale,1,0,1,0,0,1,0,1,0,0,0,0,0,0
Delhi,2001,Kidnap - For Sale,09. For Sale,1,0,0,0,0,1,1,1,0,0,0,0,0,0
Gujarat,2001,Kidnap - For Sale,09. For Sale,1,0,0,1,0,1,0,1,0,0,0,0,0,0
Haryana,2001,Kidnap - For Sale,09. For Sale,0,0,0,0,0,0,0,0,0,0,0,0,0,0
Himachal Pradesh,2001,Kidnap - For Sale,09. For Sale,0,0,0,0,0,0,0,0,0,0,0,0,0,0
Jharkhand,2001,Kidnap - For Sale,09. For Sale,1,1,0,0,0,1,0,1,0,0,0,0,0,0
Karnataka,2001,Kidnap - For Sale,09. For Sale,0,0,0,0,0,0,0,0,0,0,0,0,0,0
Kerala,2001,Kidnap - For Sale,09. For Sale,0,0,0,0,0,0,0,0,0,0,0,0,0,0
Madhya Pradesh,2001,Kidnap - For Sale,09. For Sale,1,1,0,0,0,1,0,1,0,0,0,0,0,0
Maharashtra,2001,Kidnap - For Sale,09. For Sale,1,0,1,0,0,1,0,1,0,0,0,0,0,0
Meghalaya,2001,Kidnap - For Sale,09. For Sale,0,0,0,0,0,0,0,0,0,0,0,0,0,0
Mizoram,2001,Kidnap - For Sale,09. For Sale,0,0,0,0,0,0,0,0,0,0,0,0,0,0
Nagaland,2001,Kidnap - For Sale,09. For Sale,0,0,0,0,0,0,0,0,0,0,0,0,0,0
Odisha,2001,Kidnap - For Sale,09. For Sale,7,0,0,0,0,0,0,7,2,5,0,0,7,0
Tamil Nadu,2001,Kidnap - For Sale,09. For Sale,0,0,0,0,0,0,0,0,0,0,0,0,0,0
Uttar Pradesh,2001,Kidnap - For Sale,09. For Sale,20,14,1,0,0,15,0,20,0,2,2,0,5,1
West Bengal,2001,Kidnap - For Sale,09. For Sale,0,0,0,0,0,0,0,0,0,0,0,0,0,0
Andhra Pradesh,2002,Kidnap - For Sale,09. For Sale,3,1,1,0,0,2,0,3,1,0,0,0,1,0
Assam,2002,Kidnap - For Sale,09. For Sale,0,0,0,0,0,0,0,0,0,0,0,0,0,0
Bihar,2002,Kidnap - For Sale,09. For Sale,0,0,0,0,0,0,0,0,0,0,0,0,0,0
Chhattisgarh,2002,Kidnap - For Sale,09. For Sale,2,0,0,0,0,2,2,2,0,0,0,0,0,0
Daman & Diu,2002,Kidnap - For Sale,09. For Sale,0,0,0,0,0,0,0,0,0,0,0,0,0,0
Gujarat,2002,Kidnap - For Sale,09. For Sale,0,0,0,0,0,0,0,0,0,0,0,0,0,0
Haryana,2002,Kidnap - For Sale,09. For Sale,0,0,0,0,0,0,0,0,0,0,0,0,0,0
Himachal Pradesh,2002,Kidnap - For Sale,09. For Sale,0,0,0,0,0,0,0,0,0,0,0,0,0,0
Jammu & Kashmir,2002,Kidnap - For Sale,09. For Sale,0,0,0,0,0,0,0,0,0,0,0,0,0,0
Jharkhand,2002,Kidnap - For Sale,09. For Sale,3,1,2,0,0,3,0,3,0,0,0,0,0,0
Karnataka,2002,Kidnap - For Sale,09. For Sale,0,0,0,0,0,0,0,0,0,0,0,0,0,0
Madhya Pradesh,2002,Kidnap - For Sale,09. For Sale,0,0,0,0,0,0,0,0,0,0,0,0,0,0
Maharashtra,2002,Kidnap - For Sale,09. For Sale,1,1,0,0,0,1,0,1,0,0,0,0,0,0
Meghalaya,2002,Kidnap - For Sale,09. For Sale,0,0,0,0,0,0,0,0,0,0,0,0,0,0
Nagaland,2002,Kidnap - For Sale,09. For Sale,0,0,0,0,0,0,0,0,0,0,0,0,0,0
Odisha,2002,Kidnap - For Sale,09. For Sale,0,0,0,0,0,0,0,0,0,0,0,0,0,0
Punjab,2002,Kidnap - For Sale,09. For Sale,1,0,0,0,0,1,1,1,0,0,0,0,0,0
Tamil Nadu,2002,Kidnap - For Sale,09. For Sale,0,0,0,0,0,0,0,0,0,0,0,0,0,0
Tripura,2002,Kidnap - For Sale,09. For Sale,0,0,0,0,0,0,0,0,0,0,0,0,0,0
Uttar Pradesh,2002,Kidnap - For Sale,09. For Sale,0,0,0,0,0,0,0,0,0,0,0,0,0,0
West Bengal,2002,Kidnap - For Sale,09. For Sale,0,0,0,0,0,0,0,0,0,0,0,0,0,0
Andhra Pradesh,2003,Kidnap - For Sale,09. For Sale,2,0,0,0,0,4,4,5,0,0,0,0,1,1
Arunachal Pradesh,2003,Kidnap - For Sale,09. For Sale,0,0,0,0,0,0,0,0,0,0,0,0,0,0
Assam,2003,Kidnap - For Sale,09. For Sale,6,0,6,0,0,6,0,6,0,0,0,0,0,0
Bihar,2003,Kidnap - For Sale,09. For Sale,0,0,0,0,0,0,0,0,0,0,0,0,0,0
Chandigarh,2003,Kidnap - For Sale,09. For Sale,0,0,0,0,0,0,0,0,0,0,0,0,0,0
Chhattisgarh,2003,Kidnap - For Sale,09. For Sale,0,0,0,0,0,0,0,0,0,0,0,0,0,0
Daman & Diu,2003,Kidnap - For Sale,09. For Sale,0,0,0,0,0,0,0,0,0,0,0,0,0,0
Gujarat,2003,Kidnap - For Sale,09. For Sale,1,0,0,0,0,0,0,1,0,0,0,0,1,1
Haryana,2003,Kidnap - For Sale,09. For Sale,1,0,1,0,0,1,0,1,0,0,0,0,0,0
Himachal Pradesh,2003,Kidnap - For Sale,09. For Sale,0,0,0,0,0,0,0,0,0,0,0,0,0,0
Jammu & Kashmir,2003,Kidnap - For Sale,09. For Sale,0,0,0,0,0,0,0,0,0,0,0,0,0,0
Jharkhand,2003,Kidnap - For Sale,09. For Sale,0,0,0,0,0,0,0,0,0,0,0,0,0,0
Karnataka,2003,Kidnap - For Sale,09. For Sale,0,0,0,0,0,0,0,0,0,0,0,0,0,0
Madhya Pradesh,2003,Kidnap - For Sale,09. For Sale,2,1,0,0,0,2,1,2,0,0,0,0,0,0
Maharashtra,2003,Kidnap - For Sale,09. For Sale,3,1,1,0,0,4,2,4,0,0,0,0,0,0
Meghalaya,2003,Kidnap - For Sale,09. For Sale,1,1,0,0,0,1,0,1,0,0,0,0,0,0
Nagaland,2003,Kidnap - For Sale,09. For Sale,0,0,0,0,0,0,0,0,0,0,0,0,0,0
Odisha,2003,Kidnap - For Sale,09. For Sale,0,0,0,0,0,0,0,0,0,0,0,0,0,0
Punjab,2003,Kidnap - For Sale,09. For Sale,0,0,0,0,0,0,0,0,0,0,0,0,0,0
Tamil Nadu,2003,Kidnap - For Sale,09. For Sale,0,0,0,0,0,0,0,0,0,0,0,0,0,0
West Bengal,2003,Kidnap - For Sale,09. For Sale,2,1,1,0,0,2,0,2,0,0,0,0,0,0
Andhra Pradesh,2004,Kidnap - For Sale,09. For Sale,5,2,1,0,0,3,0,5,0,0,0,0,2,2
Arunachal Pradesh,2004,Kidnap - For Sale,09. For Sale,0,0,0,0,0,0,0,0,0,0,0,0,0,0
Assam,2004,Kidnap - For Sale,09. For Sale,0,0,0,0,0,0,0,0,0,0,0,0,0,0
Bihar,2004,Kidnap - For Sale,09. For Sale,3,1,2,0,0,3,0,3,0,0,0,0,0,0
Chhattisgarh,2004,Kidnap - For Sale,09. For Sale,0,0,0,0,0,0,0,0,0,0,0,0,0,0
Goa,2004,Kidnap - For Sale,09. For Sale,1,0,0,0,0,1,1,1,0,0,0,0,0,0
Gujarat,2004,Kidnap - For Sale,09. For Sale,0,0,0,0,0,0,0,0,0,0,0,0,0,0
Himachal Pradesh,2004,Kidnap - For Sale,09. For Sale,0,0,0,0,0,0,0,0,0,0,0,0,0,0
Karnataka,2004,Kidnap - For Sale,09. For Sale,1,0,0,0,0,0,0,1,0,0,0,0,1,1
Madhya Pradesh,2004,Kidnap - For Sale,09. For Sale,1,0,0,0,0,0,0,1,0,0,0,0,1,1
Maharashtra,2004,Kidnap - For Sale,09. For Sale,1,1,0,0,0,1,0,1,0,0,0,0,0,0
Manipur,2004,Kidnap - For Sale,09. For Sale,0,0,0,0,0,0,0,0,0,0,0,0,0,0
Meghalaya,2004,Kidnap - For Sale,09. For Sale,0,0,0,0,0,0,0,0,0,0,0,0,0,0
Mizoram,2004,Kidnap - For Sale,09. For Sale,0,0,0,0,0,0,0,0,0,0,0,0,0,0
Nagaland,2004,Kidnap - For Sale,09. For Sale,0,0,0,0,0,0,0,0,0,0,0,0,0,0
Odisha,2004,Kidnap - For Sale,09. For Sale,2,0,2,0,0,2,0,2,0,0,0,0,0,0
Punjab,2004,Kidnap - For Sale,09. For Sale,1,0,0,0,0,1,1,1,0,0,0,0,0,0
Rajasthan,2004,Kidnap - For Sale,09. For Sale,0,0,0,0,0,0,0,0,0,0,0,0,0,0
Tamil Nadu,2004,Kidnap - For Sale,09. For Sale,0,0,0,0,0,0,0,0,0,0,0,0,0,0
Tripura,2004,Kidnap - For Sale,09. For Sale,0,0,0,0,0,0,0,0,0,0,0,0,0,0
Uttar Pradesh,2004,Kidnap - For Sale,09. For Sale,0,0,0,0,0,0,0,0,0,0,0,0,0,0
West Bengal,2004,Kidnap - For Sale,09. For Sale,5,3,2,0,0,5,0,5,0,0,0,0,0,0
Andhra Pradesh,2005,Kidnap - For Sale,09. For Sale,1,0,0,0,0,0,0,1,0,0,0,0,1,1
Arunachal Pradesh,2005,Kidnap - For Sale,09. For Sale,0,0,0,0,0,0,0,0,0,0,0,0,0,0
Assam,2005,Kidnap - For Sale,09. For Sale,37,2,30,5,0,37,0,37,0,0,0,0,0,0
Bihar,2005,Kidnap - For Sale,09. For Sale,0,0,0,0,0,0,0,0,0,0,0,0,0,0
Chandigarh,2005,Kidnap - For Sale,09. For Sale,0,0,0,0,0,0,0,0,0,0,0,0,0,0
Chhattisgarh,2005,Kidnap - For Sale,09. For Sale,0,0,0,0,0,0,0,0,0,0,0,0,0,0
Delhi,2005,Kidnap - For Sale,09. For Sale,2,0,0,0,0,0,0,2,0,0,0,0,2,2
Gujarat,2005,Kidnap - For Sale,09. For Sale,0,0,0,0,0,0,0,0,0,0,0,0,0,0
Haryana,2005,Kidnap - For Sale,09. For Sale,0,0,0,0,0,0,0,0,0,0,0,0,0,0
Himachal Pradesh,2005,Kidnap - For Sale,09. For Sale,0,0,0,0,0,0,0,0,0,0,0,0,0,0
Jammu & Kashmir,2005,Kidnap - For Sale,09. For Sale,0,0,0,0,0,0,0,0,0,0,0,0,0,0
Jharkhand,2005,Kidnap - For Sale,09. For Sale,0,0,0,0,0,0,0,0,0,0,0,0,0,0
Karnataka,2005,Kidnap - For Sale,09. For Sale,0,0,0,0,0,0,0,0,0,0,0,0,0,0
Madhya Pradesh,2005,Kidnap - For Sale,09. For Sale,0,0,0,0,0,0,0,0,0,0,0,0,0,0
Maharashtra,2005,Kidnap - For Sale,09. For Sale,4,1,0,0,0,2,1,4,0,0,0,0,2,2
Manipur,2005,Kidnap - For Sale,09. For Sale,0,0,0,0,0,0,0,0,0,0,0,0,0,0
Meghalaya,2005,Kidnap - For Sale,09. For Sale,0,0,0,0,0,0,0,0,0,0,0,0,0,0
Mizoram,2005,Kidnap - For Sale,09. For Sale,0,0,0,0,0,0,0,0,0,0,0,0,0,0
Nagaland,2005,Kidnap - For Sale,09. For Sale,0,0,0,0,0,0,0,0,0,0,0,0,0,0
Odisha,2005,Kidnap - For Sale,09. For Sale,10,0,10,0,0,10,0,10,0,0,0,0,0,0
Punjab,2005,Kidnap - For Sale,09. For Sale,1,0,0,1,0,1,0,1,0,0,0,0,0,0
Tripura,2005,Kidnap - For Sale,09. For Sale,0,0,0,0,0,0,0,0,0,0,0,0,0,0
Uttar Pradesh,2005,Kidnap - For Sale,09. For Sale,0,0,0,0,0,0,0,0,0,0,0,0,0,0
West Bengal,2005,Kidnap - For Sale,09. For Sale,0,0,0,0,0,0,0,0,0,0,0,0,0,0
Andhra Pradesh,2006,Kidnap - For Sale,09. For Sale,0,0,0,0,0,0,0,0,0,0,0,0,0,0
Arunachal Pradesh,2006,Kidnap - For Sale,09. For Sale,0,0,0,0,0,0,0,0,0,0,0,0,0,0
Assam,2006,Kidnap - For Sale,09. For Sale,0,0,0,0,0,0,0,0,0,0,0,0,0,0
Chhattisgarh,2006,Kidnap - For Sale,09. For Sale,0,0,0,0,0,0,0,0,0,0,0,0,0,0
Gujarat,2006,Kidnap - For Sale,09. For Sale,1,0,1,0,0,1,0,1,0,0,0,0,0,0
Haryana,2006,Kidnap - For Sale,09. For Sale,1,1,0,0,0,1,0,1,0,0,0,0,0,0
Himachal Pradesh,2006,Kidnap - For Sale,09. For Sale,0,0,0,0,0,0,0,0,0,0,0,0,0,0
Jammu & Kashmir,2006,Kidnap - For Sale,09. For Sale,0,0,0,0,0,0,0,0,0,0,0,0,0,0
Jharkhand,2006,Kidnap - For Sale,09. For Sale,4,4,0,0,0,4,0,4,0,0,0,0,0,0
Karnataka,2006,Kidnap - For Sale,09. For Sale,0,0,0,0,0,0,0,0,0,0,0,0,0,0
Madhya Pradesh,2006,Kidnap - For Sale,09. For Sale,2,1,0,0,0,2,1,2,0,0,0,0,0,0
Maharashtra,2006,Kidnap - For Sale,09. For Sale,0,0,0,0,0,0,0,0,0,0,0,0,0,0
Manipur,2006,Kidnap - For Sale,09. For Sale,0,0,0,0,0,0,0,0,0,0,0,0,0,0
Meghalaya,2006,Kidnap - For Sale,09. For Sale,1,1,0,0,0,1,0,1,0,0,0,0,0,0
Mizoram,2006,Kidnap - For Sale,09. For Sale,0,0,0,0,0,0,0,0,0,0,0,0,0,0
Nagaland,2006,Kidnap - For Sale,09. For Sale,2,0,1,0,0,3,2,3,0,0,0,0,0,0
Odisha,2006,Kidnap - For Sale,09. For Sale,0,0,0,0,0,0,0,0,0,0,0,0,0,0
Punjab,2006,Kidnap - For Sale,09. For Sale,1,0,0,0,0,0,0,1,0,0,0,0,1,1
Tamil Nadu,2006,Kidnap - For Sale,09. For Sale,0,0,0,0,0,0,0,0,0,0,0,0,0,0
Uttar Pradesh,2006,Kidnap - For Sale,09. For Sale,0,0,0,0,0,0,0,0,0,0,0,0,0,0
West Bengal,2006,Kidnap - For Sale,09. For Sale,0,0,0,0,0,0,0,0,0,0,0,0,0,0
Andhra Pradesh,2007,Kidnap - For Sale,09. For Sale,4,0,0,0,0,2,2,5,1,0,0,0,3,2
Arunachal Pradesh,2007,Kidnap - For Sale,09. For Sale,0,0,0,0,0,0,0,0,0,0,0,0,0,0
Assam,2007,Kidnap - For Sale,09. For Sale,0,0,0,0,0,0,0,0,0,0,0,0,0,0
Bihar,2007,Kidnap - For Sale,09. For Sale,0,0,0,0,0,0,0,0,0,0,0,0,0,0
Chhattisgarh,2007,Kidnap - For Sale,09. For Sale,0,0,0,0,0,0,0,0,0,0,0,0,0,0
Gujarat,2007,Kidnap - For Sale,09. For Sale,0,0,0,0,0,0,0,0,0,0,0,0,0,0
Haryana,2007,Kidnap - For Sale,09. For Sale,0,0,0,0,0,0,0,0,0,0,0,0,0,0
Himachal Pradesh,2007,Kidnap - For Sale,09. For Sale,0,0,0,0,0,0,0,0,0,0,0,0,0,0
Jammu & Kashmir,2007,Kidnap - For Sale,09. For Sale,0,0,0,0,0,0,0,0,0,0,0,0,0,0
Jharkhand,2007,Kidnap - For Sale,09. For Sale,4,2,0,0,0,2,0,4,2,0,0,0,2,0
Karnataka,2007,Kidnap - For Sale,09. For Sale,0,0,0,0,0,0,0,0,0,0,0,0,0,0
Madhya Pradesh,2007,Kidnap - For Sale,09. For Sale,0,0,0,0,0,0,0,0,0,0,0,0,0,0
Maharashtra,2007,Kidnap - For Sale,09. For Sale,2,1,1,0,0,2,0,2,0,0,0,0,0,0
Manipur,2007,Kidnap - For Sale,09. For Sale,0,0,0,0,0,0,0,0,0,0,0,0,0,0
Meghalaya,2007,Kidnap - For Sale,09. For Sale,0,0,0,0,0,0,0,0,0,0,0,0,0,0
Mizoram,2007,Kidnap - For Sale,09. For Sale,0,0,0,0,0,0,0,0,0,0,0,0,0,0
Nagaland,2007,Kidnap - For Sale,09. For Sale,0,0,0,0,0,0,0,0,0,0,0,0,0,0
Odisha,2007,Kidnap - For Sale,09. For Sale,0,0,0,0,0,0,0,0,0,0,0,0,0,0
Tamil Nadu,2007,Kidnap - For Sale,09. For Sale,0,0,0,0,0,0,0,0,0,0,0,0,0,0
West Bengal,2007,Kidnap - For Sale,09. For Sale,20,2,17,1,0,20,0,20,0,0,0,0,0,0
Andhra Pradesh,2008,Kidnap - For Sale,09. For Sale,11,2,3,6,0,11,0,11,0,0,0,0,0,0
Arunachal Pradesh,2008,Kidnap - For Sale,09. For Sale,0,0,0,0,0,0,0,0,0,0,0,0,0,0
Assam,2008,Kidnap - For Sale,09. For Sale,8,6,1,0,0,8,1,8,0,0,0,0,0,0
Bihar,2008,Kidnap - For Sale,09. For Sale,0,0,0,0,0,0,0,0,0,0,0,0,0,0
Chhattisgarh,2008,Kidnap - For Sale,09. For Sale,0,0,0,0,0,0,0,0,0,0,0,0,0,0
Gujarat,2008,Kidnap - For Sale,09. For Sale,0,0,0,0,0,0,0,0,0,0,0,0,0,0
Haryana,2008,Kidnap - For Sale,09. For Sale,0,0,0,0,0,0,0,3,0,1,2,0,3,0
Himachal Pradesh,2008,Kidnap - For Sale,09. For Sale,0,0,0,0,0,0,0,0,0,0,0,0,0,0
Jammu & Kashmir,2008,Kidnap - For Sale,09. For Sale,0,0,0,0,0,0,0,0,0,0,0,0,0,0
Jharkhand,2008,Kidnap - For Sale,09. For Sale,1,0,1,0,0,1,0,1,0,0,0,0,0,0
Karnataka,2008,Kidnap - For Sale,09. For Sale,0,0,0,0,0,0,0,0,0,0,0,0,0,0
Madhya Pradesh,2008,Kidnap - For Sale,09. For Sale,1,1,0,0,0,1,0,1,0,0,0,0,0,0
Maharashtra,2008,Kidnap - For Sale,09. For Sale,1,1,0,0,0,1,0,1,0,0,0,0,0,0
Manipur,2008,Kidnap - For Sale,09. For Sale,0,0,0,0,0,0,0,0,0,0,0,0,0,0
Meghalaya,2008,Kidnap - For Sale,09. For Sale,0,0,0,0,0,0,0,0,0,0,0,0,0,0
Mizoram,2008,Kidnap - For Sale,09. For Sale,0,0,0,0,0,0,0,0,0,0,0,0,0,0
Nagaland,2008,Kidnap - For Sale,09. For Sale,1,0,1,0,0,1,0,1,0,0,0,0,0,0
Odisha,2008,Kidnap - For Sale,09. For Sale,0,0,0,0,0,0,0,0,0,0,0,0,0,0
Puducherry,2008,Kidnap - For Sale,09. For Sale,0,0,0,0,0,0,0,0,0,0,0,0,0,0
Punjab,2008,Kidnap - For Sale,09. For Sale,3,1,0,0,0,3,2,3,0,0,0,0,0,0
Tamil Nadu,2008,Kidnap - For Sale,09. For Sale,0,0,0,0,0,0,0,0,0,0,0,0,0,0
West Bengal,2008,Kidnap - For Sale,09. For Sale,0,0,0,0,0,0,0,0,0,0,0,0,0,0
Andhra Pradesh,2009,Kidnap - For Sale,09. For Sale,7,2,5,0,0,7,0,7,0,0,0,0,0,0
Arunachal Pradesh,2009,Kidnap - For Sale,09. For Sale,0,0,0,0,0,0,0,0,0,0,0,0,0,0
Assam,2009,Kidnap - For Sale,09. For Sale,11,5,6,0,0,11,0,11,0,0,0,0,0,0
Bihar,2009,Kidnap - For Sale,09. For Sale,8,4,0,0,0,4,0,8,3,1,0,0,4,0
Chandigarh,2009,Kidnap - For Sale,09. For Sale,0,0,0,0,0,0,0,0,0,0,0,0,0,0
Chhattisgarh,2009,Kidnap - For Sale,09. For Sale,0,0,0,0,0,0,0,0,0,0,0,0,0,0
Gujarat,2009,Kidnap - For Sale,09. For Sale,2,1,1,0,0,2,0,2,0,0,0,0,0,0
Haryana,2009,Kidnap - For Sale,09. For Sale,0,0,0,0,0,0,0,0,0,0,0,0,0,0
Himachal Pradesh,2009,Kidnap - For Sale,09. For Sale,0,0,0,0,0,0,0,0,0,0,0,0,0,0
Jammu & Kashmir,2009,Kidnap - For Sale,09. For Sale,0,0,0,0,0,0,0,0,0,0,0,0,0,0
Jharkhand,2009,Kidnap - For Sale,09. For Sale,28,0,20,0,0,20,0,28,0,8,0,0,8,0
Karnataka,2009,Kidnap - For Sale,09. For Sale,0,0,0,0,0,0,0,0,0,0,0,0,0,0
Madhya Pradesh,2009,Kidnap - For Sale,09. For Sale,0,0,0,0,0,0,0,0,0,0,0,0,0,0
Maharashtra,2009,Kidnap - For Sale,09. For Sale,2,0,1,0,0,2,1,2,0,0,0,0,0,0
Manipur,2009,Kidnap - For Sale,09. For Sale,0,0,0,0,0,0,0,0,0,0,0,0,0,0
Meghalaya,2009,Kidnap - For Sale,09. For Sale,0,0,0,0,0,0,0,0,0,0,0,0,0,0
Nagaland,2009,Kidnap - For Sale,09. For Sale,0,0,0,0,0,0,0,0,0,0,0,0,0,0
Odisha,2009,Kidnap - For Sale,09. For Sale,0,0,0,0,0,0,0,0,0,0,0,0,0,0
Rajasthan,2009,Kidnap - For Sale,09. For Sale,1,1,0,0,0,1,0,1,0,0,0,0,0,0
Tamil Nadu,2009,Kidnap - For Sale,09. For Sale,1,0,0,0,0,1,1,1,0,0,0,0,0,0
West Bengal,2009,Kidnap - For Sale,09. For Sale,163,20,135,22,0,177,0,183,1,4,1,0,6,0
Andhra Pradesh,2010,Kidnap - For Sale,09. For Sale,3,0,0,0,0,1,1,3,2,0,0,0,2,0
Arunachal Pradesh,2010,Kidnap - For Sale,09. For Sale,0,0,0,0,0,0,0,0,0,0,0,0,0,0
Assam,2010,Kidnap - For Sale,09. For Sale,3,0,3,0,0,3,0,3,0,0,0,0,0,0
Bihar,2010,Kidnap - For Sale,09. For Sale,3,0,0,0,0,0,0,3,0,2,1,0,3,0
Chhattisgarh,2010,Kidnap - For Sale,09. For Sale,0,0,0,0,0,0,0,0,0,0,0,0,0,0
Delhi,2010,Kidnap - For Sale,09. For Sale,6,4,0,0,0,4,0,7,0,0,0,0,3,3
Gujarat,2010,Kidnap - For Sale,09. For Sale,0,0,0,0,0,0,0,0,0,0,0,0,0,0
Himachal Pradesh,2010,Kidnap - For Sale,09. For Sale,0,0,0,0,0,0,0,0,0,0,0,0,0,0
Jammu & Kashmir,2010,Kidnap - For Sale,09. For Sale,0,0,0,0,0,0,0,0,0,0,0,0,0,0
Jharkhand,2010,Kidnap - For Sale,09. For Sale,3,3,0,0,0,3,0,3,0,0,0,0,0,0
Karnataka,2010,Kidnap - For Sale,09. For Sale,0,0,0,0,0,0,0,0,0,0,0,0,0,0
Kerala,2010,Kidnap - For Sale,09. For Sale,0,0,0,0,0,0,0,0,0,0,0,0,0,0
Madhya Pradesh,2010,Kidnap - For Sale,09. For Sale,2,2,0,0,0,2,0,2,0,0,0,0,0,0
Maharashtra,2010,Kidnap - For Sale,09. For Sale,2,1,1,0,0,2,0,2,0,0,0,0,0,0
Manipur,2010,Kidnap - For Sale,09. For Sale,0,0,0,0,0,0,0,0,0,0,0,0,0,0
Meghalaya,2010,Kidnap - For Sale,09. For Sale,0,0,0,0,0,0,0,0,0,0,0,0,0,0
Mizoram,2010,Kidnap - For Sale,09. For Sale,0,0,0,0,0,0,0,0,0,0,0,0,0,0
Nagaland,2010,Kidnap - For Sale,09. For Sale,0,0,0,0,0,0,0,0,0,0,0,0,0,0
Odisha,2010,Kidnap - For Sale,09. For Sale,0,0,0,0,0,0,0,0,0,0,0,0,0,0
Punjab,2010,Kidnap - For Sale,09. For Sale,1,0,0,0,0,0,0,1,0,0,0,0,1,1
Tamil Nadu,2010,Kidnap - For Sale,09. For Sale,0,0,0,0,0,0,0,0,0,0,0,0,0,0
West Bengal,2010,Kidnap - For Sale,09. For Sale,175,19,45,48,30,149,7,205,8,18,12,18,56,0
Andhra Pradesh,2001,Kidnap - For Selling Bodyparts,10. For Selling Bodyparts,0,0,0,0,0,0,0,0,0,0,0,0,0,0
Arunachal Pradesh,2001,Kidnap - For Selling Bodyparts,10. For Selling Bodyparts,0,0,0,0,0,0,0,0,0,0,0,0,0,0
Assam,2001,Kidnap - For Selling Bodyparts,10. For Selling Bodyparts,1,0,0,0,0,1,1,1,0,0,0,0,0,0
Bihar,2001,Kidnap - For Selling Bodyparts,10. For Selling Bodyparts,0,0,0,0,0,0,0,0,0,0,0,0,0,0
Chandigarh,2001,Kidnap - For Selling Bodyparts,10. For Selling Bodyparts,0,0,0,0,0,0,0,0,0,0,0,0,0,0
Chhattisgarh,2001,Kidnap - For Selling Bodyparts,10. For Selling Bodyparts,0,0,0,0,0,0,0,0,0,0,0,0,0,0
Gujarat,2001,Kidnap - For Selling Bodyparts,10. For Selling Bodyparts,0,0,0,0,0,0,0,0,0,0,0,0,0,0
Haryana,2001,Kidnap - For Selling Bodyparts,10. For Selling Bodyparts,0,0,0,0,0,0,0,0,0,0,0,0,0,0
Himachal Pradesh,2001,Kidnap - For Selling Bodyparts,10. For Selling Bodyparts,0,0,0,0,0,0,0,0,0,0,0,0,0,0
Jharkhand,2001,Kidnap - For Selling Bodyparts,10. For Selling Bodyparts,0,0,0,0,0,0,0,0,0,0,0,0,0,0
Karnataka,2001,Kidnap - For Selling Bodyparts,10. For Selling Bodyparts,0,0,0,0,0,0,0,0,0,0,0,0,0,0
Maharashtra,2001,Kidnap - For Selling Bodyparts,10. For Selling Bodyparts,0,0,0,0,0,0,0,0,0,0,0,0,0,0
Meghalaya,2001,Kidnap - For Selling Bodyparts,10. For Selling Bodyparts,0,0,0,0,0,0,0,0,0,0,0,0,0,0
Mizoram,2001,Kidnap - For Selling Bodyparts,10. For Selling Bodyparts,0,0,0,0,0,0,0,0,0,0,0,0,0,0
Nagaland,2001,Kidnap - For Selling Bodyparts,10. For Selling Bodyparts,0,0,0,0,0,0,0,0,0,0,0,0,0,0
Odisha,2001,Kidnap - For Selling Bodyparts,10. For Selling Bodyparts,0,0,0,0,0,0,0,0,0,0,0,0,0,0
Tamil Nadu,2001,Kidnap - For Selling Bodyparts,10. For Selling Bodyparts,0,0,0,0,0,0,0,0,0,0,0,0,0,0
West Bengal,2001,Kidnap - For Selling Bodyparts,10. For Selling Bodyparts,0,0,0,0,0,0,0,0,0,0,0,0,0,0
Andhra Pradesh,2002,Kidnap - For Selling Bodyparts,10. For Selling Bodyparts,0,0,0,0,0,0,0,0,0,0,0,0,0,0
Assam,2002,Kidnap - For Selling Bodyparts,10. For Selling Bodyparts,0,0,0,0,0,0,0,0,0,0,0,0,0,0
Bihar,2002,Kidnap - For Selling Bodyparts,10. For Selling Bodyparts,0,0,0,0,0,0,0,0,0,0,0,0,0,0
Chhattisgarh,2002,Kidnap - For Selling Bodyparts,10. For Selling Bodyparts,0,0,0,0,0,0,0,0,0,0,0,0,0,0
Daman & Diu,2002,Kidnap - For Selling Bodyparts,10. For Selling Bodyparts,0,0,0,0,0,0,0,0,0,0,0,0,0,0
Gujarat,2002,Kidnap - For Selling Bodyparts,10. For Selling Bodyparts,0,0,0,0,0,0,0,0,0,0,0,0,0,0
Haryana,2002,Kidnap - For Selling Bodyparts,10. For Selling Bodyparts,0,0,0,0,0,0,0,0,0,0,0,0,0,0
Himachal Pradesh,2002,Kidnap - For Selling Bodyparts,10. For Selling Bodyparts,0,0,0,0,0,0,0,0,0,0,0,0,0,0
Jammu & Kashmir,2002,Kidnap - For Selling Bodyparts,10. For Selling Bodyparts,0,0,0,0,0,0,0,0,0,0,0,0,0,0
Karnataka,2002,Kidnap - For Selling Bodyparts,10. For Selling Bodyparts,0,0,0,0,0,0,0,0,0,0,0,0,0,0
Madhya Pradesh,2002,Kidnap - For Selling Bodyparts,10. For Selling Bodyparts,0,0,0,0,0,0,0,0,0,0,0,0,0,0
Maharashtra,2002,Kidnap - For Selling Bodyparts,10. For Selling Bodyparts,0,0,0,0,0,0,0,0,0,0,0,0,0,0
Meghalaya,2002,Kidnap - For Selling Bodyparts,10. For Selling Bodyparts,0,0,0,0,0,0,0,0,0,0,0,0,0,0
Nagaland,2002,Kidnap - For Selling Bodyparts,10. For Selling Bodyparts,0,0,0,0,0,0,0,0,0,0,0,0,0,0
Odisha,2002,Kidnap - For Selling Bodyparts,10. For Selling Bodyparts,0,0,0,0,0,0,0,0,0,0,0,0,0,0
Punjab,2002,Kidnap - For Selling Bodyparts,10. For Selling Bodyparts,0,0,0,0,0,0,0,0,0,0,0,0,0,0
Tamil Nadu,2002,Kidnap - For Selling Bodyparts,10. For Selling Bodyparts,0,0,0,0,0,0,0,0,0,0,0,0,0,0
Tripura,2002,Kidnap - For Selling Bodyparts,10. For Selling Bodyparts,0,0,0,0,0,0,0,0,0,0,0,0,0,0
West Bengal,2002,Kidnap - For Selling Bodyparts,10. For Selling Bodyparts,0,0,0,0,0,0,0,0,0,0,0,0,0,0
Andhra Pradesh,2003,Kidnap - For Selling Bodyparts,10. For Selling Bodyparts,0,0,0,0,0,0,0,0,0,0,0,0,0,0
Arunachal Pradesh,2003,Kidnap - For Selling Bodyparts,10. For Selling Bodyparts,0,0,0,0,0,0,0,0,0,0,0,0,0,0
Assam,2003,Kidnap - For Selling Bodyparts,10. For Selling Bodyparts,0,0,0,0,0,0,0,0,0,0,0,0,0,0
Bihar,2003,Kidnap - For Selling Bodyparts,10. For Selling Bodyparts,0,0,0,0,0,0,0,0,0,0,0,0,0,0
Chandigarh,2003,Kidnap - For Selling Bodyparts,10. For Selling Bodyparts,0,0,0,0,0,0,0,0,0,0,0,0,0,0
Chhattisgarh,2003,Kidnap - For Selling Bodyparts,10. For Selling Bodyparts,0,0,0,0,0,0,0,0,0,0,0,0,0,0
Daman & Diu,2003,Kidnap - For Selling Bodyparts,10. For Selling Bodyparts,0,0,0,0,0,0,0,0,0,0,0,0,0,0
Gujarat,2003,Kidnap - For Selling Bodyparts,10. For Selling Bodyparts,0,0,0,0,0,0,0,0,0,0,0,0,0,0
Haryana,2003,Kidnap - For Selling Bodyparts,10. For Selling Bodyparts,0,0,0,0,0,0,0,0,0,0,0,0,0,0
Himachal Pradesh,2003,Kidnap - For Selling Bodyparts,10. For Selling Bodyparts,0,0,0,0,0,0,0,0,0,0,0,0,0,0
Jammu & Kashmir,2003,Kidnap - For Selling Bodyparts,10. For Selling Bodyparts,0,0,0,0,0,0,0,0,0,0,0,0,0,0
Jharkhand,2003,Kidnap - For Selling Bodyparts,10. For Selling Bodyparts,0,0,0,0,0,0,0,0,0,0,0,0,0,0
Karnataka,2003,Kidnap - For Selling Bodyparts,10. For Selling Bodyparts,0,0,0,0,0,0,0,0,0,0,0,0,0,0
Madhya Pradesh,2003,Kidnap - For Selling Bodyparts,10. For Selling Bodyparts,0,0,0,0,0,0,0,0,0,0,0,0,0,0
Maharashtra,2003,Kidnap - For Selling Bodyparts,10. For Selling Bodyparts,0,0,0,0,0,0,0,0,0,0,0,0,0,0
Meghalaya,2003,Kidnap - For Selling Bodyparts,10. For Selling Bodyparts,0,0,0,0,0,0,0,0,0,0,0,0,0,0
Nagaland,2003,Kidnap - For Selling Bodyparts,10. For Selling Bodyparts,0,0,0,0,0,0,0,0,0,0,0,0,0,0
Odisha,2003,Kidnap - For Selling Bodyparts,10. For Selling Bodyparts,0,0,0,0,0,0,0,0,0,0,0,0,0,0
Punjab,2003,Kidnap - For Selling Bodyparts,10. For Selling Bodyparts,0,0,0,0,0,0,0,0,0,0,0,0,0,0
Tamil Nadu,2003,Kidnap - For Selling Bodyparts,10. For Selling Bodyparts,0,0,0,0,0,0,0,0,0,0,0,0,0,0
West Bengal,2003,Kidnap - For Selling Bodyparts,10. For Selling Bodyparts,0,0,0,0,0,0,0,0,0,0,0,0,0,0
Andhra Pradesh,2004,Kidnap - For Selling Bodyparts,10. For Selling Bodyparts,0,0,0,0,0,0,0,0,0,0,0,0,0,0
Arunachal Pradesh,2004,Kidnap - For Selling Bodyparts,10. For Selling Bodyparts,0,0,0,0,0,0,0,0,0,0,0,0,0,0
Assam,2004,Kidnap - For Selling Bodyparts,10. For Selling Bodyparts,1,0,0,0,0,0,0,1,0,0,0,0,1,1
Bihar,2004,Kidnap - For Selling Bodyparts,10. For Selling Bodyparts,0,0,0,0,0,0,0,0,0,0,0,0,0,0
Chhattisgarh,2004,Kidnap - For Selling Bodyparts,10. For Selling Bodyparts,0,0,0,0,0,0,0,0,0,0,0,0,0,0
Gujarat,2004,Kidnap - For Selling Bodyparts,10. For Selling Bodyparts,0,0,0,0,0,0,0,0,0,0,0,0,0,0
Himachal Pradesh,2004,Kidnap - For Selling Bodyparts,10. For Selling Bodyparts,0,0,0,0,0,0,0,0,0,0,0,0,0,0
Karnataka,2004,Kidnap - For Selling Bodyparts,10. For Selling Bodyparts,0,0,0,0,0,0,0,0,0,0,0,0,0,0
Madhya Pradesh,2004,Kidnap - For Selling Bodyparts,10. For Selling Bodyparts,0,0,0,0,0,0,0,0,0,0,0,0,0,0
Maharashtra,2004,Kidnap - For Selling Bodyparts,10. For Selling Bodyparts,0,0,0,0,0,0,0,0,0,0,0,0,0,0
Manipur,2004,Kidnap - For Selling Bodyparts,10. For Selling Bodyparts,0,0,0,0,0,0,0,0,0,0,0,0,0,0
Meghalaya,2004,Kidnap - For Selling Bodyparts,10. For Selling Bodyparts,0,0,0,0,0,0,0,0,0,0,0,0,0,0
Mizoram,2004,Kidnap - For Selling Bodyparts,10. For Selling Bodyparts,0,0,0,0,0,0,0,0,0,0,0,0,0,0
Nagaland,2004,Kidnap - For Selling Bodyparts,10. For Selling Bodyparts,0,0,0,0,0,0,0,0,0,0,0,0,0,0
Odisha,2004,Kidnap - For Selling Bodyparts,10. For Selling Bodyparts,0,0,0,0,0,0,0,0,0,0,0,0,0,0
Punjab,2004,Kidnap - For Selling Bodyparts,10. For Selling Bodyparts,0,0,0,0,0,0,0,0,0,0,0,0,0,0
Tamil Nadu,2004,Kidnap - For Selling Bodyparts,10. For Selling Bodyparts,0,0,0,0,0,0,0,0,0,0,0,0,0,0
Tripura,2004,Kidnap - For Selling Bodyparts,10. For Selling Bodyparts,0,0,0,0,0,0,0,0,0,0,0,0,0,0
Uttar Pradesh,2004,Kidnap - For Selling Bodyparts,10. For Selling Bodyparts,0,0,0,0,0,0,0,0,0,0,0,0,0,0
West Bengal,2004,Kidnap - For Selling Bodyparts,10. For Selling Bodyparts,0,0,0,0,0,0,0,0,0,0,0,0,0,0
Andhra Pradesh,2005,Kidnap - For Selling Bodyparts,10. For Selling Bodyparts,0,0,0,0,0,0,0,0,0,0,0,0,0,0
Arunachal Pradesh,2005,Kidnap - For Selling Bodyparts,10. For Selling Bodyparts,0,0,0,0,0,0,0,0,0,0,0,0,0,0
Assam,2005,Kidnap - For Selling Bodyparts,10. For Selling Bodyparts,0,0,0,0,0,0,0,0,0,0,0,0,0,0
Bihar,2005,Kidnap - For Selling Bodyparts,10. For Selling Bodyparts,3,3,0,0,0,3,0,3,0,0,0,0,0,0
Chandigarh,2005,Kidnap - For Selling Bodyparts,10. For Selling Bodyparts,0,0,0,0,0,0,0,0,0,0,0,0,0,0
Chhattisgarh,2005,Kidnap - For Selling Bodyparts,10. For Selling Bodyparts,0,0,0,0,0,0,0,0,0,0,0,0,0,0
Gujarat,2005,Kidnap - For Selling Bodyparts,10. For Selling Bodyparts,0,0,0,0,0,0,0,0,0,0,0,0,0,0
Haryana,2005,Kidnap - For Selling Bodyparts,10. For Selling Bodyparts,0,0,0,0,0,0,0,0,0,0,0,0,0,0
Himachal Pradesh,2005,Kidnap - For Selling Bodyparts,10. For Selling Bodyparts,0,0,0,0,0,0,0,0,0,0,0,0,0,0
Jammu & Kashmir,2005,Kidnap - For Selling Bodyparts,10. For Selling Bodyparts,0,0,0,0,0,0,0,0,0,0,0,0,0,0
Jharkhand,2005,Kidnap - For Selling Bodyparts,10. For Selling Bodyparts,0,0,0,0,0,0,0,0,0,0,0,0,0,0
Karnataka,2005,Kidnap - For Selling Bodyparts,10. For Selling Bodyparts,0,0,0,0,0,0,0,0,0,0,0,0,0,0
Madhya Pradesh,2005,Kidnap - For Selling Bodyparts,10. For Selling Bodyparts,0,0,0,0,0,0,0,0,0,0,0,0,0,0
Maharashtra,2005,Kidnap - For Selling Bodyparts,10. For Selling Bodyparts,0,0,0,0,0,0,0,0,0,0,0,0,0,0
Manipur,2005,Kidnap - For Selling Bodyparts,10. For Selling Bodyparts,0,0,0,0,0,0,0,0,0,0,0,0,0,0
Meghalaya,2005,Kidnap - For Selling Bodyparts,10. For Selling Bodyparts,0,0,0,0,0,0,0,0,0,0,0,0,0,0
Mizoram,2005,Kidnap - For Selling Bodyparts,10. For Selling Bodyparts,0,0,0,0,0,0,0,0,0,0,0,0,0,0
Nagaland,2005,Kidnap - For Selling Bodyparts,10. For Selling Bodyparts,0,0,0,0,0,0,0,0,0,0,0,0,0,0
Odisha,2005,Kidnap - For Selling Bodyparts,10. For Selling Bodyparts,0,0,0,0,0,0,0,0,0,0,0,0,0,0
Punjab,2005,Kidnap - For Selling Bodyparts,10. For Selling Bodyparts,0,0,0,0,0,0,0,0,0,0,0,0,0,0
Tripura,2005,Kidnap - For Selling Bodyparts,10. For Selling Bodyparts,0,0,0,0,0,0,0,0,0,0,0,0,0,0
Uttar Pradesh,2005,Kidnap - For Selling Bodyparts,10. For Selling Bodyparts,0,0,0,0,0,0,0,0,0,0,0,0,0,0
West Bengal,2005,Kidnap - For Selling Bodyparts,10. For Selling Bodyparts,0,0,0,0,0,0,0,0,0,0,0,0,0,0
Andhra Pradesh,2006,Kidnap - For Selling Bodyparts,10. For Selling Bodyparts,0,0,0,0,0,0,0,0,0,0,0,0,0,0
Arunachal Pradesh,2006,Kidnap - For Selling Bodyparts,10. For Selling Bodyparts,0,0,0,0,0,0,0,0,0,0,0,0,0,0
Assam,2006,Kidnap - For Selling Bodyparts,10. For Selling Bodyparts,0,0,0,0,0,0,0,0,0,0,0,0,0,0
Chhattisgarh,2006,Kidnap - For Selling Bodyparts,10. For Selling Bodyparts,1,0,1,0,0,1,0,1,0,0,0,0,0,0
Gujarat,2006,Kidnap - For Selling Bodyparts,10. For Selling Bodyparts,0,0,0,0,0,0,0,0,0,0,0,0,0,0
Himachal Pradesh,2006,Kidnap - For Selling Bodyparts,10. For Selling Bodyparts,0,0,0,0,0,0,0,0,0,0,0,0,0,0
Jammu & Kashmir,2006,Kidnap - For Selling Bodyparts,10. For Selling Bodyparts,0,0,0,0,0,0,0,0,0,0,0,0,0,0
Jharkhand,2006,Kidnap - For Selling Bodyparts,10. For Selling Bodyparts,0,0,0,0,0,0,0,0,0,0,0,0,0,0
Karnataka,2006,Kidnap - For Selling Bodyparts,10. For Selling Bodyparts,0,0,0,0,0,0,0,0,0,0,0,0,0,0
Madhya Pradesh,2006,Kidnap - For Selling Bodyparts,10. For Selling Bodyparts,0,0,0,0,0,0,0,0,0,0,0,0,0,0
Maharashtra,2006,Kidnap - For Selling Bodyparts,10. For Selling Bodyparts,0,0,0,0,0,0,0,0,0,0,0,0,0,0
Manipur,2006,Kidnap - For Selling Bodyparts,10. For Selling Bodyparts,0,0,0,0,0,0,0,0,0,0,0,0,0,0
Meghalaya,2006,Kidnap - For Selling Bodyparts,10. For Selling Bodyparts,0,0,0,0,0,0,0,0,0,0,0,0,0,0
Mizoram,2006,Kidnap - For Selling Bodyparts,10. For Selling Bodyparts,0,0,0,0,0,0,0,0,0,0,0,0,0,0
Nagaland,2006,Kidnap - For Selling Bodyparts,10. For Selling Bodyparts,0,0,0,0,0,0,0,0,0,0,0,0,0,0
Odisha,2006,Kidnap - For Selling Bodyparts,10. For Selling Bodyparts,0,0,0,0,0,0,0,0,0,0,0,0,0,0
Tamil Nadu,2006,Kidnap - For Selling Bodyparts,10. For Selling Bodyparts,0,0,0,0,0,0,0,0,0,0,0,0,0,0
Uttar Pradesh,2006,Kidnap - For Selling Bodyparts,10. For Selling Bodyparts,0,0,0,0,0,0,0,0,0,0,0,0,0,0
West Bengal,2006,Kidnap - For Selling Bodyparts,10. For Selling Bodyparts,0,0,0,0,0,0,0,0,0,0,0,0,0,0
Andhra Pradesh,2007,Kidnap - For Selling Bodyparts,10. For Selling Bodyparts,0,0,0,0,0,0,0,0,0,0,0,0,0,0
Arunachal Pradesh,2007,Kidnap - For Selling Bodyparts,10. For Selling Bodyparts,0,0,0,0,0,0,0,0,0,0,0,0,0,0
Assam,2007,Kidnap - For Selling Bodyparts,10. For Selling Bodyparts,0,0,0,0,0,0,0,0,0,0,0,0,0,0
Bihar,2007,Kidnap - For Selling Bodyparts,10. For Selling Bodyparts,0,0,0,0,0,0,0,0,0,0,0,0,0,0
Chhattisgarh,2007,Kidnap - For Selling Bodyparts,10. For Selling Bodyparts,0,0,0,0,0,0,0,0,0,0,0,0,0,0
Gujarat,2007,Kidnap - For Selling Bodyparts,10. For Selling Bodyparts,0,0,0,0,0,0,0,0,0,0,0,0,0,0
Haryana,2007,Kidnap - For Selling Bodyparts,10. For Selling Bodyparts,0,0,0,0,0,0,0,0,0,0,0,0,0,0
Himachal Pradesh,2007,Kidnap - For Selling Bodyparts,10. For Selling Bodyparts,0,0,0,0,0,0,0,0,0,0,0,0,0,0
Jammu & Kashmir,2007,Kidnap - For Selling Bodyparts,10. For Selling Bodyparts,0,0,0,0,0,0,0,0,0,0,0,0,0,0
Karnataka,2007,Kidnap - For Selling Bodyparts,10. For Selling Bodyparts,0,0,0,0,0,0,0,0,0,0,0,0,0,0
Madhya Pradesh,2007,Kidnap - For Selling Bodyparts,10. For Selling Bodyparts,0,0,0,0,0,0,0,0,0,0,0,0,0,0
Maharashtra,2007,Kidnap - For Selling Bodyparts,10. For Selling Bodyparts,0,0,0,0,0,0,0,0,0,0,0,0,0,0
Manipur,2007,Kidnap - For Selling Bodyparts,10. For Selling Bodyparts,0,0,0,0,0,0,0,0,0,0,0,0,0,0
Meghalaya,2007,Kidnap - For Selling Bodyparts,10. For Selling Bodyparts,0,0,0,0,0,0,0,0,0,0,0,0,0,0
Mizoram,2007,Kidnap - For Selling Bodyparts,10. For Selling Bodyparts,0,0,0,0,0,0,0,0,0,0,0,0,0,0
Nagaland,2007,Kidnap - For Selling Bodyparts,10. For Selling Bodyparts,0,0,0,0,0,0,0,0,0,0,0,0,0,0
Odisha,2007,Kidnap - For Selling Bodyparts,10. For Selling Bodyparts,0,0,0,0,0,0,0,0,0,0,0,0,0,0
Tamil Nadu,2007,Kidnap - For Selling Bodyparts,10. For Selling Bodyparts,0,0,0,0,0,0,0,0,0,0,0,0,0,0
West Bengal,2007,Kidnap - For Selling Bodyparts,10. For Selling Bodyparts,0,0,0,0,0,0,0,0,0,0,0,0,0,0
Andhra Pradesh,2008,Kidnap - For Selling Bodyparts,10. For Selling Bodyparts,0,0,0,0,0,0,0,0,0,0,0,0,0,0
Arunachal Pradesh,2008,Kidnap - For Selling Bodyparts,10. For Selling Bodyparts,0,0,0,0,0,0,0,0,0,0,0,0,0,0
Assam,2008,Kidnap - For Selling Bodyparts,10. For Selling Bodyparts,0,0,0,0,0,0,0,0,0,0,0,0,0,0
Bihar,2008,Kidnap - For Selling Bodyparts,10. For Selling Bodyparts,0,0,0,0,0,0,0,0,0,0,0,0,0,0
Chhattisgarh,2008,Kidnap - For Selling Bodyparts,10. For Selling Bodyparts,0,0,0,0,0,0,0,0,0,0,0,0,0,0
Gujarat,2008,Kidnap - For Selling Bodyparts,10. For Selling Bodyparts,0,0,0,0,0,0,0,0,0,0,0,0,0,0
Haryana,2008,Kidnap - For Selling Bodyparts,10. For Selling Bodyparts,0,0,0,0,0,0,0,0,0,0,0,0,0,0
Himachal Pradesh,2008,Kidnap - For Selling Bodyparts,10. For Selling Bodyparts,0,0,0,0,0,0,0,0,0,0,0,0,0,0
Jammu & Kashmir,2008,Kidnap - For Selling Bodyparts,10. For Selling Bodyparts,0,0,0,0,0,0,0,0,0,0,0,0,0,0
Karnataka,2008,Kidnap - For Selling Bodyparts,10. For Selling Bodyparts,0,0,0,0,0,0,0,0,0,0,0,0,0,0
Madhya Pradesh,2008,Kidnap - For Selling Bodyparts,10. For Selling Bodyparts,0,0,0,0,0,0,0,0,0,0,0,0,0,0
Maharashtra,2008,Kidnap - For Selling Bodyparts,10. For Selling Bodyparts,0,0,0,0,0,0,0,0,0,0,0,0,0,0
Manipur,2008,Kidnap - For Selling Bodyparts,10. For Selling Bodyparts,0,0,0,0,0,0,0,0,0,0,0,0,0,0
Meghalaya,2008,Kidnap - For Selling Bodyparts,10. For Selling Bodyparts,0,0,0,0,0,0,0,0,0,0,0,0,0,0
Mizoram,2008,Kidnap - For Selling Bodyparts,10. For Selling Bodyparts,0,0,0,0,0,0,0,0,0,0,0,0,0,0
Nagaland,2008,Kidnap - For Selling Bodyparts,10. For Selling Bodyparts,0,0,0,0,0,0,0,0,0,0,0,0,0,0
Odisha,2008,Kidnap - For Selling Bodyparts,10. For Selling Bodyparts,0,0,0,0,0,0,0,0,0,0,0,0,0,0
Puducherry,2008,Kidnap - For Selling Bodyparts,10. For Selling Bodyparts,0,0,0,0,0,0,0,0,0,0,0,0,0,0
Tamil Nadu,2008,Kidnap - For Selling Bodyparts,10. For Selling Bodyparts,0,0,0,0,0,0,0,0,0,0,0,0,0,0
West Bengal,2008,Kidnap - For Selling Bodyparts,10. For Selling Bodyparts,0,0,0,0,0,0,0,0,0,0,0,0,0,0
Andhra Pradesh,2009,Kidnap - For Selling Bodyparts,10. For Selling Bodyparts,0,0,0,0,0,0,0,0,0,0,0,0,0,0
Arunachal Pradesh,2009,Kidnap - For Selling Bodyparts,10. For Selling Bodyparts,0,0,0,0,0,0,0,0,0,0,0,0,0,0
Assam,2009,Kidnap - For Selling Bodyparts,10. For Selling Bodyparts,0,0,0,0,0,0,0,0,0,0,0,0,0,0
Bihar,2009,Kidnap - For Selling Bodyparts,10. For Selling Bodyparts,0,0,0,0,0,0,0,0,0,0,0,0,0,0
Chandigarh,2009,Kidnap - For Selling Bodyparts,10. For Selling Bodyparts,0,0,0,0,0,0,0,0,0,0,0,0,0,0
Chhattisgarh,2009,Kidnap - For Selling Bodyparts,10. For Selling Bodyparts,0,0,0,0,0,0,0,0,0,0,0,0,0,0
Gujarat,2009,Kidnap - For Selling Bodyparts,10. For Selling Bodyparts,0,0,0,0,0,0,0,0,0,0,0,0,0,0
Haryana,2009,Kidnap - For Selling Bodyparts,10. For Selling Bodyparts,0,0,0,0,0,0,0,0,0,0,0,0,0,0
Himachal Pradesh,2009,Kidnap - For Selling Bodyparts,10. For Selling Bodyparts,0,0,0,0,0,0,0,0,0,0,0,0,0,0
Jammu & Kashmir,2009,Kidnap - For Selling Bodyparts,10. For Selling Bodyparts,0,0,0,0,0,0,0,0,0,0,0,0,0,0
Karnataka,2009,Kidnap - For Selling Bodyparts,10. For Selling Bodyparts,0,0,0,0,0,0,0,0,0,0,0,0,0,0
Madhya Pradesh,2009,Kidnap - For Selling Bodyparts,10. For Selling Bodyparts,0,0,0,0,0,0,0,0,0,0,0,0,0,0
Maharashtra,2009,Kidnap - For Selling Bodyparts,10. For Selling Bodyparts,0,0,0,0,0,0,0,0,0,0,0,0,0,0
Manipur,2009,Kidnap - For Selling Bodyparts,10. For Selling Bodyparts,0,0,0,0,0,0,0,0,0,0,0,0,0,0
Meghalaya,2009,Kidnap - For Selling Bodyparts,10. For Selling Bodyparts,0,0,0,0,0,0,0,0,0,0,0,0,0,0
Nagaland,2009,Kidnap - For Selling Bodyparts,10. For Selling Bodyparts,0,0,0,0,0,0,0,0,0,0,0,0,0,0
Odisha,2009,Kidnap - For Selling Bodyparts,10. For Selling Bodyparts,0,0,0,0,0,0,0,0,0,0,0,0,0,0
Tamil Nadu,2009,Kidnap - For Selling Bodyparts,10. For Selling Bodyparts,0,0,0,0,0,0,0,0,0,0,0,0,0,0
West Bengal,2009,Kidnap - For Selling Bodyparts,10. For Selling Bodyparts,0,0,0,0,0,0,0,0,0,0,0,0,0,0
Andhra Pradesh,2010,Kidnap - For Selling Bodyparts,10. For Selling Bodyparts,0,0,0,0,0,0,0,0,0,0,0,0,0,0
Arunachal Pradesh,2010,Kidnap - For Selling Bodyparts,10. For Selling Bodyparts,0,0,0,0,0,0,0,0,0,0,0,0,0,0
Chhattisgarh,2010,Kidnap - For Selling Bodyparts,10. For Selling Bodyparts,0,0,0,0,0,0,0,0,0,0,0,0,0,0
Gujarat,2010,Kidnap - For Selling Bodyparts,10. For Selling Bodyparts,0,0,0,0,0,0,0,0,0,0,0,0,0,0
Haryana,2010,Kidnap - For Selling Bodyparts,10. For Selling Bodyparts,10,0,0,0,0,0,0,10,0,3,7,0,10,0
Himachal Pradesh,2010,Kidnap - For Selling Bodyparts,10. For Selling Bodyparts,0,0,0,0,0,0,0,0,0,0,0,0,0,0
Jammu & Kashmir,2010,Kidnap - For Selling Bodyparts,10. For Selling Bodyparts,0,0,0,0,0,0,0,0,0,0,0,0,0,0
Jharkhand,2010,Kidnap - For Selling Bodyparts,10. For Selling Bodyparts,0,0,0,0,0,0,0,0,0,0,0,0,0,0
Karnataka,2010,Kidnap - For Selling Bodyparts,10. For Selling Bodyparts,0,0,0,0,0,0,0,0,0,0,0,0,0,0
Kerala,2010,Kidnap - For Selling Bodyparts,10. For Selling Bodyparts,0,0,0,0,0,0,0,0,0,0,0,0,0,0
Madhya Pradesh,2010,Kidnap - For Selling Bodyparts,10. For Selling Bodyparts,0,0,0,0,0,0,0,0,0,0,0,0,0,0
Maharashtra,2010,Kidnap - For Selling Bodyparts,10. For Selling Bodyparts,0,0,0,0,0,0,0,0,0,0,0,0,0,0
Manipur,2010,Kidnap - For Selling Bodyparts,10. For Selling Bodyparts,0,0,0,0,0,0,0,0,0,0,0,0,0,0
Meghalaya,2010,Kidnap - For Selling Bodyparts,10. For Selling Bodyparts,0,0,0,0,0,0,0,0,0,0,0,0,0,0
Mizoram,2010,Kidnap - For Selling Bodyparts,10. For Selling Bodyparts,0,0,0,0,0,0,0,0,0,0,0,0,0,0
Nagaland,2010,Kidnap - For Selling Bodyparts,10. For Selling Bodyparts,0,0,0,0,0,0,0,0,0,0,0,0,0,0
Odisha,2010,Kidnap - For Selling Bodyparts,10. For Selling Bodyparts,0,0,0,0,0,0,0,0,0,0,0,0,0,0
Tamil Nadu,2010,Kidnap - For Selling Bodyparts,10. For Selling Bodyparts,0,0,0,0,0,0,0,0,0,0,0,0,0,0
West Bengal,2010,Kidnap - For Selling Bodyparts,10. For Selling Bodyparts,0,0,0,0,0,0,0,0,0,0,0,0,0,0
Andhra Pradesh,2001,Kidnap - For Slavery,11. For Slavery,0,0,0,0,0,0,0,0,0,0,0,0,0,0
Arunachal Pradesh,2001,Kidnap - For Slavery,11. For Slavery,0,0,0,0,0,0,0,0,0,0,0,0,0,0
Assam,2001,Kidnap - For Slavery,11. For Slavery,10,0,1,0,0,1,0,10,5,4,0,0,9,0
Bihar,2001,Kidnap - For Slavery,11. For Slavery,0,0,0,0,0,0,0,0,0,0,0,0,0,0
Chandigarh,2001,Kidnap - For Slavery,11. For Slavery,0,0,0,0,0,0,0,0,0,0,0,0,0,0
Chhattisgarh,2001,Kidnap - For Slavery,11. For Slavery,0,0,0,0,0,0,0,0,0,0,0,0,0,0
Delhi,2001,Kidnap - For Slavery,11. For Slavery,62,29,13,3,0,48,3,67,5,7,0,0,19,7
Gujarat,2001,Kidnap - For Slavery,11. For Slavery,0,0,0,0,0,0,0,0,0,0,0,0,0,0
Haryana,2001,Kidnap - For Slavery,11. For Slavery,0,0,0,0,0,0,0,0,0,0,0,0,0,0
Himachal Pradesh,2001,Kidnap - For Slavery,11. For Slavery,0,0,0,0,0,0,0,0,0,0,0,0,0,0
Jharkhand,2001,Kidnap - For Slavery,11. For Slavery,0,0,0,0,0,0,0,0,0,0,0,0,0,0
Karnataka,2001,Kidnap - For Slavery,11. For Slavery,0,0,0,0,0,0,0,0,0,0,0,0,0,0
Maharashtra,2001,Kidnap - For Slavery,11. For Slavery,0,0,0,0,0,0,0,0,0,0,0,0,0,0
Meghalaya,2001,Kidnap - For Slavery,11. For Slavery,0,0,0,0,0,0,0,0,0,0,0,0,0,0
Mizoram,2001,Kidnap - For Slavery,11. For Slavery,0,0,0,0,0,0,0,0,0,0,0,0,0,0
Nagaland,2001,Kidnap - For Slavery,11. For Slavery,0,0,0,0,0,0,0,0,0,0,0,0,0,0
Odisha,2001,Kidnap - For Slavery,11. For Slavery,0,0,0,0,0,0,0,0,0,0,0,0,0,0
Tamil Nadu,2001,Kidnap - For Slavery,11. For Slavery,0,0,0,0,0,0,0,0,0,0,0,0,0,0
Uttar Pradesh,2001,Kidnap - For Slavery,11. For Slavery,58,0,0,0,0,0,0,58,8,25,25,0,58,0
West Bengal,2001,Kidnap - For Slavery,11. For Slavery,0,0,0,0,0,0,0,0,0,0,0,0,0,0
Andhra Pradesh,2002,Kidnap - For Slavery,11. For Slavery,3,0,3,0,0,3,0,3,0,0,0,0,0,0
Assam,2002,Kidnap - For Slavery,11. For Slavery,13,0,0,0,0,0,0,13,0,8,5,0,13,0
Bihar,2002,Kidnap - For Slavery,11. For Slavery,0,0,0,0,0,0,0,0,0,0,0,0,0,0
Chhattisgarh,2002,Kidnap - For Slavery,11. For Slavery,0,0,0,0,0,0,0,0,0,0,0,0,0,0
Daman & Diu,2002,Kidnap - For Slavery,11. For Slavery,0,0,0,0,0,0,0,0,0,0,0,0,0,0
Gujarat,2002,Kidnap - For Slavery,11. For Slavery,0,0,0,0,0,0,0,0,0,0,0,0,0,0
Haryana,2002,Kidnap - For Slavery,11. For Slavery,0,0,0,0,0,0,0,0,0,0,0,0,0,0
Himachal Pradesh,2002,Kidnap - For Slavery,11. For Slavery,0,0,0,0,0,0,0,0,0,0,0,0,0,0
Jammu & Kashmir,2002,Kidnap - For Slavery,11. For Slavery,0,0,0,0,0,0,0,0,0,0,0,0,0,0
Karnataka,2002,Kidnap - For Slavery,11. For Slavery,1,0,1,0,0,1,0,1,0,0,0,0,0,0
Madhya Pradesh,2002,Kidnap - For Slavery,11. For Slavery,0,0,0,0,0,0,0,0,0,0,0,0,0,0
Maharashtra,2002,Kidnap - For Slavery,11. For Slavery,0,0,0,0,0,0,0,0,0,0,0,0,0,0
Meghalaya,2002,Kidnap - For Slavery,11. For Slavery,0,0,0,0,0,0,0,0,0,0,0,0,0,0
Nagaland,2002,Kidnap - For Slavery,11. For Slavery,0,0,0,0,0,0,0,0,0,0,0,0,0,0
Odisha,2002,Kidnap - For Slavery,11. For Slavery,0,0,0,0,0,0,0,0,0,0,0,0,0,0
Punjab,2002,Kidnap - For Slavery,11. For Slavery,0,0,0,0,0,0,0,0,0,0,0,0,0,0
Tamil Nadu,2002,Kidnap - For Slavery,11. For Slavery,0,0,0,0,0,0,0,0,0,0,0,0,0,0
Tripura,2002,Kidnap - For Slavery,11. For Slavery,0,0,0,0,0,0,0,0,0,0,0,0,0,0
Uttar Pradesh,2002,Kidnap - For Slavery,11. For Slavery,17,4,0,0,0,4,0,17,2,9,2,0,13,0
West Bengal,2002,Kidnap - For Slavery,11. For Slavery,2,0,1,0,0,1,0,2,0,1,0,0,1,0
Andhra Pradesh,2003,Kidnap - For Slavery,11. For Slavery,62,2,18,0,0,20,0,62,1,41,0,0,42,0
Arunachal Pradesh,2003,Kidnap - For Slavery,11. For Slavery,0,0,0,0,0,0,0,0,0,0,0,0,0,0
Assam,2003,Kidnap - For Slavery,11. For Slavery,0,0,0,0,0,0,0,0,0,0,0,0,0,0
Bihar,2003,Kidnap - For Slavery,11. For Slavery,0,0,0,0,0,0,0,0,0,0,0,0,0,0
Chandigarh,2003,Kidnap - For Slavery,11. For Slavery,0,0,0,0,0,0,0,0,0,0,0,0,0,0
Chhattisgarh,2003,Kidnap - For Slavery,11. For Slavery,0,0,0,0,0,0,0,0,0,0,0,0,0,0
Daman & Diu,2003,Kidnap - For Slavery,11. For Slavery,0,0,0,0,0,0,0,0,0,0,0,0,0,0
Gujarat,2003,Kidnap - For Slavery,11. For Slavery,0,0,0,0,0,0,0,0,0,0,0,0,0,0
Haryana,2003,Kidnap - For Slavery,11. For Slavery,0,0,0,0,0,0,0,0,0,0,0,0,0,0
Himachal Pradesh,2003,Kidnap - For Slavery,11. For Slavery,0,0,0,0,0,0,0,0,0,0,0,0,0,0
Jammu & Kashmir,2003,Kidnap - For Slavery,11. For Slavery,0,0,0,0,0,0,0,0,0,0,0,0,0,0
Jharkhand,2003,Kidnap - For Slavery,11. For Slavery,0,0,0,0,0,0,0,0,0,0,0,0,0,0
Karnataka,2003,Kidnap - For Slavery,11. For Slavery,0,0,0,0,0,0,0,0,0,0,0,0,0,0
Madhya Pradesh,2003,Kidnap - For Slavery,11. For Slavery,1,0,0,0,0,0,0,1,1,0,0,0,1,0
Maharashtra,2003,Kidnap - For Slavery,11. For Slavery,0,0,0,0,0,0,0,0,0,0,0,0,0,0
Meghalaya,2003,Kidnap - For Slavery,11. For Slavery,0,0,0,0,0,0,0,0,0,0,0,0,0,0
Nagaland,2003,Kidnap - For Slavery,11. For Slavery,0,0,0,0,0,0,0,0,0,0,0,0,0,0
Odisha,2003,Kidnap - For Slavery,11. For Slavery,0,0,0,0,0,0,0,0,0,0,0,0,0,0
Puducherry,2003,Kidnap - For Slavery,11. For Slavery,0,0,0,0,0,0,0,0,0,0,0,0,0,0
Punjab,2003,Kidnap - For Slavery,11. For Slavery,0,0,0,0,0,0,0,0,0,0,0,0,0,0
Tamil Nadu,2003,Kidnap - For Slavery,11. For Slavery,0,0,0,0,0,0,0,0,0,0,0,0,0,0
Uttar Pradesh,2003,Kidnap - For Slavery,11. For Slavery,2,0,0,0,0,0,0,2,2,0,0,0,2,0
West Bengal,2003,Kidnap - For Slavery,11. For Slavery,0,0,0,0,0,0,0,0,0,0,0,0,0,0
Andhra Pradesh,2004,Kidnap - For Slavery,11. For Slavery,26,4,12,0,0,16,0,26,9,0,0,0,10,1
Arunachal Pradesh,2004,Kidnap - For Slavery,11. For Slavery,0,0,0,0,0,0,0,0,0,0,0,0,0,0
Assam,2004,Kidnap - For Slavery,11. For Slavery,33,0,14,8,0,22,0,33,0,8,1,2,11,0
Bihar,2004,Kidnap - For Slavery,11. For Slavery,10,0,0,0,0,0,0,10,0,5,5,0,10,0
Chhattisgarh,2004,Kidnap - For Slavery,11. For Slavery,0,0,0,0,0,0,0,0,0,0,0,0,0,0
Gujarat,2004,Kidnap - For Slavery,11. For Slavery,0,0,0,0,0,0,0,0,0,0,0,0,0,0
Himachal Pradesh,2004,Kidnap - For Slavery,11. For Slavery,0,0,0,0,0,0,0,0,0,0,0,0,0,0
Karnataka,2004,Kidnap - For Slavery,11. For Slavery,0,0,0,0,0,0,0,0,0,0,0,0,0,0
Madhya Pradesh,2004,Kidnap - For Slavery,11. For Slavery,0,0,0,0,0,0,0,0,0,0,0,0,0,0
Maharashtra,2004,Kidnap - For Slavery,11. For Slavery,0,0,0,0,0,0,0,0,0,0,0,0,0,0
Manipur,2004,Kidnap - For Slavery,11. For Slavery,0,0,0,0,0,0,0,0,0,0,0,0,0,0
Meghalaya,2004,Kidnap - For Slavery,11. For Slavery,0,0,0,0,0,0,0,0,0,0,0,0,0,0
Mizoram,2004,Kidnap - For Slavery,11. For Slavery,0,0,0,0,0,0,0,0,0,0,0,0,0,0
Nagaland,2004,Kidnap - For Slavery,11. For Slavery,0,0,0,0,0,0,0,0,0,0,0,0,0,0
Odisha,2004,Kidnap - For Slavery,11. For Slavery,1,0,0,0,0,0,0,1,0,1,0,0,1,0
Punjab,2004,Kidnap - For Slavery,11. For Slavery,0,0,0,0,0,0,0,0,0,0,0,0,0,0
Tamil Nadu,2004,Kidnap - For Slavery,11. For Slavery,1,0,0,1,0,1,0,1,0,0,0,0,0,0
Tripura,2004,Kidnap - For Slavery,11. For Slavery,0,0,0,0,0,0,0,0,0,0,0,0,0,0
Uttar Pradesh,2004,Kidnap - For Slavery,11. For Slavery,7,0,0,0,0,0,0,7,2,5,0,0,7,0
West Bengal,2004,Kidnap - For Slavery,11. For Slavery,0,0,0,0,0,0,0,0,0,0,0,0,0,0
Andhra Pradesh,2005,Kidnap - For Slavery,11. For Slavery,0,0,0,0,0,0,0,0,0,0,0,0,0,0
Arunachal Pradesh,2005,Kidnap - For Slavery,11. For Slavery,0,0,0,0,0,0,0,0,0,0,0,0,0,0
Assam,2005,Kidnap - For Slavery,11. For Slavery,0,0,0,0,0,0,0,0,0,0,0,0,0,0
Bihar,2005,Kidnap - For Slavery,11. For Slavery,0,0,0,0,0,0,0,0,0,0,0,0,0,0
Chandigarh,2005,Kidnap - For Slavery,11. For Slavery,0,0,0,0,0,0,0,0,0,0,0,0,0,0
Chhattisgarh,2005,Kidnap - For Slavery,11. For Slavery,0,0,0,0,0,0,0,0,0,0,0,0,0,0
Delhi,2005,Kidnap - For Slavery,11. For Slavery,1,0,0,0,0,0,0,1,0,1,0,0,1,0
Gujarat,2005,Kidnap - For Slavery,11. For Slavery,0,0,0,0,0,0,0,0,0,0,0,0,0,0
Haryana,2005,Kidnap - For Slavery,11. For Slavery,0,0,0,0,0,0,0,0,0,0,0,0,0,0
Himachal Pradesh,2005,Kidnap - For Slavery,11. For Slavery,0,0,0,0,0,0,0,0,0,0,0,0,0,0
Jammu & Kashmir,2005,Kidnap - For Slavery,11. For Slavery,0,0,0,0,0,0,0,0,0,0,0,0,0,0
Jharkhand,2005,Kidnap - For Slavery,11. For Slavery,0,0,0,0,0,0,0,0,0,0,0,0,0,0
Karnataka,2005,Kidnap - For Slavery,11. For Slavery,1,1,0,0,0,1,0,1,0,0,0,0,0,0
Madhya Pradesh,2005,Kidnap - For Slavery,11. For Slavery,0,0,0,0,0,0,0,0,0,0,0,0,0,0
Maharashtra,2005,Kidnap - For Slavery,11. For Slavery,1,0,0,0,0,0,0,3,3,0,0,0,3,0
Manipur,2005,Kidnap - For Slavery,11. For Slavery,0,0,0,0,0,0,0,0,0,0,0,0,0,0
Meghalaya,2005,Kidnap - For Slavery,11. For Slavery,0,0,0,0,0,0,0,0,0,0,0,0,0,0
Mizoram,2005,Kidnap - For Slavery,11. For Slavery,0,0,0,0,0,0,0,0,0,0,0,0,0,0
Nagaland,2005,Kidnap - For Slavery,11. For Slavery,0,0,0,0,0,0,0,0,0,0,0,0,0,0
Odisha,2005,Kidnap - For Slavery,11. For Slavery,1,0,0,0,0,0,0,1,0,1,0,0,1,0
Punjab,2005,Kidnap - For Slavery,11. For Slavery,1,0,0,0,0,0,0,1,0,1,0,0,1,0
Tripura,2005,Kidnap - For Slavery,11. For Slavery,0,0,0,0,0,0,0,0,0,0,0,0,0,0
Uttar Pradesh,2005,Kidnap - For Slavery,11. For Slavery,21,0,0,0,0,0,0,21,0,14,7,0,21,0
West Bengal,2005,Kidnap - For Slavery,11. For Slavery,0,0,0,0,0,0,0,0,0,0,0,0,0,0
Andhra Pradesh,2006,Kidnap - For Slavery,11. For Slavery,0,0,0,0,0,0,0,0,0,0,0,0,0,0
Arunachal Pradesh,2006,Kidnap - For Slavery,11. For Slavery,0,0,0,0,0,0,0,0,0,0,0,0,0,0
Assam,2006,Kidnap - For Slavery,11. For Slavery,0,0,0,0,0,0,0,0,0,0,0,0,0,0
Bihar,2006,Kidnap - For Slavery,11. For Slavery,57,0,0,0,0,0,0,57,0,57,0,0,57,0
Chhattisgarh,2006,Kidnap - For Slavery,11. For Slavery,0,0,0,0,0,0,0,0,0,0,0,0,0,0
Gujarat,2006,Kidnap - For Slavery,11. For Slavery,0,0,0,0,0,0,0,0,0,0,0,0,0,0
Himachal Pradesh,2006,Kidnap - For Slavery,11. For Slavery,0,0,0,0,0,0,0,0,0,0,0,0,0,0
Jammu & Kashmir,2006,Kidnap - For Slavery,11. For Slavery,0,0,0,0,0,0,0,0,0,0,0,0,0,0
Jharkhand,2006,Kidnap - For Slavery,11. For Slavery,16,0,2,0,0,2,0,16,6,8,0,0,14,0
Karnataka,2006,Kidnap - For Slavery,11. For Slavery,0,0,0,0,0,0,0,0,0,0,0,0,0,0
Madhya Pradesh,2006,Kidnap - For Slavery,11. For Slavery,0,0,0,0,0,0,0,0,0,0,0,0,0,0
Maharashtra,2006,Kidnap - For Slavery,11. For Slavery,6,0,0,0,0,0,0,6,0,0,5,0,6,1
Manipur,2006,Kidnap - For Slavery,11. For Slavery,0,0,0,0,0,0,0,0,0,0,0,0,0,0
Meghalaya,2006,Kidnap - For Slavery,11. For Slavery,0,0,0,0,0,0,0,0,0,0,0,0,0,0
Mizoram,2006,Kidnap - For Slavery,11. For Slavery,0,0,0,0,0,0,0,0,0,0,0,0,0,0
Nagaland,2006,Kidnap - For Slavery,11. For Slavery,0,0,0,0,0,0,0,0,0,0,0,0,0,0
Odisha,2006,Kidnap - For Slavery,11. For Slavery,3,0,3,0,0,3,0,3,0,0,0,0,0,0
Sikkim,2006,Kidnap - For Slavery,11. For Slavery,1,1,0,0,0,1,0,1,0,0,0,0,0,0
Tamil Nadu,2006,Kidnap - For Slavery,11. For Slavery,0,0,0,0,0,0,0,0,0,0,0,0,0,0
Uttar Pradesh,2006,Kidnap - For Slavery,11. For Slavery,26,0,0,0,0,0,0,26,3,17,6,0,26,0
West Bengal,2006,Kidnap - For Slavery,11. For Slavery,4,3,0,0,0,3,0,4,1,0,0,0,1,0
Andhra Pradesh,2007,Kidnap - For Slavery,11. For Slavery,2,0,0,0,0,0,0,2,0,0,2,0,2,0
Arunachal Pradesh,2007,Kidnap - For Slavery,11. For Slavery,0,0,0,0,0,0,0,0,0,0,0,0,0,0
Assam,2007,Kidnap - For Slavery,11. For Slavery,0,0,0,0,0,0,0,0,0,0,0,0,0,0
Bihar,2007,Kidnap - For Slavery,11. For Slavery,8,0,3,0,0,3,0,8,0,5,0,0,5,0
Chhattisgarh,2007,Kidnap - For Slavery,11. For Slavery,0,0,0,0,0,0,0,0,0,0,0,0,0,0
Gujarat,2007,Kidnap - For Slavery,11. For Slavery,0,0,0,0,0,0,0,0,0,0,0,0,0,0
Haryana,2007,Kidnap - For Slavery,11. For Slavery,1,0,0,0,0,0,0,1,1,0,0,0,1,0
Himachal Pradesh,2007,Kidnap - For Slavery,11. For Slavery,0,0,0,0,0,0,0,0,0,0,0,0,0,0
Jammu & Kashmir,2007,Kidnap - For Slavery,11. For Slavery,0,0,0,0,0,0,0,0,0,0,0,0,0,0
Karnataka,2007,Kidnap - For Slavery,11. For Slavery,1,0,0,0,0,0,0,1,0,1,0,0,1,0
Madhya Pradesh,2007,Kidnap - For Slavery,11. For Slavery,0,0,0,0,0,0,0,0,0,0,0,0,0,0
Maharashtra,2007,Kidnap - For Slavery,11. For Slavery,0,0,0,0,0,0,0,0,0,0,0,0,0,0
Manipur,2007,Kidnap - For Slavery,11. For Slavery,0,0,0,0,0,0,0,0,0,0,0,0,0,0
Meghalaya,2007,Kidnap - For Slavery,11. For Slavery,0,0,0,0,0,0,0,0,0,0,0,0,0,0
Mizoram,2007,Kidnap - For Slavery,11. For Slavery,0,0,0,0,0,0,0,0,0,0,0,0,0,0
Nagaland,2007,Kidnap - For Slavery,11. For Slavery,0,0,0,0,0,0,0,0,0,0,0,0,0,0
Odisha,2007,Kidnap - For Slavery,11. For Slavery,0,0,0,0,0,0,0,0,0,0,0,0,0,0
Tamil Nadu,2007,Kidnap - For Slavery,11. For Slavery,0,0,0,0,0,0,0,0,0,0,0,0,0,0
Uttar Pradesh,2007,Kidnap - For Slavery,11. For Slavery,147,0,0,0,0,0,0,147,34,77,36,0,147,0
West Bengal,2007,Kidnap - For Slavery,11. For Slavery,0,0,0,0,0,0,0,0,0,0,0,0,0,0
Andhra Pradesh,2008,Kidnap - For Slavery,11. For Slavery,7,0,7,0,0,7,0,7,0,0,0,0,0,0
Arunachal Pradesh,2008,Kidnap - For Slavery,11. For Slavery,0,0,0,0,0,0,0,0,0,0,0,0,0,0
Assam,2008,Kidnap - For Slavery,11. For Slavery,6,0,0,0,0,0,0,6,0,3,2,1,6,0
Bihar,2008,Kidnap - For Slavery,11. For Slavery,0,0,0,0,0,0,0,0,0,0,0,0,0,0
Chhattisgarh,2008,Kidnap - For Slavery,11. For Slavery,0,0,0,0,0,0,0,0,0,0,0,0,0,0
Gujarat,2008,Kidnap - For Slavery,11. For Slavery,0,0,0,0,0,0,0,0,0,0,0,0,0,0
Haryana,2008,Kidnap - For Slavery,11. For Slavery,0,0,0,0,0,0,0,0,0,0,0,0,0,0
Himachal Pradesh,2008,Kidnap - For Slavery,11. For Slavery,0,0,0,0,0,0,0,0,0,0,0,0,0,0
Jammu & Kashmir,2008,Kidnap - For Slavery,11. For Slavery,0,0,0,0,0,0,0,0,0,0,0,0,0,0
Jharkhand,2008,Kidnap - For Slavery,11. For Slavery,1,0,0,0,0,0,0,1,1,0,0,0,1,0
Karnataka,2008,Kidnap - For Slavery,11. For Slavery,8,0,0,0,0,0,0,3,0,3,0,0,3,0
Madhya Pradesh,2008,Kidnap - For Slavery,11. For Slavery,0,0,0,0,0,0,0,0,0,0,0,0,0,0
Maharashtra,2008,Kidnap - For Slavery,11. For Slavery,0,0,0,0,0,0,0,0,0,0,0,0,0,0
Manipur,2008,Kidnap - For Slavery,11. For Slavery,2,0,21,0,0,21,0,21,0,0,0,0,0,0
Meghalaya,2008,Kidnap - For Slavery,11. For Slavery,0,0,0,0,0,0,0,0,0,0,0,0,0,0
Mizoram,2008,Kidnap - For Slavery,11. For Slavery,0,0,0,0,0,0,0,0,0,0,0,0,0,0
Nagaland,2008,Kidnap - For Slavery,11. For Slavery,0,0,0,0,0,0,0,0,0,0,0,0,0,0
Odisha,2008,Kidnap - For Slavery,11. For Slavery,2,0,0,0,0,0,0,2,0,2,0,0,2,0
Puducherry,2008,Kidnap - For Slavery,11. For Slavery,0,0,0,0,0,0,0,0,0,0,0,0,0,0
Tamil Nadu,2008,Kidnap - For Slavery,11. For Slavery,0,0,0,0,0,0,0,0,0,0,0,0,0,0
Uttar Pradesh,2008,Kidnap - For Slavery,11. For Slavery,94,0,0,0,0,0,0,94,31,57,6,0,94,0
West Bengal,2008,Kidnap - For Slavery,11. For Slavery,0,0,0,0,0,0,0,0,0,0,0,0,0,0
Andhra Pradesh,2009,Kidnap - For Slavery,11. For Slavery,3,0,0,0,0,0,0,3,0,3,0,0,3,0
Arunachal Pradesh,2009,Kidnap - For Slavery,11. For Slavery,0,0,0,0,0,0,0,0,0,0,0,0,0,0
Assam,2009,Kidnap - For Slavery,11. For Slavery,9,0,0,0,0,0,0,9,0,3,6,0,9,0
Bihar,2009,Kidnap - For Slavery,11. For Slavery,5,0,0,0,0,0,0,5,2,3,0,0,5,0
Chandigarh,2009,Kidnap - For Slavery,11. For Slavery,0,0,0,0,0,0,0,0,0,0,0,0,0,0
Chhattisgarh,2009,Kidnap - For Slavery,11. For Slavery,0,0,0,0,0,0,0,0,0,0,0,0,0,0
Gujarat,2009,Kidnap - For Slavery,11. For Slavery,1,0,0,0,0,0,0,1,1,0,0,0,1,0
Haryana,2009,Kidnap - For Slavery,11. For Slavery,0,0,0,0,0,0,0,0,0,0,0,0,0,0
Himachal Pradesh,2009,Kidnap - For Slavery,11. For Slavery,0,0,0,0,0,0,0,0,0,0,0,0,0,0
Jammu & Kashmir,2009,Kidnap - For Slavery,11. For Slavery,0,0,0,0,0,0,0,0,0,0,0,0,0,0
Karnataka,2009,Kidnap - For Slavery,11. For Slavery,0,0,0,0,0,0,0,0,0,0,0,0,0,0
Madhya Pradesh,2009,Kidnap - For Slavery,11. For Slavery,0,0,0,0,0,0,0,0,0,0,0,0,0,0
Maharashtra,2009,Kidnap - For Slavery,11. For Slavery,0,0,0,0,0,0,0,0,0,0,0,0,0,0
Manipur,2009,Kidnap - For Slavery,11. For Slavery,0,0,0,0,0,0,0,0,0,0,0,0,0,0
Meghalaya,2009,Kidnap - For Slavery,11. For Slavery,0,0,0,0,0,0,0,0,0,0,0,0,0,0
Nagaland,2009,Kidnap - For Slavery,11. For Slavery,0,0,0,0,0,0,0,0,0,0,0,0,0,0
Odisha,2009,Kidnap - For Slavery,11. For Slavery,0,0,0,0,0,0,0,0,0,0,0,0,0,0
Tamil Nadu,2009,Kidnap - For Slavery,11. For Slavery,0,0,0,0,0,0,0,0,0,0,0,0,0,0
Uttar Pradesh,2009,Kidnap - For Slavery,11. For Slavery,59,0,0,0,0,0,0,59,42,17,0,0,59,0
West Bengal,2009,Kidnap - For Slavery,11. For Slavery,22,4,10,0,0,14,0,22,0,8,0,0,8,0
Andhra Pradesh,2010,Kidnap - For Slavery,11. For Slavery,2,0,0,0,0,0,0,2,0,2,0,0,2,0
Arunachal Pradesh,2010,Kidnap - For Slavery,11. For Slavery,0,0,0,0,0,0,0,0,0,0,0,0,0,0
Bihar,2010,Kidnap - For Slavery,11. For Slavery,2,0,0,0,0,0,0,2,2,0,0,0,2,0
Chhattisgarh,2010,Kidnap - For Slavery,11. For Slavery,0,0,0,0,0,0,0,0,0,0,0,0,0,0
Gujarat,2010,Kidnap - For Slavery,11. For Slavery,0,0,0,0,0,0,0,0,0,0,0,0,0,0
Himachal Pradesh,2010,Kidnap - For Slavery,11. For Slavery,0,0,0,0,0,0,0,0,0,0,0,0,0,0
Jammu & Kashmir,2010,Kidnap - For Slavery,11. For Slavery,0,0,0,0,0,0,0,0,0,0,0,0,0,0
Jharkhand,2010,Kidnap - For Slavery,11. For Slavery,0,0,0,0,0,0,0,0,0,0,0,0,0,0
Karnataka,2010,Kidnap - For Slavery,11. For Slavery,0,0,0,0,0,0,0,0,0,0,0,0,0,0
Kerala,2010,Kidnap - For Slavery,11. For Slavery,0,0,0,0,0,0,0,0,0,0,0,0,0,0
Madhya Pradesh,2010,Kidnap - For Slavery,11. For Slavery,0,0,0,0,0,0,0,0,0,0,0,0,0,0
Maharashtra,2010,Kidnap - For Slavery,11. For Slavery,0,0,0,0,0,0,0,0,0,0,0,0,0,0
Manipur,2010,Kidnap - For Slavery,11. For Slavery,1,0,3,0,0,3,0,10,1,6,0,0,7,0
Meghalaya,2010,Kidnap - For Slavery,11. For Slavery,0,0,0,0,0,0,0,0,0,0,0,0,0,0
Mizoram,2010,Kidnap - For Slavery,11. For Slavery,0,0,0,0,0,0,0,0,0,0,0,0,0,0
Nagaland,2010,Kidnap - For Slavery,11. For Slavery,0,0,0,0,0,0,0,0,0,0,0,0,0,0
Odisha,2010,Kidnap - For Slavery,11. For Slavery,0,0,0,0,0,0,0,0,0,0,0,0,0,0
Tamil Nadu,2010,Kidnap - For Slavery,11. For Slavery,0,0,0,0,0,0,0,0,0,0,0,0,0,0
Uttar Pradesh,2010,Kidnap - For Slavery,11. For Slavery,37,0,0,0,0,0,0,37,17,19,1,0,37,0
West Bengal,2010,Kidnap - For Slavery,11. For Slavery,6,0,0,0,0,1,1,6,5,0,0,0,5,0
Andhra Pradesh,2001,Kidnap - For Unlawful Activity,12. For Unlawful Activity,164,6,52,5,0,63,0,168,22,54,26,2,105,1
Arunachal Pradesh,2001,Kidnap - For Unlawful Activity,12. For Unlawful Activity,6,0,2,0,0,2,0,6,0,4,0,0,4,0
Assam,2001,Kidnap - For Unlawful Activity,12. For Unlawful Activity,54,4,2,0,0,6,0,54,22,17,9,0,48,0
Bihar,2001,Kidnap - For Unlawful Activity,12. For Unlawful Activity,18,0,6,0,0,6,0,18,0,7,3,0,12,2
Chandigarh,2001,Kidnap - For Unlawful Activity,12. For Unlawful Activity,0,0,0,0,0,0,0,0,0,0,0,0,0,0
Chhattisgarh,2001,Kidnap - For Unlawful Activity,12. For Unlawful Activity,0,0,0,0,0,0,0,0,0,0,0,0,0,0
Delhi,2001,Kidnap - For Unlawful Activity,12. For Unlawful Activity,14,10,2,1,0,13,0,16,2,0,1,0,3,0
Gujarat,2001,Kidnap - For Unlawful Activity,12. For Unlawful Activity,3,0,0,0,0,0,0,3,0,0,2,1,3,0
Haryana,2001,Kidnap - For Unlawful Activity,12. For Unlawful Activity,21,0,0,0,1,1,0,21,2,5,9,1,20,3
Himachal Pradesh,2001,Kidnap - For Unlawful Activity,12. For Unlawful Activity,0,0,0,0,0,0,0,0,0,0,0,0,0,0
Jharkhand,2001,Kidnap - For Unlawful Activity,12. For Unlawful Activity,0,0,0,0,0,0,0,0,0,0,0,0,0,0
Karnataka,2001,Kidnap - For Unlawful Activity,12. For Unlawful Activity,59,22,9,3,0,37,3,76,4,16,15,0,39,4
Madhya Pradesh,2001,Kidnap - For Unlawful Activity,12. For Unlawful Activity,5,7,2,3,0,12,0,12,0,0,0,0,0,0
Maharashtra,2001,Kidnap - For Unlawful Activity,12. For Unlawful Activity,47,8,6,1,0,19,4,52,4,13,11,2,33,3
Meghalaya,2001,Kidnap - For Unlawful Activity,12. For Unlawful Activity,0,0,0,0,0,0,0,0,0,0,0,0,0,0
Mizoram,2001,Kidnap - For Unlawful Activity,12. For Unlawful Activity,0,0,0,0,0,0,0,0,0,0,0,0,0,0
Nagaland,2001,Kidnap - For Unlawful Activity,12. For Unlawful Activity,2,0,0,0,0,0,0,5,2,1,2,0,5,0
Odisha,2001,Kidnap - For Unlawful Activity,12. For Unlawful Activity,17,1,0,1,0,2,0,17,6,8,1,0,15,0
Puducherry,2001,Kidnap - For Unlawful Activity,12. For Unlawful Activity,1,0,0,0,0,0,0,3,0,0,2,1,3,0
Punjab,2001,Kidnap - For Unlawful Activity,12. For Unlawful Activity,44,4,0,0,1,5,0,44,9,15,14,1,39,0
Rajasthan,2001,Kidnap - For Unlawful Activity,12. For Unlawful Activity,5,0,0,0,0,0,0,5,0,0,5,0,5,0
Tamil Nadu,2001,Kidnap - For Unlawful Activity,12. For Unlawful Activity,8,0,0,0,0,0,0,8,1,4,1,2,8,0
Uttar Pradesh,2001,Kidnap - For Unlawful Activity,12. For Unlawful Activity,35,0,0,0,0,0,0,29,10,16,3,0,29,0
West Bengal,2001,Kidnap - For Unlawful Activity,12. For Unlawful Activity,23,3,4,0,0,7,0,24,5,6,2,0,17,4
Andhra Pradesh,2002,Kidnap - For Unlawful Activity,12. For Unlawful Activity,108,0,41,5,0,46,0,108,0,45,11,6,62,0
Assam,2002,Kidnap - For Unlawful Activity,12. For Unlawful Activity,69,0,5,0,0,5,0,69,0,43,21,0,64,0
Bihar,2002,Kidnap - For Unlawful Activity,12. For Unlawful Activity,19,0,7,0,0,7,0,15,1,4,3,0,8,0
Chhattisgarh,2002,Kidnap - For Unlawful Activity,12. For Unlawful Activity,1,0,0,0,0,0,0,1,1,0,0,0,1,0
Daman & Diu,2002,Kidnap - For Unlawful Activity,12. For Unlawful Activity,0,0,0,0,0,0,0,0,0,0,0,0,0,0
Delhi,2002,Kidnap - For Unlawful Activity,12. For Unlawful Activity,16,5,0,1,0,7,1,16,3,5,0,0,9,1
Gujarat,2002,Kidnap - For Unlawful Activity,12. For Unlawful Activity,0,0,0,0,0,0,0,0,0,0,0,0,0,0
Haryana,2002,Kidnap - For Unlawful Activity,12. For Unlawful Activity,25,0,2,1,0,6,3,30,3,10,10,0,24,1
Himachal Pradesh,2002,Kidnap - For Unlawful Activity,12. For Unlawful Activity,0,0,0,0,0,0,0,0,0,0,0,0,0,0
Jammu & Kashmir,2002,Kidnap - For Unlawful Activity,12. For Unlawful Activity,0,0,0,0,0,0,0,0,0,0,0,0,0,0
Karnataka,2002,Kidnap - For Unlawful Activity,12. For Unlawful Activity,59,0,43,2,0,45,0,63,0,8,10,0,18,0
Madhya Pradesh,2002,Kidnap - For Unlawful Activity,12. For Unlawful Activity,21,8,2,1,0,11,0,21,1,1,5,0,10,3
Maharashtra,2002,Kidnap - For Unlawful Activity,12. For Unlawful Activity,20,4,4,0,0,8,0,19,0,3,7,0,11,1
Meghalaya,2002,Kidnap - For Unlawful Activity,12. For Unlawful Activity,0,0,0,0,0,0,0,0,0,0,0,0,0,0
Nagaland,2002,Kidnap - For Unlawful Activity,12. For Unlawful Activity,4,0,0,0,0,0,0,4,0,0,4,0,4,0
Odisha,2002,Kidnap - For Unlawful Activity,12. For Unlawful Activity,9,0,0,0,0,0,0,9,0,9,0,0,9,0
Puducherry,2002,Kidnap - For Unlawful Activity,12. For Unlawful Activity,4,1,0,0,0,1,0,4,0,1,2,0,3,0
Punjab,2002,Kidnap - For Unlawful Activity,12. For Unlawful Activity,49,0,1,2,0,5,2,49,0,23,19,1,44,1
Sikkim,2002,Kidnap - For Unlawful Activity,12. For Unlawful Activity,3,0,0,3,0,3,0,3,0,0,0,0,0,0
Tamil Nadu,2002,Kidnap - For Unlawful Activity,12. For Unlawful Activity,6,0,0,1,0,1,0,73,53,16,2,1,72,0
Tripura,2002,Kidnap - For Unlawful Activity,12. For Unlawful Activity,0,0,0,0,0,0,0,0,0,0,0,0,0,0
Uttar Pradesh,2002,Kidnap - For Unlawful Activity,12. For Unlawful Activity,7,0,1,0,0,1,0,7,2,4,0,0,6,0
Uttarakhand,2002,Kidnap - For Unlawful Activity,12. For Unlawful Activity,5,0,3,0,0,3,0,5,0,2,0,0,2,0
West Bengal,2002,Kidnap - For Unlawful Activity,12. For Unlawful Activity,19,2,3,1,1,9,2,23,4,3,6,0,14,1
Andhra Pradesh,2003,Kidnap - For Unlawful Activity,12. For Unlawful Activity,319,8,87,56,0,151,0,343,25,112,55,0,192,0
Arunachal Pradesh,2003,Kidnap - For Unlawful Activity,12. For Unlawful Activity,0,0,0,0,0,0,0,0,0,0,0,0,0,0
Assam,2003,Kidnap - For Unlawful Activity,12. For Unlawful Activity,75,0,6,0,0,6,0,75,0,42,27,0,69,0
Bihar,2003,Kidnap - For Unlawful Activity,12. For Unlawful Activity,49,0,7,0,0,7,0,49,0,25,17,0,42,0
Chandigarh,2003,Kidnap - For Unlawful Activity,12. For Unlawful Activity,0,0,0,0,0,0,0,0,0,0,0,0,0,0
Chhattisgarh,2003,Kidnap - For Unlawful Activity,12. For Unlawful Activity,1,1,0,0,0,1,0,1,0,0,0,0,0,0
Daman & Diu,2003,Kidnap - For Unlawful Activity,12. For Unlawful Activity,0,0,0,0,0,0,0,0,0,0,0,0,0,0
Delhi,2003,Kidnap - For Unlawful Activity,12. For Unlawful Activity,46,19,10,1,0,33,3,46,4,4,2,0,13,3
Gujarat,2003,Kidnap - For Unlawful Activity,12. For Unlawful Activity,16,1,0,0,0,1,0,16,0,11,4,0,15,0
Haryana,2003,Kidnap - For Unlawful Activity,12. For Unlawful Activity,15,0,0,1,0,1,0,22,0,11,10,0,21,0
Himachal Pradesh,2003,Kidnap - For Unlawful Activity,12. For Unlawful Activity,0,0,0,0,0,0,0,0,0,0,0,0,0,0
Jammu & Kashmir,2003,Kidnap - For Unlawful Activity,12. For Unlawful Activity,0,0,0,0,0,0,0,0,0,0,0,0,0,0
Jharkhand,2003,Kidnap - For Unlawful Activity,12. For Unlawful Activity,13,0,0,0,0,0,0,13,1,12,0,0,13,0
Karnataka,2003,Kidnap - For Unlawful Activity,12. For Unlawful Activity,40,8,17,0,0,25,0,40,4,3,7,0,15,1
Kerala,2003,Kidnap - For Unlawful Activity,12. For Unlawful Activity,13,1,1,1,0,3,0,13,1,5,3,0,10,1
Madhya Pradesh,2003,Kidnap - For Unlawful Activity,12. For Unlawful Activity,23,4,4,0,0,8,0,23,4,9,1,1,15,0
Maharashtra,2003,Kidnap - For Unlawful Activity,12. For Unlawful Activity,24,1,2,0,0,4,1,24,1,2,16,0,20,1
Meghalaya,2003,Kidnap - For Unlawful Activity,12. For Unlawful Activity,0,0,0,0,0,0,0,0,0,0,0,0,0,0
Nagaland,2003,Kidnap - For Unlawful Activity,12. For Unlawful Activity,0,0,0,0,0,0,0,0,0,0,0,0,0,0
Odisha,2003,Kidnap - For Unlawful Activity,12. For Unlawful Activity,11,0,3,0,0,3,0,11,1,4,2,0,8,1
Punjab,2003,Kidnap - For Unlawful Activity,12. For Unlawful Activity,0,0,0,0,0,0,0,0,0,0,0,0,0,0
Tamil Nadu,2003,Kidnap - For Unlawful Activity,12. For Unlawful Activity,28,1,0,4,1,7,1,35,3,9,10,5,28,1
Uttar Pradesh,2003,Kidnap - For Unlawful Activity,12. For Unlawful Activity,5,0,5,0,0,5,0,5,0,0,0,0,0,0
Uttarakhand,2003,Kidnap - For Unlawful Activity,12. For Unlawful Activity,2,0,2,0,0,2,0,2,0,0,0,0,0,0
West Bengal,2003,Kidnap - For Unlawful Activity,12. For Unlawful Activity,27,5,5,0,0,10,0,29,1,11,4,1,19,2
Andhra Pradesh,2004,Kidnap - For Unlawful Activity,12. For Unlawful Activity,174,32,54,13,0,99,0,174,14,34,21,6,75,0
Arunachal Pradesh,2004,Kidnap - For Unlawful Activity,12. For Unlawful Activity,0,0,0,0,0,0,0,0,0,0,0,0,0,0
Assam,2004,Kidnap - For Unlawful Activity,12. For Unlawful Activity,103,0,0,0,0,0,0,103,0,66,36,1,103,0
Bihar,2004,Kidnap - For Unlawful Activity,12. For Unlawful Activity,158,0,0,0,0,0,0,158,0,89,64,5,158,0
Chhattisgarh,2004,Kidnap - For Unlawful Activity,12. For Unlawful Activity,0,0,0,0,0,0,0,0,0,0,0,0,0,0
Delhi,2004,Kidnap - For Unlawful Activity,12. For Unlawful Activity,14,11,1,0,0,14,2,15,0,0,0,1,1,0
Gujarat,2004,Kidnap - For Unlawful Activity,12. For Unlawful Activity,5,0,0,0,0,0,0,5,1,3,1,0,5,0
Haryana,2004,Kidnap - For Unlawful Activity,12. For Unlawful Activity,20,0,1,0,0,1,0,20,0,16,3,0,19,0
Himachal Pradesh,2004,Kidnap - For Unlawful Activity,12. For Unlawful Activity,0,0,0,0,0,0,0,0,0,0,0,0,0,0
Jammu & Kashmir,2004,Kidnap - For Unlawful Activity,12. For Unlawful Activity,9,0,2,0,0,2,0,9,0,7,0,0,7,0
Jharkhand,2004,Kidnap - For Unlawful Activity,12. For Unlawful Activity,13,0,0,0,0,0,0,13,1,12,0,0,13,0
Karnataka,2004,Kidnap - For Unlawful Activity,12. For Unlawful Activity,2,0,1,1,0,2,0,2,0,0,0,0,0,0
Kerala,2004,Kidnap - For Unlawful Activity,12. For Unlawful Activity,16,4,0,1,0,5,0,16,1,5,4,0,11,1
Madhya Pradesh,2004,Kidnap - For Unlawful Activity,12. For Unlawful Activity,5,0,0,0,0,0,0,5,0,4,1,0,5,0
Maharashtra,2004,Kidnap - For Unlawful Activity,12. For Unlawful Activity,31,7,2,1,0,12,2,32,0,5,13,1,20,1
Manipur,2004,Kidnap - For Unlawful Activity,12. For Unlawful Activity,38,0,0,0,0,0,0,48,0,14,27,7,48,0
Meghalaya,2004,Kidnap - For Unlawful Activity,12. For Unlawful Activity,0,0,0,0,0,0,0,0,0,0,0,0,0,0
Mizoram,2004,Kidnap - For Unlawful Activity,12. For Unlawful Activity,0,0,0,0,0,0,0,0,0,0,0,0,0,0
Nagaland,2004,Kidnap - For Unlawful Activity,12. For Unlawful Activity,0,0,0,0,0,0,0,0,0,0,0,0,0,0
Odisha,2004,Kidnap - For Unlawful Activity,12. For Unlawful Activity,16,5,2,0,0,7,0,9,2,0,0,0,2,0
Puducherry,2004,Kidnap - For Unlawful Activity,12. For Unlawful Activity,2,0,0,0,0,0,0,2,0,0,1,1,2,0
Punjab,2004,Kidnap - For Unlawful Activity,12. For Unlawful Activity,0,0,0,0,0,0,0,0,0,0,0,0,0,0
Tamil Nadu,2004,Kidnap - For Unlawful Activity,12. For Unlawful Activity,10,3,1,0,0,4,0,10,0,4,2,0,6,0
Tripura,2004,Kidnap - For Unlawful Activity,12. For Unlawful Activity,0,0,0,0,0,0,0,0,0,0,0,0,0,0
Uttar Pradesh,2004,Kidnap - For Unlawful Activity,12. For Unlawful Activity,3,0,3,0,0,3,0,3,0,0,0,0,0,0
Uttarakhand,2004,Kidnap - For Unlawful Activity,12. For Unlawful Activity,0,0,0,0,0,0,0,0,0,0,0,0,0,0
West Bengal,2004,Kidnap - For Unlawful Activity,12. For Unlawful Activity,30,0,8,2,0,10,0,28,2,10,3,0,18,3
Andhra Pradesh,2005,Kidnap - For Unlawful Activity,12. For Unlawful Activity,168,0,59,4,0,63,0,173,3,59,46,0,110,2
Arunachal Pradesh,2005,Kidnap - For Unlawful Activity,12. For Unlawful Activity,0,0,0,0,0,0,0,0,0,0,0,0,0,0
Assam,2005,Kidnap - For Unlawful Activity,12. For Unlawful Activity,89,0,0,0,0,0,0,89,0,69,20,0,89,0
Bihar,2005,Kidnap - For Unlawful Activity,12. For Unlawful Activity,139,0,0,0,0,0,0,139,0,124,14,0,139,1
Chandigarh,2005,Kidnap - For Unlawful Activity,12. For Unlawful Activity,0,0,0,0,0,0,0,0,0,0,0,0,0,0
Chhattisgarh,2005,Kidnap - For Unlawful Activity,12. For Unlawful Activity,0,0,0,0,0,0,0,0,0,0,0,0,0,0
Delhi,2005,Kidnap - For Unlawful Activity,12. For Unlawful Activity,5,0,3,1,0,4,0,5,0,0,0,0,1,1
Gujarat,2005,Kidnap - For Unlawful Activity,12. For Unlawful Activity,18,0,2,0,0,2,0,18,1,1,6,3,16,5
Haryana,2005,Kidnap - For Unlawful Activity,12. For Unlawful Activity,29,4,10,0,0,16,2,37,2,6,10,0,21,3
Himachal Pradesh,2005,Kidnap - For Unlawful Activity,12. For Unlawful Activity,0,0,0,0,0,0,0,0,0,0,0,0,0,0
Jammu & Kashmir,2005,Kidnap - For Unlawful Activity,12. For Unlawful Activity,5,0,0,0,0,0,0,5,0,4,1,0,5,0
Jharkhand,2005,Kidnap - For Unlawful Activity,12. For Unlawful Activity,18,0,0,0,0,0,0,18,1,12,5,0,18,0
Karnataka,2005,Kidnap - For Unlawful Activity,12. For Unlawful Activity,35,0,19,2,0,21,0,38,0,7,9,1,17,0
Kerala,2005,Kidnap - For Unlawful Activity,12. For Unlawful Activity,1,0,0,0,0,1,1,1,0,0,0,0,0,0
Madhya Pradesh,2005,Kidnap - For Unlawful Activity,12. For Unlawful Activity,11,2,0,0,0,3,1,11,2,3,2,0,8,1
Maharashtra,2005,Kidnap - For Unlawful Activity,12. For Unlawful Activity,29,5,1,1,0,10,3,31,2,4,14,1,21,0
Manipur,2005,Kidnap - For Unlawful Activity,12. For Unlawful Activity,0,0,0,0,0,0,0,0,0,0,0,0,0,0
Meghalaya,2005,Kidnap - For Unlawful Activity,12. For Unlawful Activity,1,0,0,0,0,0,0,1,0,0,1,0,1,0
Mizoram,2005,Kidnap - For Unlawful Activity,12. For Unlawful Activity,0,0,0,0,0,0,0,0,0,0,0,0,0,0
Nagaland,2005,Kidnap - For Unlawful Activity,12. For Unlawful Activity,3,0,0,0,0,0,0,3,0,0,2,1,3,0
Odisha,2005,Kidnap - For Unlawful Activity,12. For Unlawful Activity,24,0,4,0,0,4,0,24,7,8,4,0,20,1
Punjab,2005,Kidnap - For Unlawful Activity,12. For Unlawful Activity,0,0,0,0,0,1,1,2,0,1,0,0,1,0
Rajasthan,2005,Kidnap - For Unlawful Activity,12. For Unlawful Activity,15,0,7,2,0,9,0,15,1,4,1,0,6,0
Tamil Nadu,2005,Kidnap - For Unlawful Activity,12. For Unlawful Activity,6,0,0,0,0,0,0,6,1,2,3,0,6,0
Tripura,2005,Kidnap - For Unlawful Activity,12. For Unlawful Activity,0,0,0,0,0,0,0,0,0,0,0,0,0,0
Uttar Pradesh,2005,Kidnap - For Unlawful Activity,12. For Unlawful Activity,0,0,0,0,0,0,0,0,0,0,0,0,0,0
West Bengal,2005,Kidnap - For Unlawful Activity,12. For Unlawful Activity,13,1,0,0,0,4,3,13,0,3,4,1,9,1
Andhra Pradesh,2006,Kidnap - For Unlawful Activity,12. For Unlawful Activity,96,0,6,10,0,16,0,96,0,52,28,0,80,0
Arunachal Pradesh,2006,Kidnap - For Unlawful Activity,12. For Unlawful Activity,0,0,0,0,0,0,0,0,0,0,0,0,0,0
Assam,2006,Kidnap - For Unlawful Activity,12. For Unlawful Activity,126,0,0,0,0,0,0,126,0,100,26,0,126,0
Bihar,2006,Kidnap - For Unlawful Activity,12. For Unlawful Activity,57,0,20,12,0,32,0,57,0,20,5,0,25,0
Chhattisgarh,2006,Kidnap - For Unlawful Activity,12. For Unlawful Activity,0,0,0,0,0,0,0,0,0,0,0,0,0,0
Delhi,2006,Kidnap - For Unlawful Activity,12. For Unlawful Activity,3,0,0,0,0,1,1,3,0,0,0,0,2,2
Gujarat,2006,Kidnap - For Unlawful Activity,12. For Unlawful Activity,0,0,0,0,0,0,0,0,0,0,0,0,0,0
Haryana,2006,Kidnap - For Unlawful Activity,12. For Unlawful Activity,21,2,4,0,0,7,1,22,1,1,6,5,15,2
Himachal Pradesh,2006,Kidnap - For Unlawful Activity,12. For Unlawful Activity,0,0,0,0,0,0,0,0,0,0,0,0,0,0
Jammu & Kashmir,2006,Kidnap - For Unlawful Activity,12. For Unlawful Activity,8,0,0,0,0,0,0,8,0,8,0,0,8,0
Jharkhand,2006,Kidnap - For Unlawful Activity,12. For Unlawful Activity,4,0,0,0,0,0,0,10,0,10,0,0,10,0
Karnataka,2006,Kidnap - For Unlawful Activity,12. For Unlawful Activity,46,0,27,0,0,27,0,46,0,10,5,4,19,0
Madhya Pradesh,2006,Kidnap - For Unlawful Activity,12. For Unlawful Activity,9,0,0,0,0,1,1,9,3,2,2,0,8,1
Maharashtra,2006,Kidnap - For Unlawful Activity,12. For Unlawful Activity,26,10,0,1,0,13,2,28,0,7,8,0,15,0
Manipur,2006,Kidnap - For Unlawful Activity,12. For Unlawful Activity,1,0,0,0,0,0,0,1,0,0,1,0,1,0
Meghalaya,2006,Kidnap - For Unlawful Activity,12. For Unlawful Activity,0,0,0,0,0,0,0,0,0,0,0,0,0,0
Mizoram,2006,Kidnap - For Unlawful Activity,12. For Unlawful Activity,0,0,0,0,0,0,0,0,0,0,0,0,0,0
Nagaland,2006,Kidnap - For Unlawful Activity,12. For Unlawful Activity,0,0,0,0,0,0,0,0,0,0,0,0,0,0
Odisha,2006,Kidnap - For Unlawful Activity,12. For Unlawful Activity,25,2,14,0,0,16,0,25,0,7,2,0,9,0
Tamil Nadu,2006,Kidnap - For Unlawful Activity,12. For Unlawful Activity,15,0,8,1,0,9,0,15,1,3,1,1,6,0
Uttar Pradesh,2006,Kidnap - For Unlawful Activity,12. For Unlawful Activity,0,0,0,0,0,0,0,0,0,0,0,0,0,0
Uttarakhand,2006,Kidnap - For Unlawful Activity,12. For Unlawful Activity,1,0,0,0,0,0,0,1,0,1,0,0,1,0
West Bengal,2006,Kidnap - For Unlawful Activity,12. For Unlawful Activity,110,1,0,0,0,1,0,110,0,105,4,0,109,0
Andhra Pradesh,2007,Kidnap - For Unlawful Activity,12. For Unlawful Activity,95,3,24,1,0,29,1,95,4,43,16,0,66,3
Arunachal Pradesh,2007,Kidnap - For Unlawful Activity,12. For Unlawful Activity,0,0,0,0,0,0,0,0,0,0,0,0,0,0
Assam,2007,Kidnap - For Unlawful Activity,12. For Unlawful Activity,7,0,0,0,0,0,0,7,0,0,7,0,7,0
Bihar,2007,Kidnap - For Unlawful Activity,12. For Unlawful Activity,19,6,0,0,0,11,5,19,1,3,3,1,8,0
Chhattisgarh,2007,Kidnap - For Unlawful Activity,12. For Unlawful Activity,0,0,0,0,0,0,0,0,0,0,0,0,0,0
Delhi,2007,Kidnap - For Unlawful Activity,12. For Unlawful Activity,9,4,0,0,0,5,1,9,2,1,0,0,4,1
Gujarat,2007,Kidnap - For Unlawful Activity,12. For Unlawful Activity,0,0,0,0,0,0,0,0,0,0,0,0,0,0
Haryana,2007,Kidnap - For Unlawful Activity,12. For Unlawful Activity,17,1,3,1,0,6,1,17,1,2,6,1,11,1
Himachal Pradesh,2007,Kidnap - For Unlawful Activity,12. For Unlawful Activity,0,0,0,0,0,0,0,0,0,0,0,0,0,0
Jammu & Kashmir,2007,Kidnap - For Unlawful Activity,12. For Unlawful Activity,4,0,0,0,0,0,0,9,0,5,4,0,9,0
Jharkhand,2007,Kidnap - For Unlawful Activity,12. For Unlawful Activity,43,0,6,0,0,6,0,43,0,32,5,0,37,0
Karnataka,2007,Kidnap - For Unlawful Activity,12. For Unlawful Activity,54,0,32,5,1,38,0,54,0,9,5,2,16,0
Kerala,2007,Kidnap - For Unlawful Activity,12. For Unlawful Activity,10,1,2,1,0,4,0,10,0,2,3,1,6,0
Madhya Pradesh,2007,Kidnap - For Unlawful Activity,12. For Unlawful Activity,9,0,0,0,0,0,0,9,0,2,1,0,9,6
Maharashtra,2007,Kidnap - For Unlawful Activity,12. For Unlawful Activity,26,4,0,0,1,5,0,26,4,4,11,0,21,2
Manipur,2007,Kidnap - For Unlawful Activity,12. For Unlawful Activity,2,0,0,0,0,0,0,2,0,0,2,0,2,0
Meghalaya,2007,Kidnap - For Unlawful Activity,12. For Unlawful Activity,0,0,0,0,0,0,0,0,0,0,0,0,0,0
Mizoram,2007,Kidnap - For Unlawful Activity,12. For Unlawful Activity,0,0,0,0,0,0,0,0,0,0,0,0,0,0
Nagaland,2007,Kidnap - For Unlawful Activity,12. For Unlawful Activity,0,0,0,0,0,0,0,0,0,0,0,0,0,0
Odisha,2007,Kidnap - For Unlawful Activity,12. For Unlawful Activity,30,10,5,10,0,25,0,30,5,0,0,0,5,0
Puducherry,2007,Kidnap - For Unlawful Activity,12. For Unlawful Activity,5,0,0,0,0,1,1,5,0,2,1,0,4,1
Sikkim,2007,Kidnap - For Unlawful Activity,12. For Unlawful Activity,1,1,0,0,0,1,0,1,0,0,0,0,0,0
Tamil Nadu,2007,Kidnap - For Unlawful Activity,12. For Unlawful Activity,23,0,1,0,0,1,0,23,0,7,14,1,22,0
Uttarakhand,2007,Kidnap - For Unlawful Activity,12. For Unlawful Activity,3,0,1,2,0,3,0,3,0,0,0,0,0,0
West Bengal,2007,Kidnap - For Unlawful Activity,12. For Unlawful Activity,51,5,23,2,0,34,4,51,3,10,2,0,17,2
Andhra Pradesh,2008,Kidnap - For Unlawful Activity,12. For Unlawful Activity,80,3,23,1,1,29,1,85,4,30,16,4,56,2
Arunachal Pradesh,2008,Kidnap - For Unlawful Activity,12. For Unlawful Activity,3,0,0,0,0,0,0,3,0,2,1,0,3,0
Assam,2008,Kidnap - For Unlawful Activity,12. For Unlawful Activity,6,0,0,0,0,0,0,6,0,3,2,1,6,0
Bihar,2008,Kidnap - For Unlawful Activity,12. For Unlawful Activity,229,15,3,0,0,18,0,242,64,119,40,0,224,1
Chhattisgarh,2008,Kidnap - For Unlawful Activity,12. For Unlawful Activity,1,0,1,0,0,1,0,1,0,0,0,0,0,0
Delhi,2008,Kidnap - For Unlawful Activity,12. For Unlawful Activity,24,6,1,0,0,8,1,25,7,6,0,0,17,4
Gujarat,2008,Kidnap - For Unlawful Activity,12. For Unlawful Activity,0,0,0,0,0,0,0,0,0,0,0,0,0,0
Haryana,2008,Kidnap - For Unlawful Activity,12. For Unlawful Activity,18,1,3,0,0,5,1,18,1,8,3,0,13,1
Himachal Pradesh,2008,Kidnap - For Unlawful Activity,12. For Unlawful Activity,0,0,0,0,0,0,0,0,0,0,0,0,0,0
Jammu & Kashmir,2008,Kidnap - For Unlawful Activity,12. For Unlawful Activity,5,0,0,0,0,0,0,9,0,8,1,0,9,0
Jharkhand,2008,Kidnap - For Unlawful Activity,12. For Unlawful Activity,2,0,0,0,0,0,0,2,0,2,0,0,2,0
Karnataka,2008,Kidnap - For Unlawful Activity,12. For Unlawful Activity,48,0,29,1,1,31,0,48,0,10,6,1,17,0
Kerala,2008,Kidnap - For Unlawful Activity,12. For Unlawful Activity,11,0,2,1,0,3,0,11,1,4,3,0,8,0
Madhya Pradesh,2008,Kidnap - For Unlawful Activity,12. For Unlawful Activity,16,4,5,0,0,9,0,16,0,2,5,0,7,0
Maharashtra,2008,Kidnap - For Unlawful Activity,12. For Unlawful Activity,30,3,3,0,0,6,0,30,2,12,10,0,24,0
Manipur,2008,Kidnap - For Unlawful Activity,12. For Unlawful Activity,7,2,0,0,0,2,0,10,6,0,0,0,8,2
Meghalaya,2008,Kidnap - For Unlawful Activity,12. For Unlawful Activity,0,0,0,0,0,0,0,0,0,0,0,0,0,0
Mizoram,2008,Kidnap - For Unlawful Activity,12. For Unlawful Activity,0,0,0,0,0,0,0,0,0,0,0,0,0,0
Nagaland,2008,Kidnap - For Unlawful Activity,12. For Unlawful Activity,1,0,0,0,0,0,0,1,0,0,1,0,1,0
Odisha,2008,Kidnap - For Unlawful Activity,12. For Unlawful Activity,45,0,21,2,1,24,0,45,1,5,15,0,21,0
Puducherry,2008,Kidnap - For Unlawful Activity,12. For Unlawful Activity,4,0,0,0,0,0,0,4,1,1,1,1,4,0
Rajasthan,2008,Kidnap - For Unlawful Activity,12. For Unlawful Activity,0,0,0,0,0,0,0,0,0,0,0,0,0,0
Tamil Nadu,2008,Kidnap - For Unlawful Activity,12. For Unlawful Activity,17,0,4,0,0,4,0,17,0,0,11,2,13,0
West Bengal,2008,Kidnap - For Unlawful Activity,12. For Unlawful Activity,26,4,10,0,0,14,0,27,0,12,1,0,13,0
Andhra Pradesh,2009,Kidnap - For Unlawful Activity,12. For Unlawful Activity,93,6,21,15,0,43,1,93,8,25,9,6,50,2
Arunachal Pradesh,2009,Kidnap - For Unlawful Activity,12. For Unlawful Activity,0,0,0,0,0,0,0,0,0,0,0,0,0,0
Assam,2009,Kidnap - For Unlawful Activity,12. For Unlawful Activity,16,0,0,0,0,0,0,16,0,8,8,0,16,0
Bihar,2009,Kidnap - For Unlawful Activity,12. For Unlawful Activity,379,7,0,0,0,12,5,379,59,241,56,0,367,11
Chandigarh,2009,Kidnap - For Unlawful Activity,12. For Unlawful Activity,0,0,0,0,0,0,0,0,0,0,0,0,0,0
Chhattisgarh,2009,Kidnap - For Unlawful Activity,12. For Unlawful Activity,0,0,0,0,0,0,0,0,0,0,0,0,0,0
Delhi,2009,Kidnap - For Unlawful Activity,12. For Unlawful Activity,9,4,0,1,0,6,1,9,2,1,0,0,3,0
Gujarat,2009,Kidnap - For Unlawful Activity,12. For Unlawful Activity,49,1,0,0,0,1,0,49,30,13,5,0,48,0
Haryana,2009,Kidnap - For Unlawful Activity,12. For Unlawful Activity,25,0,1,1,0,5,3,25,2,7,8,1,20,2
Himachal Pradesh,2009,Kidnap - For Unlawful Activity,12. For Unlawful Activity,0,0,0,0,0,0,0,0,0,0,0,0,0,0
Jammu & Kashmir,2009,Kidnap - For Unlawful Activity,12. For Unlawful Activity,1,0,1,0,0,1,0,1,0,0,0,0,0,0
Karnataka,2009,Kidnap - For Unlawful Activity,12. For Unlawful Activity,49,12,26,0,0,41,3,49,2,2,2,1,8,1
Kerala,2009,Kidnap - For Unlawful Activity,12. For Unlawful Activity,11,1,0,0,0,1,0,11,1,7,2,0,10,0
Madhya Pradesh,2009,Kidnap - For Unlawful Activity,12. For Unlawful Activity,12,10,1,0,0,11,0,12,0,0,1,0,1,0
Maharashtra,2009,Kidnap - For Unlawful Activity,12. For Unlawful Activity,22,1,1,0,0,2,0,22,0,2,15,3,20,0
Manipur,2009,Kidnap - For Unlawful Activity,12. For Unlawful Activity,0,0,0,0,0,0,0,0,0,0,0,0,0,0
Meghalaya,2009,Kidnap - For Unlawful Activity,12. For Unlawful Activity,0,0,0,0,0,0,0,0,0,0,0,0,0,0
Nagaland,2009,Kidnap - For Unlawful Activity,12. For Unlawful Activity,0,0,0,0,0,0,0,0,0,0,0,0,0,0
Odisha,2009,Kidnap - For Unlawful Activity,12. For Unlawful Activity,29,4,20,0,0,25,1,30,1,4,0,0,5,0
Puducherry,2009,Kidnap - For Unlawful Activity,12. For Unlawful Activity,2,0,0,0,0,0,0,2,0,1,1,0,2,0
Punjab,2009,Kidnap - For Unlawful Activity,12. For Unlawful Activity,5,0,0,0,0,0,0,5,1,2,2,0,5,0
Rajasthan,2009,Kidnap - For Unlawful Activity,12. For Unlawful Activity,7,0,0,0,0,0,0,7,0,5,2,0,7,0
Sikkim,2009,Kidnap - For Unlawful Activity,12. For Unlawful Activity,2,1,1,0,0,2,0,2,0,0,0,0,0,0
Tamil Nadu,2009,Kidnap - For Unlawful Activity,12. For Unlawful Activity,20,6,12,0,0,18,0,21,2,1,0,0,3,0
West Bengal,2009,Kidnap - For Unlawful Activity,12. For Unlawful Activity,86,11,27,1,0,44,5,86,7,22,3,5,42,5
Andhra Pradesh,2010,Kidnap - For Unlawful Activity,12. For Unlawful Activity,104,23,11,3,0,37,0,104,1,44,20,0,67,2
Arunachal Pradesh,2010,Kidnap - For Unlawful Activity,12. For Unlawful Activity,0,0,0,0,0,0,0,0,0,0,0,0,0,0
Assam,2010,Kidnap - For Unlawful Activity,12. For Unlawful Activity,29,0,0,0,0,0,0,29,0,18,11,0,29,0
Bihar,2010,Kidnap - For Unlawful Activity,12. For Unlawful Activity,250,1,1,1,0,4,1,254,67,152,23,0,250,8
Chhattisgarh,2010,Kidnap - For Unlawful Activity,12. For Unlawful Activity,0,0,0,0,0,0,0,0,0,0,0,0,0,0
Delhi,2010,Kidnap - For Unlawful Activity,12. For Unlawful Activity,10,7,0,0,0,8,1,10,2,0,0,0,2,0
Goa,2010,Kidnap - For Unlawful Activity,12. For Unlawful Activity,1,1,0,0,0,1,0,1,0,0,0,0,0,0
Gujarat,2010,Kidnap - For Unlawful Activity,12. For Unlawful Activity,25,0,0,0,0,0,0,25,5,14,6,0,25,0
Haryana,2010,Kidnap - For Unlawful Activity,12. For Unlawful Activity,42,8,1,0,0,10,1,42,6,16,7,0,32,3
Himachal Pradesh,2010,Kidnap - For Unlawful Activity,12. For Unlawful Activity,0,0,0,0,0,0,0,0,0,0,0,0,0,0
Jammu & Kashmir,2010,Kidnap - For Unlawful Activity,12. For Unlawful Activity,1,0,0,0,0,0,0,1,0,1,0,0,1,0
Jharkhand,2010,Kidnap - For Unlawful Activity,12. For Unlawful Activity,25,2,3,0,0,5,0,25,0,11,9,0,20,0
Karnataka,2010,Kidnap - For Unlawful Activity,12. For Unlawful Activity,75,0,54,3,0,57,0,75,0,10,7,1,18,0
Kerala,2010,Kidnap - For Unlawful Activity,12. For Unlawful Activity,0,0,0,0,0,0,0,0,0,0,0,0,0,0
Madhya Pradesh,2010,Kidnap - For Unlawful Activity,12. For Unlawful Activity,1,0,1,0,0,1,0,1,0,0,0,0,0,0
Maharashtra,2010,Kidnap - For Unlawful Activity,12. For Unlawful Activity,17,2,0,0,0,2,0,17,0,1,14,0,15,0
Manipur,2010,Kidnap - For Unlawful Activity,12. For Unlawful Activity,1,0,0,0,0,0,0,1,1,0,0,0,1,0
Meghalaya,2010,Kidnap - For Unlawful Activity,12. For Unlawful Activity,0,0,0,0,0,0,0,0,0,0,0,0,0,0
Mizoram,2010,Kidnap - For Unlawful Activity,12. For Unlawful Activity,0,0,0,0,0,0,0,0,0,0,0,0,0,0
Nagaland,2010,Kidnap - For Unlawful Activity,12. For Unlawful Activity,0,0,0,0,0,0,0,0,0,0,0,0,0,0
Odisha,2010,Kidnap - For Unlawful Activity,12. For Unlawful Activity,13,0,5,0,0,5,0,13,0,6,2,0,8,0
Puducherry,2010,Kidnap - For Unlawful Activity,12. For Unlawful Activity,4,1,1,0,0,2,0,5,0,0,1,0,3,2
Rajasthan,2010,Kidnap - For Unlawful Activity,12. For Unlawful Activity,67,0,24,17,3,44,0,67,0,13,5,5,23,0
Tamil Nadu,2010,Kidnap - For Unlawful Activity,12. For Unlawful Activity,24,1,18,4,1,24,0,24,0,0,0,0,0,0
West Bengal,2010,Kidnap - For Unlawful Activity,12. For Unlawful Activity,155,6,62,19,2,91,2,169,4,46,25,1,78,2
Andhra Pradesh,2001,Kidnap - For Other Purposes,13. Other Purposes,495,49,156,11,0,219,3,495,37,145,82,3,276,9
Arunachal Pradesh,2001,Kidnap - For Other Purposes,13. Other Purposes,24,0,3,2,0,5,0,24,0,9,10,0,19,0
Assam,2001,Kidnap - For Other Purposes,13. Other Purposes,428,92,63,27,52,234,0,428,73,67,54,0,194,0
Bihar,2001,Kidnap - For Other Purposes,13. Other Purposes,848,8,27,1,0,36,0,848,80,451,260,21,812,0
Chandigarh,2001,Kidnap - For Other Purposes,13. Other Purposes,13,1,4,0,0,7,2,13,4,1,1,0,6,0
Chhattisgarh,2001,Kidnap - For Other Purposes,13. Other Purposes,36,3,0,0,0,4,1,36,1,12,10,1,32,8
Dadra & Nagar Haveli,2001,Kidnap - For Other Purposes,13. Other Purposes,2,1,0,0,0,1,0,3,0,2,0,0,2,0
Delhi,2001,Kidnap - For Other Purposes,13. Other Purposes,1124,208,295,59,0,653,91,1252,173,208,66,6,599,146
Goa,2001,Kidnap - For Other Purposes,13. Other Purposes,4,0,0,0,0,1,1,4,1,1,0,1,3,0
Gujarat,2001,Kidnap - For Other Purposes,13. Other Purposes,150,37,20,7,4,76,8,167,7,39,32,5,91,8
Haryana,2001,Kidnap - For Other Purposes,13. Other Purposes,119,7,8,10,4,30,1,123,15,37,34,2,93,5
Himachal Pradesh,2001,Kidnap - For Other Purposes,13. Other Purposes,30,7,8,2,0,17,0,32,0,2,10,3,15,0
Jammu & Kashmir,2001,Kidnap - For Other Purposes,13. Other Purposes,142,17,11,17,0,45,0,142,8,37,50,2,97,0
Jharkhand,2001,Kidnap - For Other Purposes,13. Other Purposes,183,5,28,26,0,59,0,174,51,46,18,0,115,0
Karnataka,2001,Kidnap - For Other Purposes,13. Other Purposes,332,40,75,25,0,147,7,334,45,76,44,6,187,16
Kerala,2001,Kidnap - For Other Purposes,13. Other Purposes,107,21,10,2,2,37,2,107,14,13,36,5,70,2
Madhya Pradesh,2001,Kidnap - For Other Purposes,13. Other Purposes,331,139,57,22,2,226,6,358,38,49,35,7,132,3
Maharashtra,2001,Kidnap - For Other Purposes,13. Other Purposes,333,46,54,15,3,136,18,339,48,53,73,6,203,23
Manipur,2001,Kidnap - For Other Purposes,13. Other Purposes,32,0,0,0,0,0,0,32,3,13,13,3,32,0
Meghalaya,2001,Kidnap - For Other Purposes,13. Other Purposes,2,0,0,0,0,0,0,2,0,0,2,0,2,0
Mizoram,2001,Kidnap - For Other Purposes,13. Other Purposes,0,0,0,0,0,0,0,0,0,0,0,0,0,0
Nagaland,2001,Kidnap - For Other Purposes,13. Other Purposes,11,0,0,0,0,0,0,11,0,11,0,0,11,0
Odisha,2001,Kidnap - For Other Purposes,13. Other Purposes,119,32,23,0,0,55,0,114,27,27,5,0,59,0
Punjab,2001,Kidnap - For Other Purposes,13. Other Purposes,223,82,48,3,0,133,0,223,16,46,24,3,90,1
Rajasthan,2001,Kidnap - For Other Purposes,13. Other Purposes,1054,134,347,72,8,568,7,1054,101,231,142,10,486,2
Tamil Nadu,2001,Kidnap - For Other Purposes,13. Other Purposes,469,35,153,50,0,241,3,469,65,44,90,29,228,0
Tripura,2001,Kidnap - For Other Purposes,13. Other Purposes,7,21,0,0,0,21,0,60,39,0,0,0,39,0
Uttar Pradesh,2001,Kidnap - For Other Purposes,13. Other Purposes,883,73,148,45,6,277,5,857,87,289,174,28,580,2
Uttarakhand,2001,Kidnap - For Other Purposes,13. Other Purposes,88,2,34,0,0,36,0,88,3,31,18,0,52,0
West Bengal,2001,Kidnap - For Other Purposes,13. Other Purposes,419,160,141,9,0,316,6,419,56,36,6,0,103,5
Andaman & Nicobar Islands,2002,Kidnap - For Other Purposes,13. Other Purposes,1,0,0,0,0,0,0,1,0,0,1,0,1,0
Andhra Pradesh,2002,Kidnap - For Other Purposes,13. Other Purposes,589,9,185,27,9,234,4,589,3,238,108,4,355,2
Arunachal Pradesh,2002,Kidnap - For Other Purposes,13. Other Purposes,20,0,1,0,0,1,0,20,0,19,0,0,19,0
Assam,2002,Kidnap - For Other Purposes,13. Other Purposes,393,0,196,44,0,240,0,393,0,89,64,0,153,0
Bihar,2002,Kidnap - For Other Purposes,13. Other Purposes,1108,0,36,16,1,53,0,1287,0,875,339,19,1234,1
Chandigarh,2002,Kidnap - For Other Purposes,13. Other Purposes,11,2,1,1,0,5,1,13,0,1,5,0,8,2
Chhattisgarh,2002,Kidnap - For Other Purposes,13. Other Purposes,30,11,0,0,0,13,2,30,1,11,3,2,17,0
Dadra & Nagar Haveli,2002,Kidnap - For Other Purposes,13. Other Purposes,4,0,1,0,0,1,0,4,0,2,0,1,3,0
Daman & Diu,2002,Kidnap - For Other Purposes,13. Other Purposes,2,0,1,0,0,1,0,2,0,1,0,0,1,0
Delhi,2002,Kidnap - For Other Purposes,13. Other Purposes,902,14,437,78,0,570,41,956,76,172,71,3,386,64
Goa,2002,Kidnap - For Other Purposes,13. Other Purposes,8,4,0,0,0,4,0,9,1,0,4,0,5,0
Gujarat,2002,Kidnap - For Other Purposes,13. Other Purposes,183,24,37,7,1,77,8,186,14,62,25,2,109,6
Haryana,2002,Kidnap - For Other Purposes,13. Other Purposes,115,4,32,2,0,41,3,120,11,34,29,2,79,3
Himachal Pradesh,2002,Kidnap - For Other Purposes,13. Other Purposes,24,0,8,0,0,9,1,24,1,8,6,0,15,0
Jammu & Kashmir,2002,Kidnap - For Other Purposes,13. Other Purposes,135,0,58,2,0,60,0,135,0,36,39,0,75,0
Jharkhand,2002,Kidnap - For Other Purposes,13. Other Purposes,63,1,13,2,0,16,0,60,7,33,4,0,44,0
Karnataka,2002,Kidnap - For Other Purposes,13. Other Purposes,479,5,230,33,3,271,0,488,5,135,67,10,217,0
Kerala,2002,Kidnap - For Other Purposes,13. Other Purposes,101,17,18,3,0,39,1,114,9,24,30,10,75,2
Madhya Pradesh,2002,Kidnap - For Other Purposes,13. Other Purposes,361,22,127,38,1,196,8,365,15,66,70,8,169,10
Maharashtra,2002,Kidnap - For Other Purposes,13. Other Purposes,335,28,55,18,3,122,18,335,31,95,64,9,213,14
Manipur,2002,Kidnap - For Other Purposes,13. Other Purposes,75,0,0,0,0,0,0,75,0,42,33,0,75,0
Meghalaya,2002,Kidnap - For Other Purposes,13. Other Purposes,7,1,0,0,0,1,0,7,0,4,2,0,6,0
Nagaland,2002,Kidnap - For Other Purposes,13. Other Purposes,23,1,2,1,0,4,0,23,0,5,10,4,19,0
Odisha,2002,Kidnap - For Other Purposes,13. Other Purposes,168,0,102,1,0,103,0,168,0,56,9,0,65,0
Punjab,2002,Kidnap - For Other Purposes,13. Other Purposes,176,2,76,2,0,81,1,178,0,58,31,6,97,2
Rajasthan,2002,Kidnap - For Other Purposes,13. Other Purposes,960,9,339,78,2,429,1,960,7,358,153,12,531,1
Sikkim,2002,Kidnap - For Other Purposes,13. Other Purposes,3,0,3,0,0,3,0,3,0,0,0,0,0,0
Tamil Nadu,2002,Kidnap - For Other Purposes,13. Other Purposes,467,117,100,40,2,262,3,480,34,97,74,7,218,6
Tripura,2002,Kidnap - For Other Purposes,13. Other Purposes,52,0,40,7,0,47,0,52,0,5,0,0,5,0
Uttar Pradesh,2002,Kidnap - For Other Purposes,13. Other Purposes,869,72,128,88,0,289,1,869,65,245,236,32,580,2
Uttarakhand,2002,Kidnap - For Other Purposes,13. Other Purposes,29,0,15,0,0,15,0,29,0,9,5,0,14,0
West Bengal,2002,Kidnap - For Other Purposes,13. Other Purposes,407,3,346,37,0,386,0,407,0,19,2,0,21,0
Andaman & Nicobar Islands,2003,Kidnap - For Other Purposes,13. Other Purposes,1,1,0,0,0,1,0,1,0,0,0,0,0,0
Andhra Pradesh,2003,Kidnap - For Other Purposes,13. Other Purposes,474,20,145,50,0,219,4,488,47,128,70,12,269,12
Arunachal Pradesh,2003,Kidnap - For Other Purposes,13. Other Purposes,12,0,0,0,0,0,0,12,1,11,0,0,12,0
Assam,2003,Kidnap - For Other Purposes,13. Other Purposes,214,0,48,12,0,60,0,214,0,96,58,0,154,0
Bihar,2003,Kidnap - For Other Purposes,13. Other Purposes,1145,2,43,12,0,57,0,1145,11,672,364,41,1088,0
Chandigarh,2003,Kidnap - For Other Purposes,13. Other Purposes,14,8,2,0,0,11,1,14,0,0,3,0,3,0
Chhattisgarh,2003,Kidnap - For Other Purposes,13. Other Purposes,40,3,7,11,0,21,0,40,2,9,5,1,19,2
Dadra & Nagar Haveli,2003,Kidnap - For Other Purposes,13. Other Purposes,4,0,0,0,0,1,1,5,0,2,2,0,4,0
Daman & Diu,2003,Kidnap - For Other Purposes,13. Other Purposes,1,0,0,1,0,1,0,1,0,0,0,0,0,0
Delhi,2003,Kidnap - For Other Purposes,13. Other Purposes,805,44,272,156,2,510,36,847,37,201,38,6,337,55
Goa,2003,Kidnap - For Other Purposes,13. Other Purposes,7,5,2,0,0,7,0,8,1,0,0,0,1,0
Gujarat,2003,Kidnap - For Other Purposes,13. Other Purposes,198,7,68,18,4,104,7,199,2,37,44,7,95,5
Haryana,2003,Kidnap - For Other Purposes,13. Other Purposes,116,2,39,3,0,45,1,119,3,47,22,1,74,1
Himachal Pradesh,2003,Kidnap - For Other Purposes,13. Other Purposes,32,0,8,4,1,13,0,32,0,5,11,2,19,1
Jammu & Kashmir,2003,Kidnap - For Other Purposes,13. Other Purposes,120,0,20,5,0,25,0,120,0,49,45,1,95,0
Jharkhand,2003,Kidnap - For Other Purposes,13. Other Purposes,188,0,4,3,0,7,0,74,1,34,32,0,67,0
Karnataka,2003,Kidnap - For Other Purposes,13. Other Purposes,368,72,78,23,1,177,3,372,32,63,52,11,195,37
Kerala,2003,Kidnap - For Other Purposes,13. Other Purposes,107,4,34,1,1,43,3,107,5,31,22,3,64,3
Madhya Pradesh,2003,Kidnap - For Other Purposes,13. Other Purposes,316,64,110,9,0,194,11,316,32,53,25,4,122,8
Maharashtra,2003,Kidnap - For Other Purposes,13. Other Purposes,353,27,66,19,1,127,14,359,22,104,91,4,232,11
Manipur,2003,Kidnap - For Other Purposes,13. Other Purposes,49,0,0,0,0,0,0,67,0,18,45,4,67,0
Meghalaya,2003,Kidnap - For Other Purposes,13. Other Purposes,14,2,1,1,0,4,0,14,0,3,6,0,10,1
Nagaland,2003,Kidnap - For Other Purposes,13. Other Purposes,38,0,2,0,0,2,0,89,0,37,45,5,87,0
Odisha,2003,Kidnap - For Other Purposes,13. Other Purposes,187,3,96,5,0,104,0,187,0,64,19,0,83,0
Puducherry,2003,Kidnap - For Other Purposes,13. Other Purposes,5,0,0,1,0,1,0,6,0,3,2,0,5,0
Punjab,2003,Kidnap - For Other Purposes,13. Other Purposes,239,23,96,2,0,122,1,256,7,79,41,4,134,3
Rajasthan,2003,Kidnap - For Other Purposes,13. Other Purposes,974,0,425,79,9,513,0,974,2,318,131,10,461,0
Tamil Nadu,2003,Kidnap - For Other Purposes,13. Other Purposes,297,9,86,31,6,133,1,319,3,88,76,15,186,4
Tripura,2003,Kidnap - For Other Purposes,13. Other Purposes,57,0,5,3,0,8,0,57,0,30,18,1,49,0
Uttar Pradesh,2003,Kidnap - For Other Purposes,13. Other Purposes,369,48,6,0,0,55,1,372,45,172,86,10,317,4
Uttarakhand,2003,Kidnap - For Other Purposes,13. Other Purposes,72,0,41,0,0,41,0,73,0,25,7,0,32,0
West Bengal,2003,Kidnap - For Other Purposes,13. Other Purposes,212,0,189,14,0,203,0,212,0,9,0,0,9,0
Andaman & Nicobar Islands,2004,Kidnap - For Other Purposes,13. Other Purposes,1,1,0,0,0,2,1,2,0,0,0,0,0,0
Andhra Pradesh,2004,Kidnap - For Other Purposes,13. Other Purposes,695,91,182,87,13,388,15,701,46,125,111,10,313,21
Arunachal Pradesh,2004,Kidnap - For Other Purposes,13. Other Purposes,29,3,2,0,0,5,0,29,0,18,6,0,24,0
Assam,2004,Kidnap - For Other Purposes,13. Other Purposes,256,0,27,10,0,37,0,256,0,122,97,0,219,0
Bihar,2004,Kidnap - For Other Purposes,13. Other Purposes,1784,0,107,7,0,114,0,1784,1,894,754,20,1670,1
Chandigarh,2004,Kidnap - For Other Purposes,13. Other Purposes,21,10,3,0,0,14,1,21,2,3,1,0,7,1
Chhattisgarh,2004,Kidnap - For Other Purposes,13. Other Purposes,40,4,0,0,0,10,6,40,9,11,4,0,30,6
Dadra & Nagar Haveli,2004,Kidnap - For Other Purposes,13. Other Purposes,6,1,0,0,0,1,0,6,1,2,2,0,5,0
Daman & Diu,2004,Kidnap - For Other Purposes,13. Other Purposes,2,0,0,0,0,0,0,2,0,2,0,0,2,0
Delhi,2004,Kidnap - For Other Purposes,13. Other Purposes,842,153,217,53,1,512,88,842,118,56,42,4,330,110
Goa,2004,Kidnap - For Other Purposes,13. Other Purposes,8,3,2,0,0,5,0,8,0,1,1,0,3,1
Gujarat,2004,Kidnap - For Other Purposes,13. Other Purposes,242,13,92,14,4,133,10,247,15,63,33,1,114,2
Haryana,2004,Kidnap - For Other Purposes,13. Other Purposes,132,0,51,3,0,54,0,126,1,48,19,4,72,0
Himachal Pradesh,2004,Kidnap - For Other Purposes,13. Other Purposes,26,2,4,2,0,9,1,28,2,8,6,0,19,3
Jammu & Kashmir,2004,Kidnap - For Other Purposes,13. Other Purposes,188,0,99,6,0,105,0,188,0,33,49,1,83,0
Jharkhand,2004,Kidnap - For Other Purposes,13. Other Purposes,179,0,4,3,0,7,0,72,1,32,32,0,65,0
Karnataka,2004,Kidnap - For Other Purposes,13. Other Purposes,455,0,184,51,6,249,8,461,3,83,99,18,212,9
Kerala,2004,Kidnap - For Other Purposes,13. Other Purposes,155,29,38,17,0,85,1,155,6,17,35,10,70,2
Madhya Pradesh,2004,Kidnap - For Other Purposes,13. Other Purposes,425,55,156,30,3,244,0,425,7,79,90,5,181,0
Maharashtra,2004,Kidnap - For Other Purposes,13. Other Purposes,384,65,76,32,3,188,12,395,16,72,79,8,207,32
Manipur,2004,Kidnap - For Other Purposes,13. Other Purposes,20,0,0,0,0,0,0,28,0,18,9,1,28,0
Meghalaya,2004,Kidnap - For Other Purposes,13. Other Purposes,20,0,0,0,0,1,1,20,8,8,2,0,19,1
Mizoram,2004,Kidnap - For Other Purposes,13. Other Purposes,10,0,2,0,3,5,0,10,0,4,1,0,5,0
Nagaland,2004,Kidnap - For Other Purposes,13. Other Purposes,23,0,0,0,0,0,0,25,0,13,12,0,25,0
Odisha,2004,Kidnap - For Other Purposes,13. Other Purposes,261,19,138,13,0,170,0,264,1,78,14,1,94,0
Punjab,2004,Kidnap - For Other Purposes,13. Other Purposes,223,12,83,5,0,103,3,242,9,95,32,1,139,2
Rajasthan,2004,Kidnap - For Other Purposes,13. Other Purposes,1019,34,410,83,2,531,2,1019,17,300,161,5,488,5
Sikkim,2004,Kidnap - For Other Purposes,13. Other Purposes,3,1,0,1,0,2,0,3,0,0,1,0,1,0
Tamil Nadu,2004,Kidnap - For Other Purposes,13. Other Purposes,266,4,121,2,2,131,2,273,0,79,53,6,142,4
Tripura,2004,Kidnap - For Other Purposes,13. Other Purposes,6,0,0,0,0,1,1,9,0,7,0,0,8,1
Uttar Pradesh,2004,Kidnap - For Other Purposes,13. Other Purposes,494,57,83,15,0,155,0,494,45,277,7,8,339,2
Uttarakhand,2004,Kidnap - For Other Purposes,13. Other Purposes,81,0,0,0,0,0,0,81,4,52,25,0,81,0
West Bengal,2004,Kidnap - For Other Purposes,13. Other Purposes,274,0,154,41,0,195,0,274,0,60,19,0,79,0
Andaman & Nicobar Islands,2005,Kidnap - For Other Purposes,13. Other Purposes,1,0,0,0,0,0,0,1,1,0,0,0,1,0
Andhra Pradesh,2005,Kidnap - For Other Purposes,13. Other Purposes,764,24,192,78,15,318,9,764,41,212,157,19,446,17
Arunachal Pradesh,2005,Kidnap - For Other Purposes,13. Other Purposes,22,1,4,0,0,5,0,22,3,13,1,0,17,0
Assam,2005,Kidnap - For Other Purposes,13. Other Purposes,187,0,0,0,0,0,0,187,0,101,86,0,187,0
Bihar,2005,Kidnap - For Other Purposes,13. Other Purposes,1255,6,40,1,0,47,0,1255,2,900,286,20,1208,0
Chandigarh,2005,Kidnap - For Other Purposes,13. Other Purposes,18,10,4,0,0,14,0,19,2,2,1,0,5,0
Chhattisgarh,2005,Kidnap - For Other Purposes,13. Other Purposes,69,13,4,3,0,20,0,69,5,35,7,1,49,1
Dadra & Nagar Haveli,2005,Kidnap - For Other Purposes,13. Other Purposes,8,3,2,1,0,6,0,8,0,2,0,0,2,0
Daman & Diu,2005,Kidnap - For Other Purposes,13. Other Purposes,2,2,0,0,0,2,0,2,0,0,0,0,0,0
Delhi,2005,Kidnap - For Other Purposes,13. Other Purposes,1260,147,376,92,1,660,44,1264,94,262,178,0,604,70
Goa,2005,Kidnap - For Other Purposes,13. Other Purposes,11,4,3,0,0,8,1,14,0,2,2,0,6,2
Gujarat,2005,Kidnap - For Other Purposes,13. Other Purposes,276,33,55,29,0,120,3,276,18,86,33,6,156,13
Haryana,2005,Kidnap - For Other Purposes,13. Other Purposes,133,10,23,1,0,36,2,134,12,58,27,1,98,0
Himachal Pradesh,2005,Kidnap - For Other Purposes,13. Other Purposes,18,0,1,3,0,4,0,18,1,8,3,1,14,1
Jammu & Kashmir,2005,Kidnap - For Other Purposes,13. Other Purposes,168,2,74,8,3,87,0,168,1,51,24,5,81,0
Jharkhand,2005,Kidnap - For Other Purposes,13. Other Purposes,421,0,13,12,0,25,0,421,7,176,213,0,396,0
Karnataka,2005,Kidnap - For Other Purposes,13. Other Purposes,421,12,142,39,0,193,0,425,4,132,89,4,232,3
Kerala,2005,Kidnap - For Other Purposes,13. Other Purposes,176,13,51,14,0,83,5,183,7,38,46,6,100,3
Madhya Pradesh,2005,Kidnap - For Other Purposes,13. Other Purposes,340,37,74,57,3,181,10,340,47,59,41,5,159,7
Maharashtra,2005,Kidnap - For Other Purposes,13. Other Purposes,455,48,124,12,1,195,10,474,34,108,107,12,279,18
Manipur,2005,Kidnap - For Other Purposes,13. Other Purposes,41,1,3,0,0,5,1,45,0,16,20,4,40,0
Meghalaya,2005,Kidnap - For Other Purposes,13. Other Purposes,18,0,4,0,0,4,0,18,0,11,3,0,14,0
Mizoram,2005,Kidnap - For Other Purposes,13. Other Purposes,10,0,2,0,3,5,0,10,0,4,1,0,5,0
Nagaland,2005,Kidnap - For Other Purposes,13. Other Purposes,11,0,2,0,0,2,0,11,0,9,0,0,9,0
Odisha,2005,Kidnap - For Other Purposes,13. Other Purposes,219,8,181,0,0,189,0,219,1,29,0,0,30,0
Punjab,2005,Kidnap - For Other Purposes,13. Other Purposes,260,5,109,8,1,125,2,262,7,75,45,4,137,6
Rajasthan,2005,Kidnap - For Other Purposes,13. Other Purposes,981,48,413,90,5,559,3,981,14,267,131,8,422,2
Tamil Nadu,2005,Kidnap - For Other Purposes,13. Other Purposes,357,8,132,38,0,179,1,369,1,125,54,9,190,1
Tripura,2005,Kidnap - For Other Purposes,13. Other Purposes,34,0,19,0,0,21,2,37,2,9,5,0,16,0
Uttar Pradesh,2005,Kidnap - For Other Purposes,13. Other Purposes,456,2,44,2,0,48,0,456,56,202,132,15,408,3
Uttarakhand,2005,Kidnap - For Other Purposes,13. Other Purposes,91,0,20,0,0,20,0,91,0,64,7,0,71,0
West Bengal,2005,Kidnap - For Other Purposes,13. Other Purposes,150,0,1,1,0,2,0,150,0,144,4,0,148,0
Andaman & Nicobar Islands,2006,Kidnap - For Other Purposes,13. Other Purposes,5,4,1,0,0,5,0,5,0,0,0,0,0,0
Andhra Pradesh,2006,Kidnap - For Other Purposes,13. Other Purposes,1051,99,304,60,2,491,26,1054,29,269,247,6,563,12
Arunachal Pradesh,2006,Kidnap - For Other Purposes,13. Other Purposes,26,2,0,0,0,2,0,26,0,19,5,0,24,0
Assam,2006,Kidnap - For Other Purposes,13. Other Purposes,221,0,69,20,0,89,0,221,0,101,31,0,132,0
Bihar,2006,Kidnap - For Other Purposes,13. Other Purposes,1343,0,85,177,0,262,0,1343,10,761,182,128,1081,0
Chandigarh,2006,Kidnap - For Other Purposes,13. Other Purposes,5,0,1,1,0,6,4,6,0,0,0,0,0,0
Chhattisgarh,2006,Kidnap - For Other Purposes,13. Other Purposes,82,16,9,1,0,27,1,82,16,20,15,2,55,2
Dadra & Nagar Haveli,2006,Kidnap - For Other Purposes,13. Other Purposes,6,0,1,1,0,2,0,7,0,2,0,0,5,3
Daman & Diu,2006,Kidnap - For Other Purposes,13. Other Purposes,3,1,0,1,0,2,0,5,0,0,3,0,3,0
Delhi,2006,Kidnap - For Other Purposes,13. Other Purposes,1167,534,144,20,0,808,110,1177,172,60,31,0,369,106
Goa,2006,Kidnap - For Other Purposes,13. Other Purposes,11,5,1,0,0,6,0,13,2,2,3,0,7,0
Gujarat,2006,Kidnap - For Other Purposes,13. Other Purposes,190,29,12,6,0,55,8,189,23,63,28,3,134,17
Haryana,2006,Kidnap - For Other Purposes,13. Other Purposes,191,21,20,7,2,52,2,155,4,66,30,2,103,1
Himachal Pradesh,2006,Kidnap - For Other Purposes,13. Other Purposes,31,2,7,1,0,10,0,32,3,9,7,1,22,2
Jammu & Kashmir,2006,Kidnap - For Other Purposes,13. Other Purposes,100,1,35,9,0,46,1,109,0,26,35,2,63,0
Jharkhand,2006,Kidnap - For Other Purposes,13. Other Purposes,223,6,13,21,0,40,0,94,14,27,11,0,54,2
Karnataka,2006,Kidnap - For Other Purposes,13. Other Purposes,396,21,143,33,2,202,3,433,10,130,74,12,231,5
Kerala,2006,Kidnap - For Other Purposes,13. Other Purposes,186,18,66,14,1,105,6,193,7,39,30,9,88,3
Madhya Pradesh,2006,Kidnap - For Other Purposes,13. Other Purposes,334,28,146,22,0,199,3,335,21,64,42,3,136,6
Maharashtra,2006,Kidnap - For Other Purposes,13. Other Purposes,411,40,69,21,0,164,34,436,82,81,75,9,272,25
Manipur,2006,Kidnap - For Other Purposes,13. Other Purposes,71,7,14,0,0,21,0,75,4,18,30,0,54,2
Meghalaya,2006,Kidnap - For Other Purposes,13. Other Purposes,13,0,1,0,0,1,0,13,3,2,7,0,12,0
Mizoram,2006,Kidnap - For Other Purposes,13. Other Purposes,4,0,0,0,0,0,0,2,2,0,0,0,2,0
Nagaland,2006,Kidnap - For Other Purposes,13. Other Purposes,28,2,0,0,0,2,0,29,1,15,8,3,27,0
Odisha,2006,Kidnap - For Other Purposes,13. Other Purposes,222,17,100,24,0,141,0,226,6,65,6,8,85,0
Puducherry,2006,Kidnap - For Other Purposes,13. Other Purposes,6,0,0,0,0,2,2,6,0,1,1,0,4,2
Punjab,2006,Kidnap - For Other Purposes,13. Other Purposes,223,12,37,3,0,56,4,232,17,92,45,9,176,13
Rajasthan,2006,Kidnap - For Other Purposes,13. Other Purposes,875,92,277,96,3,471,3,875,52,174,152,20,404,6
Sikkim,2006,Kidnap - For Other Purposes,13. Other Purposes,2,2,0,0,0,2,0,2,0,0,0,0,0,0
Tamil Nadu,2006,Kidnap - For Other Purposes,13. Other Purposes,351,15,151,23,2,193,2,359,8,84,59,12,166,3
Tripura,2006,Kidnap - For Other Purposes,13. Other Purposes,40,0,13,0,1,14,0,40,0,16,7,3,26,0
Uttar Pradesh,2006,Kidnap - For Other Purposes,13. Other Purposes,487,0,11,43,0,54,0,487,0,266,151,14,433,2
Uttarakhand,2006,Kidnap - For Other Purposes,13. Other Purposes,108,0,79,9,0,88,0,109,0,20,1,0,21,0
West Bengal,2006,Kidnap - For Other Purposes,13. Other Purposes,35,4,4,1,0,10,1,35,0,21,3,1,25,0
Andaman & Nicobar Islands,2007,Kidnap - For Other Purposes,13. Other Purposes,12,6,3,1,0,10,0,13,2,0,1,0,3,0
Andhra Pradesh,2007,Kidnap - For Other Purposes,13. Other Purposes,962,58,380,144,12,616,22,954,21,155,118,20,338,24
Arunachal Pradesh,2007,Kidnap - For Other Purposes,13. Other Purposes,15,0,0,0,0,0,0,15,0,8,7,0,15,0
Assam,2007,Kidnap - For Other Purposes,13. Other Purposes,500,0,86,14,0,100,0,500,0,289,111,0,400,0
Bihar,2007,Kidnap - For Other Purposes,13. Other Purposes,1131,30,64,2,0,96,0,1131,82,790,156,3,1035,4
Chandigarh,2007,Kidnap - For Other Purposes,13. Other Purposes,7,0,0,1,0,2,1,9,1,4,0,0,7,2
Chhattisgarh,2007,Kidnap - For Other Purposes,13. Other Purposes,94,17,11,5,0,38,5,94,8,24,18,0,56,6
Dadra & Nagar Haveli,2007,Kidnap - For Other Purposes,13. Other Purposes,3,0,0,0,0,0,0,3,0,0,2,0,3,1
Daman & Diu,2007,Kidnap - For Other Purposes,13. Other Purposes,1,0,1,0,0,1,0,1,0,0,0,0,0,0
Delhi,2007,Kidnap - For Other Purposes,13. Other Purposes,1341,365,368,15,0,899,151,1421,150,60,61,6,522,245
Goa,2007,Kidnap - For Other Purposes,13. Other Purposes,8,2,1,0,0,3,0,8,2,2,1,0,5,0
Gujarat,2007,Kidnap - For Other Purposes,13. Other Purposes,303,19,98,28,1,153,7,314,18,82,43,6,161,12
Haryana,2007,Kidnap - For Other Purposes,13. Other Purposes,269,16,72,5,0,97,4,270,12,11,138,6,173,6
Himachal Pradesh,2007,Kidnap - For Other Purposes,13. Other Purposes,41,14,10,2,0,27,1,42,3,4,6,0,15,2
Jammu & Kashmir,2007,Kidnap - For Other Purposes,13. Other Purposes,100,1,54,8,0,63,0,106,0,23,20,0,43,0
Jharkhand,2007,Kidnap - For Other Purposes,13. Other Purposes,127,4,18,3,0,25,0,127,21,46,35,0,102,0
Karnataka,2007,Kidnap - For Other Purposes,13. Other Purposes,486,53,165,19,1,243,5,527,10,168,91,10,284,5
Kerala,2007,Kidnap - For Other Purposes,13. Other Purposes,143,23,47,11,0,89,8,150,2,28,21,6,61,4
Madhya Pradesh,2007,Kidnap - For Other Purposes,13. Other Purposes,350,53,123,11,1,197,9,357,19,92,36,3,160,10
Maharashtra,2007,Kidnap - For Other Purposes,13. Other Purposes,499,117,60,17,1,227,32,524,56,112,81,15,297,33
Manipur,2007,Kidnap - For Other Purposes,13. Other Purposes,74,5,9,5,0,23,4,118,4,38,45,6,95,2
Meghalaya,2007,Kidnap - For Other Purposes,13. Other Purposes,37,4,6,0,0,10,0,37,0,18,8,0,27,1
Mizoram,2007,Kidnap - For Other Purposes,13. Other Purposes,4,0,2,0,0,2,0,4,0,2,0,0,2,0
Nagaland,2007,Kidnap - For Other Purposes,13. Other Purposes,13,0,1,2,0,5,2,13,0,3,5,0,8,0
Odisha,2007,Kidnap - For Other Purposes,13. Other Purposes,285,19,100,16,4,139,0,290,5,115,31,0,151,0
Puducherry,2007,Kidnap - For Other Purposes,13. Other Purposes,0,0,0,0,0,0,0,0,0,0,0,0,0,0
Punjab,2007,Kidnap - For Other Purposes,13. Other Purposes,264,21,57,4,2,90,6,283,18,91,66,8,193,10
Rajasthan,2007,Kidnap - For Other Purposes,13. Other Purposes,1019,192,256,86,8,550,8,1019,67,237,133,14,469,18
Sikkim,2007,Kidnap - For Other Purposes,13. Other Purposes,5,3,1,0,0,5,1,5,0,0,0,0,0,0
Tamil Nadu,2007,Kidnap - For Other Purposes,13. Other Purposes,334,51,122,37,0,217,7,350,5,61,56,8,133,3
Tripura,2007,Kidnap - For Other Purposes,13. Other Purposes,16,0,10,0,0,10,0,16,0,2,4,0,6,0
Uttar Pradesh,2007,Kidnap - For Other Purposes,13. Other Purposes,803,13,73,17,0,103,0,803,114,332,221,31,700,2
Uttarakhand,2007,Kidnap - For Other Purposes,13. Other Purposes,48,6,10,9,0,25,0,48,8,11,3,1,23,0
West Bengal,2007,Kidnap - For Other Purposes,13. Other Purposes,706,2,544,52,0,598,0,706,2,86,19,0,108,1
Andaman & Nicobar Islands,2008,Kidnap - For Other Purposes,13. Other Purposes,17,9,1,2,0,12,0,17,3,0,2,0,5,0
Andhra Pradesh,2008,Kidnap - For Other Purposes,13. Other Purposes,785,54,278,70,3,409,4,804,26,189,156,22,395,2
Arunachal Pradesh,2008,Kidnap - For Other Purposes,13. Other Purposes,34,7,8,2,0,17,0,34,0,11,6,0,17,0
Assam,2008,Kidnap - For Other Purposes,13. Other Purposes,582,0,115,48,0,163,0,582,0,315,104,0,419,0
Bihar,2008,Kidnap - For Other Purposes,13. Other Purposes,956,0,82,23,2,109,2,943,20,671,126,15,834,2
Chandigarh,2008,Kidnap - For Other Purposes,13. Other Purposes,14,3,3,0,0,8,2,17,1,6,0,1,9,1
Chhattisgarh,2008,Kidnap - For Other Purposes,13. Other Purposes,68,11,25,0,0,38,2,68,11,15,3,0,30,1
Dadra & Nagar Haveli,2008,Kidnap - For Other Purposes,13. Other Purposes,7,0,0,0,0,1,1,7,0,2,2,1,6,1
Daman & Diu,2008,Kidnap - For Other Purposes,13. Other Purposes,4,0,0,0,0,0,0,4,0,4,0,0,4,0
Delhi,2008,Kidnap - For Other Purposes,13. Other Purposes,1268,585,154,7,2,882,134,1296,149,82,29,3,414,151
Goa,2008,Kidnap - For Other Purposes,13. Other Purposes,23,13,2,1,0,18,2,26,1,2,3,1,8,1
Gujarat,2008,Kidnap - For Other Purposes,13. Other Purposes,237,38,38,6,0,91,9,245,26,70,44,2,154,12
Haryana,2008,Kidnap - For Other Purposes,13. Other Purposes,267,37,78,6,1,123,1,270,13,94,33,5,147,2
Himachal Pradesh,2008,Kidnap - For Other Purposes,13. Other Purposes,25,4,7,1,0,14,2,28,4,6,3,0,14,1
Jammu & Kashmir,2008,Kidnap - For Other Purposes,13. Other Purposes,60,0,22,4,0,26,0,60,1,26,7,0,34,0
Jharkhand,2008,Kidnap - For Other Purposes,13. Other Purposes,358,12,93,19,0,124,0,358,14,140,74,5,234,1
Karnataka,2008,Kidnap - For Other Purposes,13. Other Purposes,543,54,226,31,2,322,9,571,3,146,79,12,249,9
Kerala,2008,Kidnap - For Other Purposes,13. Other Purposes,114,14,28,9,1,54,2,118,8,26,24,4,64,2
Madhya Pradesh,2008,Kidnap - For Other Purposes,13. Other Purposes,295,32,116,5,0,153,0,295,19,80,37,0,142,6
Maharashtra,2008,Kidnap - For Other Purposes,13. Other Purposes,493,95,65,21,1,206,24,514,54,129,79,11,308,35
Manipur,2008,Kidnap - For Other Purposes,13. Other Purposes,83,21,6,4,0,32,1,118,21,24,27,13,86,1
Meghalaya,2008,Kidnap - For Other Purposes,13. Other Purposes,24,2,7,0,0,9,0,24,6,7,2,0,15,0
Mizoram,2008,Kidnap - For Other Purposes,13. Other Purposes,7,0,0,0,0,2,2,7,0,5,0,0,5,0
Nagaland,2008,Kidnap - For Other Purposes,13. Other Purposes,41,2,3,1,0,6,0,41,0,14,14,7,35,0
Odisha,2008,Kidnap - For Other Purposes,13. Other Purposes,345,1,144,101,0,246,0,345,2,82,8,7,99,0
Puducherry,2008,Kidnap - For Other Purposes,13. Other Purposes,5,1,0,0,0,1,0,5,0,0,0,0,4,4
Punjab,2008,Kidnap - For Other Purposes,13. Other Purposes,269,3,85,19,1,111,3,275,9,81,53,8,164,13
Rajasthan,2008,Kidnap - For Other Purposes,13. Other Purposes,1308,214,511,84,12,830,9,1313,46,260,151,18,483,8
Tamil Nadu,2008,Kidnap - For Other Purposes,13. Other Purposes,422,60,101,82,1,246,2,431,7,62,101,9,185,6
Tripura,2008,Kidnap - For Other Purposes,13. Other Purposes,41,14,7,0,0,21,0,41,4,7,7,0,20,2
Uttar Pradesh,2008,Kidnap - For Other Purposes,13. Other Purposes,748,12,42,7,0,61,0,748,164,349,161,9,687,4
Uttarakhand,2008,Kidnap - For Other Purposes,13. Other Purposes,89,0,38,29,0,67,0,90,5,12,5,0,23,1
West Bengal,2008,Kidnap - For Other Purposes,13. Other Purposes,1167,23,805,21,0,849,0,1167,70,216,32,0,318,0
Andaman & Nicobar Islands,2009,Kidnap - For Other Purposes,13. Other Purposes,16,8,5,1,0,16,2,19,0,1,1,0,3,1
Andhra Pradesh,2009,Kidnap - For Other Purposes,13. Other Purposes,782,108,245,63,3,434,15,789,43,121,156,19,355,16
Arunachal Pradesh,2009,Kidnap - For Other Purposes,13. Other Purposes,33,0,0,0,0,0,0,33,6,20,7,0,33,0
Assam,2009,Kidnap - For Other Purposes,13. Other Purposes,782,0,146,55,0,201,0,782,0,374,207,0,581,0
Bihar,2009,Kidnap - For Other Purposes,13. Other Purposes,825,32,22,0,0,57,3,843,110,548,123,4,786,1
Chandigarh,2009,Kidnap - For Other Purposes,13. Other Purposes,18,8,5,1,0,16,2,20,1,1,0,0,4,2
Chhattisgarh,2009,Kidnap - For Other Purposes,13. Other Purposes,199,24,25,40,0,94,5,199,27,40,37,0,105,1
Dadra & Nagar Haveli,2009,Kidnap - For Other Purposes,13. Other Purposes,2,0,0,0,0,0,0,2,0,1,1,0,2,0
Delhi,2009,Kidnap - For Other Purposes,13. Other Purposes,2245,1137,62,59,0,1432,174,2377,469,75,46,4,945,351
Goa,2009,Kidnap - For Other Purposes,13. Other Purposes,22,9,2,0,0,15,4,23,1,4,1,0,8,2
Gujarat,2009,Kidnap - For Other Purposes,13. Other Purposes,205,35,32,4,0,83,12,198,11,50,36,2,115,16
Haryana,2009,Kidnap - For Other Purposes,13. Other Purposes,271,10,82,1,0,93,0,271,11,107,54,2,178,4
Himachal Pradesh,2009,Kidnap - For Other Purposes,13. Other Purposes,34,7,4,0,0,11,0,34,2,8,10,1,23,2
Jammu & Kashmir,2009,Kidnap - For Other Purposes,13. Other Purposes,198,21,119,22,0,162,0,193,3,19,9,0,31,0
Jharkhand,2009,Kidnap - For Other Purposes,13. Other Purposes,307,2,72,1,1,76,0,307,0,137,94,0,231,0
Karnataka,2009,Kidnap - For Other Purposes,13. Other Purposes,686,10,306,75,0,397,6,690,26,148,107,5,293,7
Kerala,2009,Kidnap - For Other Purposes,13. Other Purposes,104,11,27,5,1,47,3,108,4,21,27,5,61,4
Madhya Pradesh,2009,Kidnap - For Other Purposes,13. Other Purposes,307,32,94,29,0,166,11,312,29,72,33,5,146,7
Maharashtra,2009,Kidnap - For Other Purposes,13. Other Purposes,457,57,68,14,2,166,25,466,49,129,90,15,300,17
Manipur,2009,Kidnap - For Other Purposes,13. Other Purposes,77,10,18,2,0,31,1,92,6,20,19,16,61,0
Meghalaya,2009,Kidnap - For Other Purposes,13. Other Purposes,28,1,2,0,0,3,0,29,1,16,6,3,26,0
Mizoram,2009,Kidnap - For Other Purposes,13. Other Purposes,7,0,0,0,0,1,1,7,0,6,0,0,6,0
Nagaland,2009,Kidnap - For Other Purposes,13. Other Purposes,35,0,4,2,0,6,0,35,0,10,18,1,29,0
Odisha,2009,Kidnap - For Other Purposes,13. Other Purposes,388,27,191,33,2,253,0,388,0,114,16,4,135,1
Puducherry,2009,Kidnap - For Other Purposes,13. Other Purposes,6,1,1,1,0,4,1,6,0,1,0,0,2,1
Punjab,2009,Kidnap - For Other Purposes,13. Other Purposes,202,11,29,5,0,53,8,214,16,73,56,7,161,9
Rajasthan,2009,Kidnap - For Other Purposes,13. Other Purposes,1494,294,542,94,7,953,16,1505,79,282,157,17,552,17
Sikkim,2009,Kidnap - For Other Purposes,13. Other Purposes,2,4,0,0,0,4,0,4,0,0,0,0,0,0
Tamil Nadu,2009,Kidnap - For Other Purposes,13. Other Purposes,465,78,149,27,2,257,1,473,9,91,90,19,216,7
Tripura,2009,Kidnap - For Other Purposes,13. Other Purposes,29,0,0,0,0,0,0,29,0,21,8,0,29,0
Uttar Pradesh,2009,Kidnap - For Other Purposes,13. Other Purposes,813,2,28,6,0,36,0,813,143,390,226,14,777,4
Uttarakhand,2009,Kidnap - For Other Purposes,13. Other Purposes,113,0,56,30,0,86,0,113,2,20,5,0,27,0
West Bengal,2009,Kidnap - For Other Purposes,13. Other Purposes,989,22,654,198,0,876,2,989,11,56,25,20,113,1
Andaman & Nicobar Islands,2010,Kidnap - For Other Purposes,13. Other Purposes,8,6,0,0,0,6,0,8,1,0,1,0,2,0
Andhra Pradesh,2010,Kidnap - For Other Purposes,13. Other Purposes,808,112,155,110,10,422,35,808,24,210,131,13,386,8
Arunachal Pradesh,2010,Kidnap - For Other Purposes,13. Other Purposes,23,2,0,0,0,2,0,23,0,17,4,0,21,0
Assam,2010,Kidnap - For Other Purposes,13. Other Purposes,625,0,169,34,0,203,0,625,0,298,124,0,422,0
Bihar,2010,Kidnap - For Other Purposes,13. Other Purposes,754,5,101,9,0,115,0,754,63,506,68,0,639,2
Chandigarh,2010,Kidnap - For Other Purposes,13. Other Purposes,8,0,0,0,0,1,1,8,0,6,0,0,7,1
Chhattisgarh,2010,Kidnap - For Other Purposes,13. Other Purposes,165,31,41,7,0,85,6,165,29,28,17,1,80,5
Dadra & Nagar Haveli,2010,Kidnap - For Other Purposes,13. Other Purposes,7,0,0,1,0,1,0,7,0,3,3,0,6,0
Daman & Diu,2010,Kidnap - For Other Purposes,13. Other Purposes,2,0,0,0,0,0,0,2,1,1,0,0,2,0
Delhi,2010,Kidnap - For Other Purposes,13. Other Purposes,2977,1316,92,14,0,1593,171,3330,1282,56,43,3,1737,353
Goa,2010,Kidnap - For Other Purposes,13. Other Purposes,14,7,3,2,0,12,0,15,0,1,2,0,3,0
Gujarat,2010,Kidnap - For Other Purposes,13. Other Purposes,235,51,34,11,1,102,5,237,14,66,43,3,135,9
Haryana,2010,Kidnap - For Other Purposes,13. Other Purposes,242,20,52,12,0,86,2,242,9,104,36,6,156,1
Himachal Pradesh,2010,Kidnap - For Other Purposes,13. Other Purposes,39,4,6,0,1,11,0,39,11,6,6,2,28,3
Jammu & Kashmir,2010,Kidnap - For Other Purposes,13. Other Purposes,93,0,40,13,0,53,0,93,0,26,12,2,40,0
Jharkhand,2010,Kidnap - For Other Purposes,13. Other Purposes,285,0,76,34,0,110,0,285,0,133,42,0,175,0
Karnataka,2010,Kidnap - For Other Purposes,13. Other Purposes,1095,59,465,37,28,597,8,1152,8,436,80,17,555,14
Kerala,2010,Kidnap - For Other Purposes,13. Other Purposes,116,18,26,5,0,55,6,124,10,16,33,5,69,5
Madhya Pradesh,2010,Kidnap - For Other Purposes,13. Other Purposes,362,96,146,14,0,261,5,370,25,50,20,6,109,8
Maharashtra,2010,Kidnap - For Other Purposes,13. Other Purposes,543,115,77,20,2,248,34,562,38,141,86,21,314,28
Manipur,2010,Kidnap - For Other Purposes,13. Other Purposes,100,20,22,5,5,52,0,109,9,15,25,7,57,1
Meghalaya,2010,Kidnap - For Other Purposes,13. Other Purposes,29,4,3,0,0,10,3,33,0,18,3,0,23,2
Mizoram,2010,Kidnap - For Other Purposes,13. Other Purposes,6,0,0,0,0,0,0,6,0,4,2,0,6,0
Nagaland,2010,Kidnap - For Other Purposes,13. Other Purposes,2,0,0,0,0,0,0,2,0,0,2,0,2,0
Odisha,2010,Kidnap - For Other Purposes,13. Other Purposes,422,24,292,23,0,340,1,422,0,62,19,0,82,1
Punjab,2010,Kidnap - For Other Purposes,13. Other Purposes,231,22,22,2,1,50,3,236,16,80,63,5,186,22
Rajasthan,2010,Kidnap - For Other Purposes,13. Other Purposes,1327,278,435,88,1,815,13,1339,64,268,163,18,524,11
Sikkim,2010,Kidnap - For Other Purposes,13. Other Purposes,1,0,0,0,0,0,0,1,0,1,0,0,1,0
Tamil Nadu,2010,Kidnap - For Other Purposes,13. Other Purposes,483,77,118,31,3,241,12,488,6,87,136,11,247,7
Tripura,2010,Kidnap - For Other Purposes,13. Other Purposes,33,6,9,5,0,20,0,34,1,6,6,0,14,1
Uttar Pradesh,2010,Kidnap - For Other Purposes,13. Other Purposes,792,31,39,12,0,85,3,792,67,390,221,8,707,21
Uttarakhand,2010,Kidnap - For Other Purposes,13. Other Purposes,123,0,59,29,0,88,0,123,8,23,4,0,35,0
West Bengal,2010,Kidnap - For Other Purposes,13. Other Purposes,2271,6,1170,694,15,1885,0,2271,10,198,172,5,386,1
Andaman & Nicobar Islands,2001,Kidnap - Total,14. Total (Sum of 1-13 Above),2,2,0,0,0,2,0,2,0,0,0,0,0,0
Andhra Pradesh,2001,Kidnap - Total,14. Total (Sum of 1-13 Above),1182,370,348,25,0,749,6,1186,76,218,121,5,437,17
Arunachal Pradesh,2001,Kidnap - Total,14. Total (Sum of 1-13 Above),83,0,51,4,0,55,0,83,0,16,12,0,28,0
Assam,2001,Kidnap - Total,14. Total (Sum of 1-13 Above),1480,492,482,39,52,1070,5,1480,145,142,114,8,410,1
Bihar,2001,Kidnap - Total,14. Total (Sum of 1-13 Above),2159,176,389,14,0,579,0,2159,211,829,419,38,1580,83
Chandigarh,2001,Kidnap - Total,14. Total (Sum of 1-13 Above),56,37,10,1,0,50,2,56,4,1,1,0,6,0
Chhattisgarh,2001,Kidnap - Total,14. Total (Sum of 1-13 Above),207,135,32,2,0,170,1,207,4,12,11,2,37,8
Dadra & Nagar Haveli,2001,Kidnap - Total,14. Total (Sum of 1-13 Above),4,3,0,0,0,3,0,5,0,2,0,0,2,0
Delhi,2001,Kidnap - Total,14. Total (Sum of 1-13 Above),1627,518,380,80,0,1076,98,1759,193,223,76,7,683,184
Goa,2001,Kidnap - Total,14. Total (Sum of 1-13 Above),9,4,1,0,0,6,1,9,1,1,0,1,3,0
Gujarat,2001,Kidnap - Total,14. Total (Sum of 1-13 Above),998,559,225,15,4,817,14,1016,36,90,56,6,199,11
Haryana,2001,Kidnap - Total,14. Total (Sum of 1-13 Above),449,203,77,13,5,302,4,456,30,50,51,4,154,19
Himachal Pradesh,2001,Kidnap - Total,14. Total (Sum of 1-13 Above),126,54,41,14,2,112,1,128,1,2,10,3,16,0
Jammu & Kashmir,2001,Kidnap - Total,14. Total (Sum of 1-13 Above),606,190,276,36,0,504,2,606,9,39,50,2,102,2
Jharkhand,2001,Kidnap - Total,14. Total (Sum of 1-13 Above),441,106,162,30,0,298,0,441,58,55,25,4,143,1
Karnataka,2001,Kidnap - Total,14. Total (Sum of 1-13 Above),559,143,133,31,0,321,14,580,53,108,67,9,259,22
Kerala,2001,Kidnap - Total,14. Total (Sum of 1-13 Above),183,60,29,5,2,100,4,190,18,17,45,6,90,4
Madhya Pradesh,2001,Kidnap - Total,14. Total (Sum of 1-13 Above),956,472,166,50,8,705,9,1023,91,146,66,9,318,6
Maharashtra,2001,Kidnap - Total,14. Total (Sum of 1-13 Above),985,461,185,26,3,708,33,1004,75,84,96,8,296,33
Manipur,2001,Kidnap - Total,14. Total (Sum of 1-13 Above),94,34,28,0,0,62,0,94,3,13,13,3,32,0
Meghalaya,2001,Kidnap - Total,14. Total (Sum of 1-13 Above),55,4,1,1,0,6,0,55,2,10,35,1,49,1
Mizoram,2001,Kidnap - Total,14. Total (Sum of 1-13 Above),2,1,2,0,0,3,0,4,0,1,0,0,1,0
Nagaland,2001,Kidnap - Total,14. Total (Sum of 1-13 Above),23,5,2,0,0,8,1,27,2,15,2,0,19,0
Odisha,2001,Kidnap - Total,14. Total (Sum of 1-13 Above),522,229,196,1,0,426,0,524,43,45,10,0,98,0
Puducherry,2001,Kidnap - Total,14. Total (Sum of 1-13 Above),4,3,0,0,0,3,0,6,0,0,2,1,3,0
Punjab,2001,Kidnap - Total,14. Total (Sum of 1-13 Above),513,232,109,12,1,355,1,513,34,64,49,4,158,7
Rajasthan,2001,Kidnap - Total,14. Total (Sum of 1-13 Above),2718,529,1222,391,8,2165,15,2718,114,266,158,10,553,5
Sikkim,2001,Kidnap - Total,14. Total (Sum of 1-13 Above),6,0,0,0,0,0,0,7,0,6,1,0,7,0
Tamil Nadu,2001,Kidnap - Total,14. Total (Sum of 1-13 Above),952,161,395,50,0,610,4,952,114,65,132,31,342,0
Tripura,2001,Kidnap - Total,14. Total (Sum of 1-13 Above),93,29,6,8,0,43,0,286,170,58,15,0,243,0
Uttar Pradesh,2001,Kidnap - Total,14. Total (Sum of 1-13 Above),4330,931,1588,392,13,2932,8,4352,256,714,393,39,1420,18
Uttarakhand,2001,Kidnap - Total,14. Total (Sum of 1-13 Above),183,19,107,0,0,126,0,183,5,33,19,0,57,0
West Bengal,2001,Kidnap - Total,14. Total (Sum of 1-13 Above),875,367,332,13,0,718,6,885,64,65,20,4,167,14
Andaman & Nicobar Islands,2002,Kidnap - Total,14. Total (Sum of 1-13 Above),2,1,0,0,0,1,0,2,0,0,1,0,1,0
Andhra Pradesh,2002,Kidnap - Total,14. Total (Sum of 1-13 Above),1302,69,721,51,9,854,4,1302,6,297,125,13,448,7
Arunachal Pradesh,2002,Kidnap - Total,14. Total (Sum of 1-13 Above),57,3,34,1,0,38,0,57,0,19,0,0,19,0
Assam,2002,Kidnap - Total,14. Total (Sum of 1-13 Above),1595,1,688,593,0,1282,0,1595,0,191,122,0,313,0
Bihar,2002,Kidnap - Total,14. Total (Sum of 1-13 Above),2361,11,412,18,1,443,1,2361,13,1371,488,39,1918,7
Chandigarh,2002,Kidnap - Total,14. Total (Sum of 1-13 Above),54,31,16,1,0,49,1,57,0,1,5,0,8,2
Chhattisgarh,2002,Kidnap - Total,14. Total (Sum of 1-13 Above),178,75,73,3,0,160,9,178,2,11,3,2,18,0
Dadra & Nagar Haveli,2002,Kidnap - Total,14. Total (Sum of 1-13 Above),9,0,5,0,0,5,0,10,0,4,0,1,5,0
Daman & Diu,2002,Kidnap - Total,14. Total (Sum of 1-13 Above),3,0,1,0,0,1,0,3,0,2,0,0,2,0
Delhi,2002,Kidnap - Total,14. Total (Sum of 1-13 Above),1323,249,568,89,0,951,45,1396,86,195,74,5,445,85
Goa,2002,Kidnap - Total,14. Total (Sum of 1-13 Above),9,4,1,0,0,5,0,10,1,0,4,0,5,0
Gujarat,2002,Kidnap - Total,14. Total (Sum of 1-13 Above),1015,286,486,37,1,822,12,1024,21,97,69,3,202,12
Haryana,2002,Kidnap - Total,14. Total (Sum of 1-13 Above),427,19,257,11,0,295,8,438,20,61,52,3,143,7
Himachal Pradesh,2002,Kidnap - Total,14. Total (Sum of 1-13 Above),138,22,77,4,0,104,1,140,1,12,22,1,36,0
Jammu & Kashmir,2002,Kidnap - Total,14. Total (Sum of 1-13 Above),674,23,533,40,0,596,0,674,0,36,42,0,78,0
Jharkhand,2002,Kidnap - Total,14. Total (Sum of 1-13 Above),468,7,430,14,4,455,0,574,13,56,47,2,119,1
Karnataka,2002,Kidnap - Total,14. Total (Sum of 1-13 Above),645,15,333,50,3,401,0,661,7,158,84,10,260,1
Kerala,2002,Kidnap - Total,14. Total (Sum of 1-13 Above),162,45,32,7,0,88,4,175,11,25,35,11,87,5
Madhya Pradesh,2002,Kidnap - Total,14. Total (Sum of 1-13 Above),964,75,447,116,1,653,14,1006,43,135,142,11,353,22
Maharashtra,2002,Kidnap - Total,14. Total (Sum of 1-13 Above),953,319,329,24,4,698,22,976,40,119,83,10,278,26
Manipur,2002,Kidnap - Total,14. Total (Sum of 1-13 Above),157,42,33,7,0,82,0,157,0,42,33,0,75,0
Meghalaya,2002,Kidnap - Total,14. Total (Sum of 1-13 Above),52,3,7,0,0,10,0,52,1,15,26,0,42,0
Mizoram,2002,Kidnap - Total,14. Total (Sum of 1-13 Above),7,0,1,3,0,4,0,8,0,2,2,0,4,0
Nagaland,2002,Kidnap - Total,14. Total (Sum of 1-13 Above),27,1,2,1,0,4,0,27,0,5,14,4,23,0
Odisha,2002,Kidnap - Total,14. Total (Sum of 1-13 Above),523,6,421,5,0,432,0,523,2,79,10,0,91,0
Puducherry,2002,Kidnap - Total,14. Total (Sum of 1-13 Above),10,3,2,0,0,6,1,10,0,2,2,0,4,0
Punjab,2002,Kidnap - Total,14. Total (Sum of 1-13 Above),551,42,332,16,0,397,7,557,6,83,57,7,160,7
Rajasthan,2002,Kidnap - Total,14. Total (Sum of 1-13 Above),2587,34,1693,287,2,2019,3,2587,12,377,163,13,568,3
Sikkim,2002,Kidnap - Total,14. Total (Sum of 1-13 Above),9,0,3,6,0,9,0,9,0,0,0,0,0,0
Tamil Nadu,2002,Kidnap - Total,14. Total (Sum of 1-13 Above),1001,375,261,49,2,690,3,1008,97,123,83,8,318,7
Tripura,2002,Kidnap - Total,14. Total (Sum of 1-13 Above),128,0,106,17,0,123,0,128,0,5,0,0,5,0
Uttar Pradesh,2002,Kidnap - Total,14. Total (Sum of 1-13 Above),3430,314,1365,423,4,2108,2,3430,223,653,391,44,1322,11
Uttarakhand,2002,Kidnap - Total,14. Total (Sum of 1-13 Above),198,0,164,6,0,170,0,198,3,16,8,1,28,0
West Bengal,2002,Kidnap - Total,14. Total (Sum of 1-13 Above),831,87,626,58,1,777,5,840,8,31,19,0,63,5
Andaman & Nicobar Islands,2003,Kidnap - Total,14. Total (Sum of 1-13 Above),2,2,0,0,0,2,0,2,0,0,0,0,0,0
Andhra Pradesh,2003,Kidnap - Total,14. Total (Sum of 1-13 Above),1485,265,518,138,0,931,10,1485,82,298,139,19,554,16
Arunachal Pradesh,2003,Kidnap - Total,14. Total (Sum of 1-13 Above),68,8,43,0,0,51,0,68,1,16,0,0,17,0
Assam,2003,Kidnap - Total,14. Total (Sum of 1-13 Above),1628,0,942,408,1,1351,0,1628,0,182,95,0,277,0
Bihar,2003,Kidnap - Total,14. Total (Sum of 1-13 Above),2427,17,597,13,0,627,0,2435,21,1151,583,52,1808,1
Chandigarh,2003,Kidnap - Total,14. Total (Sum of 1-13 Above),32,12,14,0,0,29,3,33,1,0,3,0,4,0
Chhattisgarh,2003,Kidnap - Total,14. Total (Sum of 1-13 Above),177,37,100,17,0,155,1,177,4,9,5,1,22,3
Dadra & Nagar Haveli,2003,Kidnap - Total,14. Total (Sum of 1-13 Above),7,3,0,0,0,4,1,8,0,2,2,0,4,0
Daman & Diu,2003,Kidnap - Total,14. Total (Sum of 1-13 Above),1,0,0,1,0,1,0,1,0,0,0,0,0,0
Delhi,2003,Kidnap - Total,14. Total (Sum of 1-13 Above),1156,175,439,160,2,817,41,1204,48,213,46,6,387,74
Goa,2003,Kidnap - Total,14. Total (Sum of 1-13 Above),14,9,5,0,0,14,0,15,1,0,0,0,1,0
Gujarat,2003,Kidnap - Total,14. Total (Sum of 1-13 Above),1044,235,514,60,4,823,10,1048,13,127,63,12,225,10
Haryana,2003,Kidnap - Total,14. Total (Sum of 1-13 Above),388,87,182,10,0,280,1,400,3,79,35,2,120,1
Himachal Pradesh,2003,Kidnap - Total,14. Total (Sum of 1-13 Above),113,18,57,9,1,85,0,114,3,11,11,2,29,2
Jammu & Kashmir,2003,Kidnap - Total,14. Total (Sum of 1-13 Above),712,38,511,66,0,615,0,712,0,51,45,1,97,0
Jharkhand,2003,Kidnap - Total,14. Total (Sum of 1-13 Above),487,3,96,30,0,131,2,242,2,71,37,0,111,1
Karnataka,2003,Kidnap - Total,14. Total (Sum of 1-13 Above),531,139,128,24,1,297,5,535,40,74,68,13,238,43
Kerala,2003,Kidnap - Total,14. Total (Sum of 1-13 Above),189,11,75,4,4,102,8,189,7,39,30,5,87,6
Madhya Pradesh,2003,Kidnap - Total,14. Total (Sum of 1-13 Above),887,146,416,31,0,608,15,887,59,121,68,18,279,13
Maharashtra,2003,Kidnap - Total,14. Total (Sum of 1-13 Above),926,301,296,24,1,649,27,955,32,131,117,4,306,22
Manipur,2003,Kidnap - Total,14. Total (Sum of 1-13 Above),120,26,43,2,0,71,0,138,0,18,45,4,67,0
Meghalaya,2003,Kidnap - Total,14. Total (Sum of 1-13 Above),49,5,2,2,0,9,0,49,1,8,29,0,40,2
Mizoram,2003,Kidnap - Total,14. Total (Sum of 1-13 Above),8,3,0,0,0,3,0,9,0,3,3,0,6,0
Nagaland,2003,Kidnap - Total,14. Total (Sum of 1-13 Above),38,0,2,0,0,2,0,89,0,37,45,5,87,0
Odisha,2003,Kidnap - Total,14. Total (Sum of 1-13 Above),477,23,343,7,0,373,0,477,1,79,23,0,104,1
Puducherry,2003,Kidnap - Total,14. Total (Sum of 1-13 Above),18,10,1,1,0,13,1,19,0,4,2,0,6,0
Punjab,2003,Kidnap - Total,14. Total (Sum of 1-13 Above),464,51,279,7,0,341,4,505,12,94,46,5,164,7
Rajasthan,2003,Kidnap - Total,14. Total (Sum of 1-13 Above),2238,37,1393,291,27,1750,2,2238,6,331,138,12,488,1
Tamil Nadu,2003,Kidnap - Total,14. Total (Sum of 1-13 Above),879,20,545,71,7,647,4,922,10,133,102,24,275,6
Tripura,2003,Kidnap - Total,14. Total (Sum of 1-13 Above),146,0,13,20,8,41,0,146,0,63,33,9,105,0
Uttar Pradesh,2003,Kidnap - Total,14. Total (Sum of 1-13 Above),2208,443,855,168,8,1479,5,2211,118,402,180,19,732,13
Uttarakhand,2003,Kidnap - Total,14. Total (Sum of 1-13 Above),171,7,124,2,0,134,1,172,0,30,7,0,38,1
West Bengal,2003,Kidnap - Total,14. Total (Sum of 1-13 Above),902,64,778,26,0,869,1,908,2,25,6,3,39,3
Andaman & Nicobar Islands,2004,Kidnap - Total,14. Total (Sum of 1-13 Above),3,3,0,0,0,4,1,4,0,0,0,0,0,0
Andhra Pradesh,2004,Kidnap - Total,14. Total (Sum of 1-13 Above),1526,296,581,122,14,1036,23,1532,78,193,164,28,496,33
Arunachal Pradesh,2004,Kidnap - Total,14. Total (Sum of 1-13 Above),65,8,33,0,0,41,0,65,0,18,6,0,24,0
Assam,2004,Kidnap - Total,14. Total (Sum of 1-13 Above),1906,0,1284,266,0,1552,2,1906,0,212,138,3,354,1
Bihar,2004,Kidnap - Total,14. Total (Sum of 1-13 Above),3413,4,921,23,0,948,0,3413,21,1362,1042,35,2465,5
Chandigarh,2004,Kidnap - Total,14. Total (Sum of 1-13 Above),54,34,7,0,0,43,2,55,2,3,2,0,12,5
Chhattisgarh,2004,Kidnap - Total,14. Total (Sum of 1-13 Above),214,109,56,0,0,174,9,214,11,13,7,1,40,8
Dadra & Nagar Haveli,2004,Kidnap - Total,14. Total (Sum of 1-13 Above),12,6,1,0,0,7,0,12,1,2,2,0,5,0
Daman & Diu,2004,Kidnap - Total,14. Total (Sum of 1-13 Above),2,0,0,0,0,0,0,2,0,2,0,0,2,0
Delhi,2004,Kidnap - Total,14. Total (Sum of 1-13 Above),1209,297,408,54,1,851,91,1211,129,59,45,5,360,122
Goa,2004,Kidnap - Total,14. Total (Sum of 1-13 Above),13,7,2,0,0,10,1,13,0,1,1,0,3,1
Gujarat,2004,Kidnap - Total,14. Total (Sum of 1-13 Above),1133,294,583,33,4,929,15,1143,22,121,62,1,214,8
Haryana,2004,Kidnap - Total,14. Total (Sum of 1-13 Above),423,28,258,6,0,292,0,423,11,85,28,4,131,3
Himachal Pradesh,2004,Kidnap - Total,14. Total (Sum of 1-13 Above),123,19,76,7,0,103,1,125,2,8,8,0,22,4
Jammu & Kashmir,2004,Kidnap - Total,14. Total (Sum of 1-13 Above),735,27,532,75,0,634,0,738,0,51,52,1,104,0
Jharkhand,2004,Kidnap - Total,14. Total (Sum of 1-13 Above),468,3,96,30,0,131,2,238,2,67,37,0,107,1
Karnataka,2004,Kidnap - Total,14. Total (Sum of 1-13 Above),592,25,252,53,6,348,12,603,4,101,114,22,255,14
Kerala,2004,Kidnap - Total,14. Total (Sum of 1-13 Above),232,57,61,19,1,142,4,232,9,25,41,11,90,4
Madhya Pradesh,2004,Kidnap - Total,14. Total (Sum of 1-13 Above),832,158,345,46,3,552,0,832,14,115,130,14,280,7
Maharashtra,2004,Kidnap - Total,14. Total (Sum of 1-13 Above),1045,355,405,47,3,836,26,1103,20,96,100,10,267,41
Manipur,2004,Kidnap - Total,14. Total (Sum of 1-13 Above),128,27,38,5,0,70,0,146,0,32,36,8,76,0
Meghalaya,2004,Kidnap - Total,14. Total (Sum of 1-13 Above),54,11,8,0,0,20,1,55,11,9,12,0,35,3
Mizoram,2004,Kidnap - Total,14. Total (Sum of 1-13 Above),15,0,2,0,3,5,0,15,0,9,1,0,10,0
Nagaland,2004,Kidnap - Total,14. Total (Sum of 1-13 Above),23,0,0,0,0,0,0,25,0,13,12,0,25,0
Odisha,2004,Kidnap - Total,14. Total (Sum of 1-13 Above),526,26,301,96,0,423,0,533,6,84,19,1,110,0
Puducherry,2004,Kidnap - Total,14. Total (Sum of 1-13 Above),10,4,4,0,0,8,0,10,0,0,1,1,2,0
Punjab,2004,Kidnap - Total,14. Total (Sum of 1-13 Above),463,33,287,11,0,336,5,485,11,96,34,2,149,6
Rajasthan,2004,Kidnap - Total,14. Total (Sum of 1-13 Above),2384,102,1471,302,3,1881,3,2384,18,310,165,5,503,5
Sikkim,2004,Kidnap - Total,14. Total (Sum of 1-13 Above),5,2,0,1,0,3,0,5,0,1,1,0,2,0
Tamil Nadu,2004,Kidnap - Total,14. Total (Sum of 1-13 Above),870,85,594,21,2,705,3,878,0,102,60,6,173,5
Tripura,2004,Kidnap - Total,14. Total (Sum of 1-13 Above),99,10,44,0,0,55,1,153,4,56,35,2,98,1
Uttar Pradesh,2004,Kidnap - Total,14. Total (Sum of 1-13 Above),3337,537,1431,349,1,2324,6,3337,165,541,253,27,1013,27
Uttarakhand,2004,Kidnap - Total,14. Total (Sum of 1-13 Above),213,29,75,22,0,127,1,213,5,53,28,0,86,0
West Bengal,2004,Kidnap - Total,14. Total (Sum of 1-13 Above),1200,126,864,91,0,1082,1,1206,3,81,31,1,124,8
Andaman & Nicobar Islands,2005,Kidnap - Total,14. Total (Sum of 1-13 Above),2,1,0,0,0,1,0,2,1,0,0,0,1,0
Andhra Pradesh,2005,Kidnap - Total,14. Total (Sum of 1-13 Above),1612,258,617,90,15,1000,20,1619,49,305,221,20,619,24
Arunachal Pradesh,2005,Kidnap - Total,14. Total (Sum of 1-13 Above),58,8,30,1,0,39,0,58,4,14,1,0,19,0
Assam,2005,Kidnap - Total,14. Total (Sum of 1-13 Above),1751,18,1228,210,0,1456,0,1751,0,179,116,0,295,0
Bihar,2005,Kidnap - Total,14. Total (Sum of 1-13 Above),2693,27,882,20,0,929,0,2693,36,1274,408,37,1764,9
Chandigarh,2005,Kidnap - Total,14. Total (Sum of 1-13 Above),54,28,18,0,0,46,0,56,3,5,2,0,10,0
Chhattisgarh,2005,Kidnap - Total,14. Total (Sum of 1-13 Above),246,102,81,6,0,189,0,246,6,37,11,1,57,2
Dadra & Nagar Haveli,2005,Kidnap - Total,14. Total (Sum of 1-13 Above),13,6,2,1,0,9,0,13,0,2,0,1,4,1
Daman & Diu,2005,Kidnap - Total,14. Total (Sum of 1-13 Above),4,2,0,0,0,2,0,4,0,2,0,0,2,0
Delhi,2005,Kidnap - Total,14. Total (Sum of 1-13 Above),1590,267,540,97,2,952,46,1595,102,268,181,0,643,92
Goa,2005,Kidnap - Total,14. Total (Sum of 1-13 Above),17,9,3,0,0,14,2,21,1,2,2,0,7,2
Gujarat,2005,Kidnap - Total,14. Total (Sum of 1-13 Above),1164,229,662,39,0,940,10,1172,27,106,67,10,232,22
Haryana,2005,Kidnap - Total,14. Total (Sum of 1-13 Above),492,61,160,124,0,353,8,509,21,77,45,2,156,11
Himachal Pradesh,2005,Kidnap - Total,14. Total (Sum of 1-13 Above),118,34,62,7,0,104,1,118,1,8,3,1,14,1
Jammu & Kashmir,2005,Kidnap - Total,14. Total (Sum of 1-13 Above),748,47,475,133,3,658,0,748,1,59,25,5,90,0
Jharkhand,2005,Kidnap - Total,14. Total (Sum of 1-13 Above),621,9,33,37,0,79,0,621,13,211,318,0,542,0
Karnataka,2005,Kidnap - Total,14. Total (Sum of 1-13 Above),589,39,235,43,0,318,1,597,6,157,107,5,279,4
Kerala,2005,Kidnap - Total,14. Total (Sum of 1-13 Above),226,28,79,16,0,132,9,234,8,38,47,6,102,3
Madhya Pradesh,2005,Kidnap - Total,14. Total (Sum of 1-13 Above),847,163,276,148,3,604,14,847,53,103,68,9,243,10
Maharashtra,2005,Kidnap - Total,14. Total (Sum of 1-13 Above),1194,439,483,44,1,987,20,1336,48,127,128,15,349,31
Manipur,2005,Kidnap - Total,14. Total (Sum of 1-13 Above),106,12,49,8,0,70,1,110,0,16,20,4,40,0
Meghalaya,2005,Kidnap - Total,14. Total (Sum of 1-13 Above),48,10,8,0,0,18,0,48,2,12,16,0,30,0
Mizoram,2005,Kidnap - Total,14. Total (Sum of 1-13 Above),13,0,2,0,3,5,0,13,0,7,1,0,8,0
Nagaland,2005,Kidnap - Total,14. Total (Sum of 1-13 Above),26,0,2,1,0,3,0,32,0,16,12,1,29,0
Odisha,2005,Kidnap - Total,14. Total (Sum of 1-13 Above),641,8,521,11,0,540,0,641,10,77,5,8,101,1
Puducherry,2005,Kidnap - Total,14. Total (Sum of 1-13 Above),6,2,1,0,0,3,0,6,1,0,2,0,3,0
Punjab,2005,Kidnap - Total,14. Total (Sum of 1-13 Above),478,34,283,38,1,361,5,518,7,86,46,5,157,13
Rajasthan,2005,Kidnap - Total,14. Total (Sum of 1-13 Above),1993,108,1169,263,6,1549,3,1993,17,275,140,8,444,4
Sikkim,2005,Kidnap - Total,14. Total (Sum of 1-13 Above),3,1,1,0,0,2,0,3,0,0,0,0,1,1
Tamil Nadu,2005,Kidnap - Total,14. Total (Sum of 1-13 Above),1029,84,599,113,0,797,1,1043,2,167,66,9,246,2
Tripura,2005,Kidnap - Total,14. Total (Sum of 1-13 Above),85,0,41,0,0,43,2,120,2,31,36,6,77,2
Uttar Pradesh,2005,Kidnap - Total,14. Total (Sum of 1-13 Above),2955,615,1308,319,0,2247,5,2955,115,332,221,26,708,14
Uttarakhand,2005,Kidnap - Total,14. Total (Sum of 1-13 Above),203,49,73,3,0,125,0,204,0,69,8,0,79,2
West Bengal,2005,Kidnap - Total,14. Total (Sum of 1-13 Above),1207,97,888,51,0,1039,3,1207,0,153,12,1,168,2
Andaman & Nicobar Islands,2006,Kidnap - Total,14. Total (Sum of 1-13 Above),5,4,1,0,0,5,0,5,0,0,0,0,0,0
Andhra Pradesh,2006,Kidnap - Total,14. Total (Sum of 1-13 Above),2030,418,794,85,2,1332,33,2063,31,389,287,8,731,16
Arunachal Pradesh,2006,Kidnap - Total,14. Total (Sum of 1-13 Above),75,27,24,0,0,51,0,75,0,19,5,0,24,0
Assam,2006,Kidnap - Total,14. Total (Sum of 1-13 Above),1825,25,1258,261,0,1544,0,1825,0,213,68,0,281,0
Bihar,2006,Kidnap - Total,14. Total (Sum of 1-13 Above),2619,5,814,265,0,1084,0,2619,18,1151,236,128,1535,2
Chandigarh,2006,Kidnap - Total,14. Total (Sum of 1-13 Above),65,37,16,1,0,58,4,66,1,3,2,0,8,2
Chhattisgarh,2006,Kidnap - Total,14. Total (Sum of 1-13 Above),239,86,80,8,0,178,4,239,17,21,15,2,61,6
Dadra & Nagar Haveli,2006,Kidnap - Total,14. Total (Sum of 1-13 Above),18,8,5,1,0,14,0,19,0,2,0,0,5,3
Daman & Diu,2006,Kidnap - Total,14. Total (Sum of 1-13 Above),3,1,0,1,0,2,0,5,0,0,3,0,3,0
Delhi,2006,Kidnap - Total,14. Total (Sum of 1-13 Above),1442,695,217,20,0,1046,114,1452,179,66,35,0,406,126
Goa,2006,Kidnap - Total,14. Total (Sum of 1-13 Above),16,9,3,0,0,12,0,19,2,2,3,0,7,0
Gujarat,2006,Kidnap - Total,14. Total (Sum of 1-13 Above),1128,333,529,77,0,952,13,1138,27,89,45,5,186,20
Haryana,2006,Kidnap - Total,14. Total (Sum of 1-13 Above),635,147,318,9,2,480,4,642,15,90,44,8,162,5
Himachal Pradesh,2006,Kidnap - Total,14. Total (Sum of 1-13 Above),130,52,47,8,0,108,1,131,3,9,7,1,23,3
Jammu & Kashmir,2006,Kidnap - Total,14. Total (Sum of 1-13 Above),789,70,501,153,0,725,1,798,0,34,36,2,73,1
Jharkhand,2006,Kidnap - Total,14. Total (Sum of 1-13 Above),635,137,122,42,0,301,0,491,40,107,38,0,190,5
Karnataka,2006,Kidnap - Total,14. Total (Sum of 1-13 Above),563,53,223,34,2,315,3,635,11,193,95,16,320,5
Kerala,2006,Kidnap - Total,14. Total (Sum of 1-13 Above),294,53,132,15,1,209,8,301,7,39,31,9,92,6
Madhya Pradesh,2006,Kidnap - Total,14. Total (Sum of 1-13 Above),808,189,372,51,0,619,7,810,33,87,58,5,191,8
Maharashtra,2006,Kidnap - Total,14. Total (Sum of 1-13 Above),1261,576,412,51,1,1084,44,1444,93,124,99,12,360,32
Manipur,2006,Kidnap - Total,14. Total (Sum of 1-13 Above),130,30,43,6,0,79,0,134,4,18,31,0,55,2
Meghalaya,2006,Kidnap - Total,14. Total (Sum of 1-13 Above),57,19,18,0,0,38,1,58,3,4,12,0,20,1
Mizoram,2006,Kidnap - Total,14. Total (Sum of 1-13 Above),6,0,1,0,0,1,0,5,2,2,0,0,4,0
Nagaland,2006,Kidnap - Total,14. Total (Sum of 1-13 Above),31,2,1,0,0,5,2,33,1,16,8,3,28,0
Odisha,2006,Kidnap - Total,14. Total (Sum of 1-13 Above),704,72,469,36,0,577,0,704,7,101,11,8,127,0
Puducherry,2006,Kidnap - Total,14. Total (Sum of 1-13 Above),18,9,1,1,0,13,2,18,0,1,1,1,5,2
Punjab,2006,Kidnap - Total,14. Total (Sum of 1-13 Above),591,124,279,9,0,419,7,613,20,96,49,9,194,20
Rajasthan,2006,Kidnap - Total,14. Total (Sum of 1-13 Above),1970,326,914,273,35,1553,5,1970,54,180,154,22,417,7
Sikkim,2006,Kidnap - Total,14. Total (Sum of 1-13 Above),8,5,2,0,0,7,0,8,1,0,0,0,1,0
Tamil Nadu,2006,Kidnap - Total,14. Total (Sum of 1-13 Above),906,108,579,46,2,737,2,923,10,96,63,13,186,4
Tripura,2006,Kidnap - Total,14. Total (Sum of 1-13 Above),105,0,57,4,1,62,0,131,0,49,15,5,69,0
Uttar Pradesh,2006,Kidnap - Total,14. Total (Sum of 1-13 Above),3318,660,1460,433,0,2554,1,3350,57,447,257,19,796,16
Uttarakhand,2006,Kidnap - Total,14. Total (Sum of 1-13 Above),212,16,158,10,0,184,0,213,0,26,1,0,29,2
West Bengal,2006,Kidnap - Total,14. Total (Sum of 1-13 Above),1355,144,1026,24,0,1199,5,1355,3,132,16,1,156,4
Andaman & Nicobar Islands,2007,Kidnap - Total,14. Total (Sum of 1-13 Above),12,6,3,1,0,10,0,13,2,0,1,0,3,0
Andhra Pradesh,2007,Kidnap - Total,14. Total (Sum of 1-13 Above),2097,506,804,210,17,1568,31,2101,33,281,150,29,533,40
Arunachal Pradesh,2007,Kidnap - Total,14. Total (Sum of 1-13 Above),68,3,41,0,0,44,0,68,0,13,11,0,24,0
Assam,2007,Kidnap - Total,14. Total (Sum of 1-13 Above),1971,29,846,667,0,1542,0,1971,0,305,124,0,429,0
Bihar,2007,Kidnap - Total,14. Total (Sum of 1-13 Above),2530,308,881,68,0,1262,5,2530,120,931,191,8,1268,18
Chandigarh,2007,Kidnap - Total,14. Total (Sum of 1-13 Above),52,34,10,1,0,46,1,54,1,4,1,0,8,2
Chhattisgarh,2007,Kidnap - Total,14. Total (Sum of 1-13 Above),244,81,56,39,0,182,6,244,8,26,20,0,62,8
Dadra & Nagar Haveli,2007,Kidnap - Total,14. Total (Sum of 1-13 Above),9,5,1,0,0,6,0,9,0,0,2,0,3,1
Daman & Diu,2007,Kidnap - Total,14. Total (Sum of 1-13 Above),1,0,1,0,0,1,0,1,0,0,0,0,0,0
Delhi,2007,Kidnap - Total,14. Total (Sum of 1-13 Above),1688,587,451,26,0,1218,154,1768,158,63,61,6,550,262
Goa,2007,Kidnap - Total,14. Total (Sum of 1-13 Above),12,5,2,0,0,7,0,12,2,2,1,0,5,0
Gujarat,2007,Kidnap - Total,14. Total (Sum of 1-13 Above),1312,395,576,85,2,1071,13,1327,29,139,61,7,256,20
Haryana,2007,Kidnap - Total,14. Total (Sum of 1-13 Above),801,49,501,13,0,572,9,803,30,20,155,7,231,19
Himachal Pradesh,2007,Kidnap - Total,14. Total (Sum of 1-13 Above),171,87,62,6,0,156,1,173,5,4,6,0,17,2
Jammu & Kashmir,2007,Kidnap - Total,14. Total (Sum of 1-13 Above),758,8,585,127,0,720,0,772,0,28,24,0,52,0
Jharkhand,2007,Kidnap - Total,14. Total (Sum of 1-13 Above),762,12,334,71,0,417,0,762,40,191,100,11,345,3
Karnataka,2007,Kidnap - Total,14. Total (Sum of 1-13 Above),680,79,284,26,2,397,6,721,10,188,102,14,324,10
Kerala,2007,Kidnap - Total,14. Total (Sum of 1-13 Above),255,58,102,13,0,181,8,262,4,32,28,11,81,6
Madhya Pradesh,2007,Kidnap - Total,14. Total (Sum of 1-13 Above),922,234,409,41,1,706,21,959,30,132,63,9,253,19
Maharashtra,2007,Kidnap - Total,14. Total (Sum of 1-13 Above),1312,595,429,26,3,1090,37,1448,71,130,98,15,358,44
Manipur,2007,Kidnap - Total,14. Total (Sum of 1-13 Above),150,42,39,7,0,92,4,196,4,38,51,9,104,2
Meghalaya,2007,Kidnap - Total,14. Total (Sum of 1-13 Above),52,7,15,0,0,22,0,52,1,19,9,0,30,1
Mizoram,2007,Kidnap - Total,14. Total (Sum of 1-13 Above),4,0,2,0,0,2,0,4,0,2,0,0,2,0
Nagaland,2007,Kidnap - Total,14. Total (Sum of 1-13 Above),17,2,2,2,0,8,2,17,0,3,6,0,9,0
Odisha,2007,Kidnap - Total,14. Total (Sum of 1-13 Above),801,58,525,53,4,640,0,804,10,121,33,0,164,0
Puducherry,2007,Kidnap - Total,14. Total (Sum of 1-13 Above),20,9,4,0,0,14,1,20,1,2,2,0,6,1
Punjab,2007,Kidnap - Total,14. Total (Sum of 1-13 Above),760,253,305,9,2,579,10,790,21,95,72,9,211,14
Rajasthan,2007,Kidnap - Total,14. Total (Sum of 1-13 Above),2177,487,927,254,12,1694,14,2177,70,244,135,16,483,18
Sikkim,2007,Kidnap - Total,14. Total (Sum of 1-13 Above),9,7,1,0,0,9,1,9,0,0,0,0,0,0
Tamil Nadu,2007,Kidnap - Total,14. Total (Sum of 1-13 Above),1270,196,826,86,0,1118,10,1283,5,73,72,9,165,6
Tripura,2007,Kidnap - Total,14. Total (Sum of 1-13 Above),113,11,56,14,0,81,0,146,0,34,28,3,65,0
Uttar Pradesh,2007,Kidnap - Total,14. Total (Sum of 1-13 Above),4478,844,2064,455,0,3363,0,4481,191,554,334,33,1118,6
Uttarakhand,2007,Kidnap - Total,14. Total (Sum of 1-13 Above),253,37,145,45,0,227,0,253,8,13,3,1,26,1
West Bengal,2007,Kidnap - Total,14. Total (Sum of 1-13 Above),1800,69,1476,91,5,1645,4,1800,9,115,24,1,155,6
Andaman & Nicobar Islands,2008,Kidnap - Total,14. Total (Sum of 1-13 Above),17,9,1,2,0,12,0,17,3,0,2,0,5,0
Andhra Pradesh,2008,Kidnap - Total,14. Total (Sum of 1-13 Above),1970,375,875,129,5,1399,15,1981,32,322,185,32,582,11
Arunachal Pradesh,2008,Kidnap - Total,14. Total (Sum of 1-13 Above),79,15,30,2,0,47,0,79,0,16,15,1,32,0
Assam,2008,Kidnap - Total,14. Total (Sum of 1-13 Above),2239,6,1046,736,0,1789,1,2239,0,329,116,5,450,0
Bihar,2008,Kidnap - Total,14. Total (Sum of 1-13 Above),3047,369,1368,46,2,1789,4,3047,106,910,209,16,1258,17
Chandigarh,2008,Kidnap - Total,14. Total (Sum of 1-13 Above),50,32,9,0,0,43,2,53,1,6,0,1,10,2
Chhattisgarh,2008,Kidnap - Total,14. Total (Sum of 1-13 Above),273,74,108,47,0,234,5,273,14,18,4,0,39,3
Dadra & Nagar Haveli,2008,Kidnap - Total,14. Total (Sum of 1-13 Above),17,9,1,0,0,11,1,17,0,2,2,1,6,1
Daman & Diu,2008,Kidnap - Total,14. Total (Sum of 1-13 Above),4,0,0,0,0,0,0,4,0,4,0,0,4,0
Delhi,2008,Kidnap - Total,14. Total (Sum of 1-13 Above),1567,764,232,7,2,1142,137,1597,168,93,30,3,455,161
Goa,2008,Kidnap - Total,14. Total (Sum of 1-13 Above),36,21,6,1,0,32,4,40,1,2,3,1,8,1
Gujarat,2008,Kidnap - Total,14. Total (Sum of 1-13 Above),1323,462,530,65,0,1073,16,1338,31,142,73,2,265,17
Haryana,2008,Kidnap - Total,14. Total (Sum of 1-13 Above),854,66,565,38,2,673,2,870,24,108,47,6,197,12
Himachal Pradesh,2008,Kidnap - Total,14. Total (Sum of 1-13 Above),151,82,53,3,0,140,2,155,4,7,3,0,15,1
Jammu & Kashmir,2008,Kidnap - Total,14. Total (Sum of 1-13 Above),704,0,569,93,0,663,1,709,1,36,8,0,46,1
Jharkhand,2008,Kidnap - Total,14. Total (Sum of 1-13 Above),792,43,362,26,0,431,0,792,25,229,96,5,361,6
Karnataka,2008,Kidnap - Total,14. Total (Sum of 1-13 Above),758,90,353,33,3,488,9,777,3,172,90,13,289,11
Kerala,2008,Kidnap - Total,14. Total (Sum of 1-13 Above),253,69,77,15,1,167,5,257,11,39,34,4,90,2
Lakshadweep,2008,Kidnap - Total,14. Total (Sum of 1-13 Above),1,0,1,0,0,1,0,1,0,0,0,0,0,0
Madhya Pradesh,2008,Kidnap - Total,14. Total (Sum of 1-13 Above),929,219,484,33,0,743,7,946,24,100,60,5,203,14
Maharashtra,2008,Kidnap - Total,14. Total (Sum of 1-13 Above),1379,565,420,66,2,1078,25,1465,68,155,107,13,387,44
Manipur,2008,Kidnap - Total,14. Total (Sum of 1-13 Above),176,54,58,8,0,121,1,237,30,25,41,17,116,3
Meghalaya,2008,Kidnap - Total,14. Total (Sum of 1-13 Above),56,14,12,2,0,28,0,56,7,12,9,0,28,0
Mizoram,2008,Kidnap - Total,14. Total (Sum of 1-13 Above),9,0,1,0,0,3,2,9,0,5,1,0,6,0
Nagaland,2008,Kidnap - Total,14. Total (Sum of 1-13 Above),44,3,4,1,0,8,0,44,0,14,15,7,36,0
Odisha,2008,Kidnap - Total,14. Total (Sum of 1-13 Above),908,6,599,155,1,762,1,908,4,98,36,7,146,1
Puducherry,2008,Kidnap - Total,14. Total (Sum of 1-13 Above),17,9,0,0,0,9,0,17,1,1,1,1,8,4
Punjab,2008,Kidnap - Total,14. Total (Sum of 1-13 Above),718,152,360,27,1,552,12,733,9,95,54,8,181,15
Rajasthan,2008,Kidnap - Total,14. Total (Sum of 1-13 Above),2358,432,1195,205,21,1865,12,2364,48,268,153,18,499,12
Sikkim,2008,Kidnap - Total,14. Total (Sum of 1-13 Above),4,4,1,0,0,5,0,5,0,0,0,0,0,0
Tamil Nadu,2008,Kidnap - Total,14. Total (Sum of 1-13 Above),1375,261,796,116,2,1180,5,1387,8,67,114,11,207,7
Tripura,2008,Kidnap - Total,14. Total (Sum of 1-13 Above),146,29,80,1,0,110,0,162,6,20,20,4,52,2
Uttar Pradesh,2008,Kidnap - Total,14. Total (Sum of 1-13 Above),5428,1977,2059,401,0,4439,2,5430,237,527,209,10,991,8
Uttarakhand,2008,Kidnap - Total,14. Total (Sum of 1-13 Above),247,20,168,35,0,223,0,248,7,12,5,0,25,1
West Bengal,2008,Kidnap - Total,14. Total (Sum of 1-13 Above),2332,89,1782,41,0,1913,1,2338,106,285,34,0,425,0
Andaman & Nicobar Islands,2009,Kidnap - Total,14. Total (Sum of 1-13 Above),16,8,5,1,0,16,2,19,0,1,1,0,3,1
Andhra Pradesh,2009,Kidnap - Total,14. Total (Sum of 1-13 Above),1958,523,824,84,3,1460,26,1965,57,197,199,26,505,26
Arunachal Pradesh,2009,Kidnap - Total,14. Total (Sum of 1-13 Above),62,8,18,0,0,28,2,62,7,20,7,0,34,0
Assam,2009,Kidnap - Total,14. Total (Sum of 1-13 Above),2718,5,1207,880,0,2092,0,2718,0,392,232,2,626,0
Bihar,2009,Kidnap - Total,14. Total (Sum of 1-13 Above),3222,451,1385,61,0,1905,8,3240,241,886,182,4,1335,22
Chandigarh,2009,Kidnap - Total,14. Total (Sum of 1-13 Above),40,25,9,1,0,37,2,42,1,1,1,0,5,2
Chhattisgarh,2009,Kidnap - Total,14. Total (Sum of 1-13 Above),286,64,45,43,0,181,29,286,27,40,37,0,105,1
Dadra & Nagar Haveli,2009,Kidnap - Total,14. Total (Sum of 1-13 Above),12,7,2,0,0,9,0,12,0,1,1,0,3,1
Delhi,2009,Kidnap - Total,14. Total (Sum of 1-13 Above),2536,1340,104,64,0,1684,176,2670,484,83,49,4,986,366
Goa,2009,Kidnap - Total,14. Total (Sum of 1-13 Above),33,14,4,0,0,22,4,34,1,7,1,0,12,3
Gujarat,2009,Kidnap - Total,14. Total (Sum of 1-13 Above),1348,412,607,60,0,1097,18,1353,55,113,65,3,256,20
Haryana,2009,Kidnap - Total,14. Total (Sum of 1-13 Above),916,123,497,36,29,689,4,916,15,128,73,4,227,7
Himachal Pradesh,2009,Kidnap - Total,14. Total (Sum of 1-13 Above),150,83,35,3,0,121,0,153,3,14,12,1,32,2
Jammu & Kashmir,2009,Kidnap - Total,14. Total (Sum of 1-13 Above),873,131,611,96,0,838,0,880,3,26,13,0,42,0
Jharkhand,2009,Kidnap - Total,14. Total (Sum of 1-13 Above),827,24,373,119,1,517,0,827,0,186,120,1,310,3
Karnataka,2009,Kidnap - Total,14. Total (Sum of 1-13 Above),892,27,461,77,0,579,14,902,28,164,113,8,323,10
Kerala,2009,Kidnap - Total,14. Total (Sum of 1-13 Above),256,73,92,8,1,178,4,261,5,35,31,7,83,5
Madhya Pradesh,2009,Kidnap - Total,14. Total (Sum of 1-13 Above),1036,367,418,40,1,841,15,1065,37,102,65,7,224,13
Maharashtra,2009,Kidnap - Total,14. Total (Sum of 1-13 Above),1286,567,371,50,2,1031,41,1401,60,152,113,18,370,27
Manipur,2009,Kidnap - Total,14. Total (Sum of 1-13 Above),159,48,49,4,0,102,1,175,6,20,26,21,73,0
Meghalaya,2009,Kidnap - Total,14. Total (Sum of 1-13 Above),56,8,16,1,0,25,0,57,1,18,10,3,32,0
Mizoram,2009,Kidnap - Total,14. Total (Sum of 1-13 Above),9,0,1,0,0,2,1,9,0,6,1,0,7,0
Nagaland,2009,Kidnap - Total,14. Total (Sum of 1-13 Above),52,0,5,2,0,7,0,52,0,19,25,1,45,0
Odisha,2009,Kidnap - Total,14. Total (Sum of 1-13 Above),930,46,675,45,5,772,1,931,1,129,23,4,159,2
Puducherry,2009,Kidnap - Total,14. Total (Sum of 1-13 Above),18,9,2,1,0,13,1,18,0,3,1,0,5,1
Punjab,2009,Kidnap - Total,14. Total (Sum of 1-13 Above),692,314,188,18,0,537,17,714,17,77,60,8,177,15
Rajasthan,2009,Kidnap - Total,14. Total (Sum of 1-13 Above),2870,644,1369,271,10,2316,22,2884,81,289,163,17,568,18
Sikkim,2009,Kidnap - Total,14. Total (Sum of 1-13 Above),6,7,1,0,0,8,0,8,0,0,0,0,0,0
Tamil Nadu,2009,Kidnap - Total,14. Total (Sum of 1-13 Above),1372,281,765,81,2,1132,3,1392,11,122,100,20,260,7
Tripura,2009,Kidnap - Total,14. Total (Sum of 1-13 Above),121,14,71,7,0,92,0,121,0,21,8,0,29,0
Uttar Pradesh,2009,Kidnap - Total,14. Total (Sum of 1-13 Above),6083,1317,3122,633,0,5078,6,6083,203,501,275,17,1005,9
Uttarakhand,2009,Kidnap - Total,14. Total (Sum of 1-13 Above),275,8,209,30,0,247,0,275,2,21,5,0,28,0
West Bengal,2009,Kidnap - Total,14. Total (Sum of 1-13 Above),2750,170,1997,351,0,2531,13,2779,33,125,52,28,248,10
Andaman & Nicobar Islands,2010,Kidnap - Total,14. Total (Sum of 1-13 Above),10,8,0,0,0,8,0,10,1,0,1,0,2,0
Andhra Pradesh,2010,Kidnap - Total,14. Total (Sum of 1-13 Above),2053,493,749,240,10,1531,39,2053,34,283,177,13,522,15
Arunachal Pradesh,2010,Kidnap - Total,14. Total (Sum of 1-13 Above),67,5,34,7,0,46,0,67,0,17,4,0,21,0
Assam,2010,Kidnap - Total,14. Total (Sum of 1-13 Above),3250,17,2168,582,0,2767,0,3250,0,325,158,0,483,0
Bihar,2010,Kidnap - Total,14. Total (Sum of 1-13 Above),3674,1165,1312,91,0,2569,1,3683,170,817,103,1,1114,23
Chandigarh,2010,Kidnap - Total,14. Total (Sum of 1-13 Above),38,19,8,0,0,28,1,38,0,6,1,0,10,3
Chhattisgarh,2010,Kidnap - Total,14. Total (Sum of 1-13 Above),359,145,115,12,0,279,7,359,29,28,17,1,80,5
Dadra & Nagar Haveli,2010,Kidnap - Total,14. Total (Sum of 1-13 Above),18,9,1,1,0,11,0,18,1,3,3,0,7,0
Daman & Diu,2010,Kidnap - Total,14. Total (Sum of 1-13 Above),2,0,0,0,0,0,0,2,1,1,0,0,2,0
Delhi,2010,Kidnap - Total,14. Total (Sum of 1-13 Above),3208,1502,113,14,0,1805,176,3565,1289,59,44,3,1760,365
Goa,2010,Kidnap - Total,14. Total (Sum of 1-13 Above),25,12,4,2,0,18,0,27,0,3,4,0,9,2
Gujarat,2010,Kidnap - Total,14. Total (Sum of 1-13 Above),1447,526,616,51,7,1208,8,1450,21,125,80,4,242,12
Haryana,2010,Kidnap - Total,14. Total (Sum of 1-13 Above),963,89,576,61,0,732,6,969,23,138,58,7,237,11
Himachal Pradesh,2010,Kidnap - Total,14. Total (Sum of 1-13 Above),194,68,82,15,1,166,0,200,13,8,6,2,34,5
Jammu & Kashmir,2010,Kidnap - Total,14. Total (Sum of 1-13 Above),896,4,702,138,1,846,1,896,0,33,15,2,50,0
Jharkhand,2010,Kidnap - Total,14. Total (Sum of 1-13 Above),978,13,589,94,0,696,0,978,4,195,80,2,282,1
Karnataka,2010,Kidnap - Total,14. Total (Sum of 1-13 Above),1374,120,623,44,28,825,10,1441,8,483,87,19,616,19
Kerala,2010,Kidnap - Total,14. Total (Sum of 1-13 Above),261,97,81,6,0,190,6,270,11,20,37,6,80,6
Madhya Pradesh,2010,Kidnap - Total,14. Total (Sum of 1-13 Above),1187,409,590,34,0,1043,10,1207,28,82,37,7,164,10
Maharashtra,2010,Kidnap - Total,14. Total (Sum of 1-13 Above),1508,718,398,56,2,1216,42,1603,51,166,111,22,387,37
Manipur,2010,Kidnap - Total,14. Total (Sum of 1-13 Above),199,56,53,9,5,124,1,231,11,30,46,19,107,1
Meghalaya,2010,Kidnap - Total,14. Total (Sum of 1-13 Above),71,9,9,3,0,24,3,76,5,34,10,0,52,3
Mizoram,2010,Kidnap - Total,14. Total (Sum of 1-13 Above),9,0,1,0,0,1,0,9,0,4,4,0,8,0
Nagaland,2010,Kidnap - Total,14. Total (Sum of 1-13 Above),50,4,4,0,0,9,1,50,6,15,17,1,41,2
Odisha,2010,Kidnap - Total,14. Total (Sum of 1-13 Above),1016,53,822,36,0,912,1,1016,0,76,27,0,104,1
Puducherry,2010,Kidnap - Total,14. Total (Sum of 1-13 Above),17,7,6,0,0,16,3,20,0,1,1,0,4,2
Punjab,2010,Kidnap - Total,14. Total (Sum of 1-13 Above),789,339,253,3,1,600,4,799,17,84,63,5,199,30
Rajasthan,2010,Kidnap - Total,14. Total (Sum of 1-13 Above),2985,700,1390,315,8,2432,19,2998,66,289,174,25,566,12
Sikkim,2010,Kidnap - Total,14. Total (Sum of 1-13 Above),6,6,0,0,0,6,0,7,0,1,0,0,1,0
Tamil Nadu,2010,Kidnap - Total,14. Total (Sum of 1-13 Above),1720,472,874,103,5,1467,13,1726,7,89,145,11,259,7
Tripura,2010,Kidnap - Total,14. Total (Sum of 1-13 Above),114,19,57,18,0,94,0,130,2,17,15,1,36,1
Uttar Pradesh,2010,Kidnap - Total,14. Total (Sum of 1-13 Above),6321,1075,3682,699,0,5468,12,6323,107,460,247,10,855,31
Uttarakhand,2010,Kidnap - Total,14. Total (Sum of 1-13 Above),286,1,217,31,0,249,0,286,8,25,4,0,37,0
West Bengal,2010,Kidnap - Total,14. Total (Sum of 1-13 Above),3345,261,1573,840,98,2786,14,3391,47,284,229,35,605,10